tree
version=v4
num_class=1
num_tree_per_iteration=1
label_index=0
max_feature_idx=12
objective=binary sigmoid:1
feature_names=Column_0 Column_1 Column_2 Column_3 Column_4 Column_5 Column_6 Column_7 Column_8 Column_9 Column_10 Column_11 Column_12
feature_infos=[0:100] [0:100] [0:100] [0:100] [0:1] [0:1] [5.5045871734619141:100] [22.727272033691406:100] [0:1] [0:8] [0:1] [0:1] [1:36]
tree_sizes=3362 3433 3395 3419 3409 3436 3422 3414 3430 3431 3433 3454 3439 3453 3434 3461 3456 3465 3466 3456 3475 3457 3458 3453 3447 3467 3453 3451 3451 3447 3447 3463 3443 3459 3486 3510 3467 3438 3451 3444 3448 3462 3454 3488 3454 3479 3442 3444 3477 3463 3468 3451 3469 3475 3486 3462 3466 3457 3463 3461 3474 3458 3444 3474 3472 3467 3458 3484 3474 3474 3461 3460 3489 3463 3470 3474 3481 3488 3507 3480 3448 3451 3487 3495 3487 3484 3450 3461 3487 3464 3465 3468 3447 3445 3444 3484 3462 3448 3462 3444 3452 3443 3469 3461 3476 3462 3429 3474 3479 3457 3473 3432 3460 3434 3452 3442 3468 3456 3459 3479 3444 3443 3481 3441 3490 3452 3471 3440 3479 3500 3424 3462 3483 3441 3452 3488 3438 3446 3428 3444 3443 3482 3473 3451 3459 3445 3450 3425 3477 3454 3439 3445 3458 3414 3451 3426 3424 3441 3447 3459 3436 3421 3408 3443 3438 3467 3476 3478 3438 3454 3468 3451 3442 3464 3482 3449 3466 3441 3478 3464 3434 3423 3469 3451 3425 3485 3444 3447 3426 3448 3433 3437 3487 3439 3480 3415 3474 3457 3443 3463

Tree=0
num_leaves=31
num_cat=0
split_feature=6 2 1 6 6 12 5 6 11 2 11 12 5 11 12 6 5 5 3 7 2 1 11 7 11 2 6 12 10 7
split_gain=396746 10852.5 8279.57 13335.4 2390.36 2045.15 1038.08 3610.33 920.404 796.175 1553.95 729.868 700.604 505.526 406.568 334.444 282.017 435.499 232.301 194.479 519.793 189.819 185.547 173.79 156.703 400.98 297.509 137.164 210.016 128.253
threshold=71.148777008056655 62.801120758056648 90.521114349365249 49.890829086303718 90.34647369384767 13.500000000000002 0.61250001192092907 49.890829086303718 1.0000000180025095e-35 75.582656860351577 1.0000000180025095e-35 4.5000000000000009 0.47222222387790685 1.0000000180025095e-35 4.5000000000000009 58.079877853393562 0.10555555671453477 0.38750000298023229 22.792207717895511 68.013607025146499 84.924243927001967 83.910789489746108 1.0000000180025095e-35 92.805229187011733 1.0000000180025095e-35 85.145786285400405 78.817016601562514 6.5000000000000009 1.0000000180025095e-35 57.705213546752937
decision_type=2 2 2 2 2 2 2 2 2 2 2 2 2 2 2 2 2 2 2 2 2 2 2 2 2 2 2 2 2 2
left_child=2 4 5 29 12 6 19 -8 -9 10 11 16 23 -5 18 -15 -3 -18 -6 -1 27 -12 -22 -2 -11 26 -26 -21 -29 -4
right_child=1 9 3 13 14 -7 7 8 -10 24 21 -13 -14 15 -16 -17 17 -19 -20 20 22 -23 -24 -25 25 -27 -28 28 -30 -31
leaf_value=-1.9936287275505638 -1.9633643048067813 -1.4096499539306691 -1.9916209072604931 -1.4176789674435295 -1.4683488925455426 -1.3922359460461657 -1.9925403410911016 -1.5210360969216965 -1.9132545737023403 -1.370801053348081 -1.9184281791184523 -1.3857241626161334 -1.4094226241643253 -1.9272122473703341 -1.4540981924838734 -1.4809692184348515 -1.9367069760112772 -1.3968206479865719 -1.795119806091632 -1.9776018884048014 -1.3996955332005769 -1.4203283089010879 -1.8719981040727911 -1.5558568513144961 -1.900235231037237 -1.3918012875769596 -1.4924873324560983 -1.9787671094881463 -1.4477845222348384 -1.5953910024650033
leaf_weight=43748.317053258419 200.42970076203346 13.996487483382223 573.07218351960182 323.48681871592999 14.892262682318686 27.881003066897392 558.40386463701725 121.60148325562477 38.630305454134941 5425.7103799581528 39.414108753204346 295.94173134863377 12.316908985376356 16.571841180324554 84.538784399628639 16.347897380590439 25.305649369955063 10.301414787769316 37.510586455464363 170.98109109699726 11.645077586174013 4.1429602950811377 6.2704263925552359 5.2626792937517157 13.324656084179876 271.64382907748222 25.641565069556236 8.7338081896305066 6.2704263925552359 4.0309883952140799
leaf_count=390708 1790 125 5118 2889 133 249 4987 1086 345 48456 352 2643 110 148 755 146 226 92 335 1527 104 37 56 47 119 2426 229 78 56 36
internal_value=-1.91448 -1.40195 -1.98726 -1.78094 -1.77826 -1.99157 -1.99195 -1.90849 -1.6156 -1.38014 -1.47704 -1.42737 -1.92223 -1.44427 -1.54906 -1.70561 -1.67587 -1.78051 -1.70226 -1.99331 -1.92511 -1.87105 -1.565 -1.95294 -1.37357 -1.42192 -1.63192 -1.95979 -1.75686 -1.98885
internal_weight=52112.6 6480.37 45632.2 933.51 354.951 44698.7 44670.9 718.636 160.232 6125.42 389.102 345.545 218.009 356.407 136.942 32.9197 49.6036 35.6071 52.4028 43952.2 203.901 43.5571 17.9155 205.692 5736.32 310.61 38.9662 185.985 15.0042 577.103
internal_count=465408 57875 407533 8337 3170 399196 398947 6418 1431 54705 3475 3086 1947 3183 1223 294 443 318 468 392529 1821 389 160 1837 51230 2774 348 1661 134 5154
is_linear=0
shrinkage=1


Tree=1
num_leaves=31
num_cat=0
split_feature=6 1 6 2 8 5 6 8 2 11 11 5 5 12 7 11 7 2 10 1 6 2 1 11 12 11 5 12 11 6
split_gain=251399 6056.63 8630.03 5178.92 1615.37 926.212 2209.41 531.753 1593.79 440.149 349.471 345.477 306.471 239.735 182.237 159.135 122.563 97.3863 95.1619 94.5565 93.9143 799.663 260.646 229.925 147.147 144.981 112.705 109.453 78.8535 74.1878
threshold=68.996032714843764 88.273490905761733 49.890829086303718 59.611795425415046 0.55902779102325451 0.63068181276321422 49.890829086303718 0.29520697891712194 79.431911468505874 1.0000000180025095e-35 1.0000000180025095e-35 0.47222222387790685 0.47222222387790685 13.500000000000002 62.554347991943366 1.0000000180025095e-35 85.794998168945327 89.825496673583999 1.0000000180025095e-35 24.316333770751957 49.890829086303718 91.734970092773452 82.793453216552749 1.0000000180025095e-35 6.5000000000000009 1.0000000180025095e-35 0.43650794029235845 7.5000000000000009 1.0000000180025095e-35 59.711856842041023
decision_type=2 2 2 2 2 2 2 2 2 2 2 2 2 2 2 2 2 2 2 2 2 2 2 2 2 2 2 2 2 2
left_child=1 5 18 4 12 13 -7 8 11 17 -4 -5 16 20 -12 -13 -2 -8 -3 -18 -1 22 26 24 29 -24 -22 -28 -29 -23
right_child=3 2 10 7 -6 6 9 -9 -10 -11 14 15 -14 -15 -16 -17 19 -19 -20 -21 21 23 25 -25 -26 -27 27 28 -30 -31
leaf_value=-0.079514693618870244 -0.057214822678643265 -0.077390328849870405 0.32202855028379984 -0.036363803327414693 0.28833607715068676 -0.076899281010465045 0.1179233010199066 0.34372085374876554 0.33332740120125537 -0.012117433409028341 -0.014564369887541747 0.33676355152983029 0.35660852162446688 0.28780460445839412 0.28416599908539608 0.04717594175851586 0.30695171556564516 0.29401060727248179 0.15804608169864337 0.018839752150608773 -0.077537775515894636 0.033414020096588649 0.18974468818784901 -0.042902944128463003 0.26462229484912098 -0.07957031446718528 -0.051660313675124761 0.1283566619962529 -0.0621374221620885 0.40786063485891916
leaf_weight=36079.985027067363 219.74949387460947 705.47897832840681 459.32133749127388 80.547498725354671 118.04201037436724 423.42053391039371 17.560806304216385 8362.1321088597178 461.81633801013231 32.837586715817451 24.136798329651356 22.783093258738518 9.9468140900135023 8.7686350941658002 17.092173904180527 15.709763936698435 7.7171305194497135 124.49584487080574 8.5137682557106 20.171154744923115 4738.6485189348459 28.486952088773254 28.529572337865829 30.522130817174911 45.482236459851265 14.915085151791571 250.99655193090439 31.559160649776459 16.069204516708851 2.8522703275084487
leaf_count=341976 2004 6670 2968 688 817 4010 119 51982 2906 293 207 145 64 55 124 130 60 839 77 168 44882 269 263 288 420 141 2377 291 152 23
internal_value=-0.00115122 -0.0724478 0.0816508 0.328527 0.0738999 -0.0769173 0.00955231 0.339222 0.274458 0.218852 0.304505 0.0460737 -0.0243687 -0.0781707 0.109279 0.218577 -0.0396713 0.272243 -0.0745829 0.0985649 -0.0782484 -0.0694422 -0.0734369 0.119628 0.184204 0.0972855 -0.0749093 -0.0331996 0.0640864 0.0674935
internal_weight=52408.3 43089.7 1214.54 9318.62 375.627 41875.1 598.315 8942.99 580.857 174.894 500.55 119.04 257.585 41276.8 41.229 38.4929 247.638 142.057 713.993 27.8883 41268 5188.06 5080.72 107.344 76.8215 43.4447 5037.27 298.625 47.6284 31.3392
internal_count=465408 406444 10046 58964 3113 396398 5261 55851 3869 1251 3299 963 2296 391137 331 275 2232 958 6747 228 391082 49106 48106 1000 712 404 47702 2820 443 292
is_linear=0
shrinkage=0.07


Tree=2
num_leaves=31
num_cat=0
split_feature=6 1 6 2 8 5 6 5 2 8 2 12 12 1 7 8 3 6 7 2 6 5 6 2 5 12 12 5 12 5
split_gain=188958 4808.16 6262.55 3787.42 1966.74 667.391 1384.67 395.262 225.578 212.525 484.39 142.141 141.9 124.133 123.216 86.0589 82.0056 109.095 79.4569 77.8886 418.336 199.422 69.2628 528.255 172.748 132.818 125.251 65.1581 62.5211 62.4807
threshold=66.866264343261733 87.20676422119142 49.890829086303718 65.599384307861342 0.48999999463558203 0.63068181276321422 49.890829086303718 0.47222222387790685 88.047618865966811 0.21807064861059192 84.924243927001967 2.5000000000000004 13.500000000000002 80.901721954345717 49.693204879760749 0.15504807978868487 92.390407562255874 49.890829086303718 83.177082061767592 78.319625854492202 80.170940399169936 0.47222222387790685 49.890829086303718 92.718276977539077 0.43650794029235845 6.5000000000000009 7.5000000000000009 0.70714285969734203 1.5000000000000002 0.31666667759418493
decision_type=2 2 2 2 2 2 2 2 2 2 2 2 2 2 2 2 2 2 2 2 2 2 2 2 2 2 2 2 2 2
left_child=1 5 15 4 7 12 -7 18 -8 10 13 -6 16 -5 -4 -3 22 -18 -2 20 21 -11 -1 24 -24 -25 -26 28 -16 -13
right_child=3 2 14 9 11 6 8 -9 -10 19 -12 29 -14 -15 27 -17 17 -19 -20 -21 -22 -23 23 25 26 -27 -28 -29 -30 -31
leaf_value=-0.078784690879463562 -0.065153091076152539 -0.075293195206777866 0.0089622370951569132 -0.022915464956449028 0.074571541235024186 -0.07611589484120064 -0.005601009308253726 0.21782165902154293 0.2043746408882105 0.013422928639970797 0.26323152940426581 0.21113317880783378 0.21314857517470329 0.21524783807582826 -0.044013361775653938 0.36220760385448231 -0.07880528460307451 0.38890762576403376 0.049119162368805598 0.26478930144976004 0.26036323665183686 0.22397107746088854 -0.07665154602271014 0.0049681239358584633 -0.043884450984821272 0.17405155496106786 0.070167565020846756 0.25053288415876518 0.20589723184857975 0.28385791932905513
leaf_weight=33888.01063708216 277.55277026444674 758.91215842217207 12.000525310635565 49.053095452487469 27.588167294859886 360.02085572481155 30.587981902062893 28.8858702480793 138.97262567281723 53.229911766946316 139.73595796525478 134.24854455888271 8.2259789109230024 13.723549619317053 5.0630405694246283 2.2095131352543822 5.657251909375189 4.3019031435251236 33.40420401096344 9671.9178075641394 692.95736843347549 37.62226540595293 4413.2002197727561 42.012193515896797 263.6680299565196 49.686935618519783 57.464340798556805 408.0810444355011 157.30478550493717 101.76775597035885
leaf_count=341439 2631 7601 94 409 200 3617 238 164 830 401 743 796 44 83 37 19 57 34 271 49935 3639 215 44349 390 2576 399 504 2219 925 549
internal_value=-0.00166782 -0.0720308 0.0581811 0.252034 0.0814297 -0.0764868 0.00156321 -0.0298687 0.166496 0.261694 0.190669 0.224917 -0.0775539 0.0291492 0.23094 -0.0740231 -0.0776157 0.123225 -0.0528775 0.263069 0.241846 0.100612 -0.0776673 -0.0698215 -0.0730446 0.0965855 -0.0234757 0.23561 0.198104 0.242491
internal_weight=51867.1 40605.4 1343.57 11261.7 603.447 39261.8 529.581 339.843 169.561 10658.2 202.513 263.604 38732.2 62.7766 582.449 761.122 38724 9.95916 310.957 10455.7 783.81 90.8522 38714 4826.03 4734.33 91.6991 321.132 570.449 162.368 236.016
internal_count=465408 405372 10895 60036 4611 394477 4685 3066 1068 55425 1235 1545 389792 492 3275 7620 389748 91 2902 54190 4255 616 389657 48218 47429 789 3080 3181 962 1345
is_linear=0
shrinkage=0.07


Tree=3
num_leaves=31
num_cat=0
split_feature=6 1 6 0 6 5 6 3 11 11 11 0 6 6 3 12 7 7 7 6 5 12 3 11 10 7 7 1 11 0
split_gain=152019 4435.24 4882.04 2042.69 1397.4 641.348 1149.77 293.588 248.371 237.888 218.446 645.659 225.253 187.119 171.471 121.213 94.5412 82.3516 79.0516 78.2673 468.581 350.493 136.978 94.8333 94.0106 113.173 77.9633 67.2672 58.4934 69.9927
threshold=66.866264343261733 87.20676422119142 49.890829086303718 60.421236038208015 83.75235748291017 0.63068181276321422 48.59284973144532 65.345367431640639 1.0000000180025095e-35 1.0000000180025095e-35 1.0000000180025095e-35 89.512962341308608 86.855396270751967 93.367176055908217 56.77343940734864 13.500000000000002 62.554347991943366 85.794998168945327 84.866104125976577 49.890829086303718 0.43650794029235845 11.500000000000002 83.424911499023452 1.0000000180025095e-35 1.0000000180025095e-35 59.66327095031739 57.198879241943366 80.217391967773452 1.0000000180025095e-35 94.804317474365249
decision_type=2 2 2 2 2 2 2 2 2 2 2 2 2 2 2 2 2 2 2 2 2 2 2 2 2 2 2 2 2 2
left_child=1 5 26 4 7 15 -7 17 -8 -4 -5 12 27 14 18 19 -11 -2 -6 -1 22 24 -21 -23 28 -26 -3 -12 29 -22
right_child=3 2 9 10 13 6 8 -9 -10 16 11 -13 -14 -15 -16 -17 -18 -19 -20 20 21 23 -24 -25 25 -27 -28 -29 -30 -31
leaf_value=-0.078116274847871189 -0.061767476825759726 -0.075382989757723784 0.20357985955726873 0.21928446363334303 9.3348719014050882e-06 -0.076317808332178078 0.17700892201476839 0.20647291490264921 -0.034394714338640317 -0.038942170539918892 -0.03889977194285834 0.21364921142824619 0.16982151003222301 0.19833970574523135 0.20229057695148051 0.17897116993699164 0.16376375978147978 0.15002715044326465 0.1221286474493788 -0.075891734774134703 -0.024929393107910085 0.18565468199041915 0.13944674078129995 -0.013563979944986732 -0.033139374218059729 0.3050782401457206 0.16111980379447163 0.13612419378253687 -0.076296844279757733 0.13249212761004434
leaf_weight=31863.017457023263 233.25416438281536 711.44229226559401 602.25663515180349 11086.492988117039 59.248779721558094 336.46570399403572 154.88167069107294 23.312680840492249 33.040859684348106 28.751001209020615 82.703059412539005 536.22499357163906 48.055429950356483 331.68110869824886 59.33222845941782 9.0751873850822431 18.547017782926559 9.356618404388426 46.24896477162838 4172.4761422201991 170.04908636957407 57.125644393265247 14.524864226579664 14.7267539948225 10.544186890125276 8.9734829366207105 6.8960965052247039 12.369045138359068 111.49597093462944 15.065625265240667
leaf_count=341496 2286 7563 2944 51350 494 3588 812 118 285 227 656 2525 256 1647 289 44 104 63 285 44478 1668 421 127 134 101 68 57 67 1125 130
internal_value=-0.0019628 -0.0711378 0.0526397 0.209728 0.0986923 -0.0757174 0.00114549 -0.0307996 0.13984 0.191708 0.216923 0.178393 0.0463045 0.168046 0.107087 -0.0768233 0.0405451 -0.0535993 0.053545 -0.076887 -0.0683253 0.00526867 -0.0751447 0.144823 -0.0264505 0.12236 -0.0731125 -0.0161289 -0.0362426 -0.0121176
internal_weight=50867.6 38339.4 1367.89 12528.3 762.435 36971.5 524.388 265.923 187.923 649.555 11765.8 679.353 143.128 496.511 164.83 36447.1 47.298 242.611 105.498 36438 4574.98 387.981 4187 71.8524 316.128 19.5177 718.338 95.0721 296.611 185.115
internal_count=465408 405372 10895 60036 5182 394477 4685 2467 1097 3275 54854 3504 979 2715 1068 389792 331 2349 779 389748 48252 3647 44605 555 3092 169 7620 723 2923 1798
is_linear=0
shrinkage=0.07


Tree=4
num_leaves=31
num_cat=0
split_feature=6 5 6 2 6 3 6 5 0 6 5 7 7 0 12 0 5 5 6 12 9 2 0 9 7 7 6 12 6 4
split_gain=127025 3385.96 3936.59 2683.74 1224.86 515.165 554.009 335.962 170.259 689.771 208.544 117.901 103.212 98.1828 89.6218 91.2062 82.0706 81.4535 506.749 305.493 77.6198 69.7154 66.1494 63.7326 58.6509 56.032 54.4625 52.506 49.8042 46.4535
threshold=64.536544799804702 0.61250001192092907 48.59284973144532 65.419578552246108 88.953113555908217 89.512962341308608 49.890829086303718 0.47222222387790685 79.772727966308608 77.095886230468764 0.095454547554254546 49.693204879760749 84.016807556152358 93.788581848144545 4.5000000000000009 26.006441116333011 0.47222222387790685 0.43650794029235845 49.890829086303718 11.500000000000002 1.0000000180025095e-35 95.488464355468764 64.565757751464858 1.0000000180025095e-35 49.238500595092781 59.66327095031739 50.099601745605476 12.500000000000002 50.595321655273445 1.0000000180025095e-35
decision_type=2 2 2 2 2 2 2 2 2 2 2 2 2 2 2 2 2 2 2 2 2 2 2 2 2 2 2 2 2 2
left_child=1 5 20 4 7 17 -7 12 9 10 -5 -4 -2 28 15 -6 -12 -1 -19 23 -3 -21 -17 26 -22 -25 29 -15 -13 -20
right_child=3 2 11 8 14 6 -8 -9 -10 -11 16 13 -14 27 -16 22 -18 18 19 21 24 -23 -24 25 -26 -27 -28 -29 -30 -31
leaf_value=-0.077218682986459328 -0.066961146924382306 -0.076117229090355135 -0.020444119537269753 0.22361741462700227 0.17945264347478504 -0.075150730211837047 0.15051647180252797 0.1634874775203316 0.18977107397219878 0.18171970087798792 -0.048363758637390793 0.12814700792798717 0.063783988266204017 0.15156375709682218 0.17372980155254214 0.005948796132431231 0.15671783531623446 -0.077319403274780249 -0.07764195818984676 0.073826475733525659 -0.017329141342897005 0.2027717849738423 0.20346553430937028 -0.017551449796506132 0.33713691336786117 0.20791411693275066 -0.069662762180464494 0.19525491183266863 -0.04300102864419858 0.0099897258484086243
leaf_weight=31567.032025754452 325.50605228543282 792.87162878364325 18.52999322861433 18.824778214097023 36.90291041880846 111.41356547921896 102.20723330974579 38.130545116961002 11853.644346527755 902.30545270442963 99.087779268622398 16.4334437251091 32.542923972010612 452.16426315158606 226.41382228583097 49.258288957178593 10.582801304757593 2280.005450591445 37.418756790459156 51.897931464016438 5.6977129876613599 34.008766084909439 9.9940117895603162 11.101718172430994 3.8213194534182549 10.517941422760485 116.42670256644487 192.01070556789637 16.898633554577827 142.60154443979263
leaf_count=359735 3433 8966 151 103 199 1257 518 185 51256 4002 859 86 230 2161 1041 329 58 25997 370 375 59 210 52 105 31 64 1215 868 135 1358
internal_value=-0.00214933 -0.0710688 0.0319412 0.180055 0.0484132 -0.0755474 0.0328201 -0.0340418 0.187398 0.160111 0.00837232 0.153761 -0.0550778 0.158525 0.149685 0.0930661 -0.0285742 -0.0762233 -0.0645164 0.00774337 -0.0737317 0.124873 0.0392637 -0.0238923 0.124968 0.0921373 -0.0323543 0.164587 0.0413787 -0.00822527
internal_weight=49566.3 35963.1 1498.43 13603.2 718.749 34464.6 213.621 396.18 12884.4 1030.8 128.495 696.037 358.049 677.507 322.569 96.1552 109.671 34251 2683.98 403.973 802.391 85.9067 59.2523 318.067 9.51903 21.6197 296.447 644.175 33.3321 180.02
internal_count=465408 403661 12457 61747 5469 391204 1775 3848 56278 5022 1020 3401 3663 3250 1621 580 917 389429 29694 3697 9056 585 381 3112 90 169 2943 3029 221 1728
is_linear=0
shrinkage=0.07


Tree=5
num_leaves=31
num_cat=0
split_feature=8 1 7 12 3 5 7 0 8 11 7 8 11 7 7 12 7 11 5 3 9 3 11 3 3 9 12 7 5 11
split_gain=106005 3920.13 3387.39 3017.03 848.755 506.001 625.965 408.068 942.629 252.363 216.394 203.295 180.919 105.227 95.3954 162.343 70.2163 70.0291 212.897 89.443 66.415 65.0623 60.0789 51.6638 69.3509 51.4721 49.7507 196.548 183.406 130.091
threshold=0.21807064861059192 86.391696929931655 49.693204879760749 2.5000000000000004 62.102443695068366 0.61250001192092907 49.693204879760749 70.064933776855483 0.35857143998146063 1.0000000180025095e-35 61.920122146606452 0.48999999463558203 1.0000000180025095e-35 78.135349273681655 65.396709442138686 6.5000000000000009 61.920122146606452 1.0000000180025095e-35 0.47222222387790685 80.735492706298842 1.0000000180025095e-35 75.809822082519545 1.0000000180025095e-35 48.17045974731446 25.176055908203129 1.0000000180025095e-35 11.500000000000002 49.693204879760749 0.47222222387790685 1.0000000180025095e-35
decision_type=2 2 2 2 2 2 2 2 2 2 2 2 2 2 2 2 2 2 2 2 2 2 2 2 2 2 2 2 2 2
left_child=1 5 -3 4 11 14 -7 8 13 -4 -11 -2 -8 21 26 -16 -6 -9 19 -19 -17 -5 23 24 -10 -15 -1 -28 -29 -30
right_child=3 2 9 7 16 6 12 17 22 10 -12 -13 -14 25 15 20 -18 18 -20 -21 -22 -23 -24 -25 -26 -27 27 28 29 -31
leaf_value=-0.076364587056827929 -0.06475521768616456 -0.075129888792771771 0.1528163697925925 -0.057550419049977486 0.01637870288888477 -0.075836405674444857 0.12361607613388206 0.16985578893703379 0.17277189974148457 -0.047256307655619965 0.14942668828864433 0.088614402782176763 -0.031957994135257767 -0.076174588038710148 -0.056705410530798805 0.013401884831233571 0.15822671198044327 -0.039266544815116766 0.15850965971706626 0.15845625460515664 0.19738666081023634 0.21990004069636512 -0.037198233385249059 0.16948669654925877 0.090333246810676698 0.15005071556858587 -0.076906037509604688 -0.063634654687248021 0.1288908526538847 -0.061401573156605223
leaf_weight=30880.74523793906 381.37154822796583 668.10896574705839 705.84836409240961 143.04384236037731 19.460834994912148 252.10010922700167 160.76744644343853 12005.295133419335 91.177165612578392 62.234506726264954 48.983736917376518 47.639227204024792 47.43420085310936 6.3826160281896618 206.28786794096231 20.496443167328835 140.93539782613516 40.315706938505173 610.01577862352133 15.528674155473707 18.106939092278481 4.2649504467844954 7.8549972698092452 502.47809657454491 110.72260173410177 21.62649018317461 655.87409386783838 92.413266956806183 64.776571974158287 24.172657579183578
leaf_count=374200 4266 7982 3138 1512 163 3007 759 49695 434 603 232 268 440 47 2183 166 624 338 2623 71 88 21 52 2122 592 113 7946 1066 400 257
internal_value=-0.00227312 -0.0694287 0.0417787 0.158677 0.00363791 -0.0745227 -0.00165289 0.165416 0.119532 0.137374 0.0393686 -0.0477244 0.0881719 -0.0258701 -0.0755721 -0.0320505 0.141016 0.16863 0.146534 0.0157143 0.0997001 -0.0495175 0.155323 0.15747 0.127562 0.0984993 -0.0759081 -0.0590711 0.0054266 0.0771774
internal_weight=48056.5 33908.4 1485.18 14148.1 589.407 32423.2 460.302 13558.7 887.551 817.067 111.218 429.011 208.202 175.318 31962.9 244.891 160.396 12671.2 665.86 55.8444 38.6034 147.309 712.233 704.378 201.9 28.0091 31718 837.237 181.362 88.9492
internal_count=465408 402467 11955 62941 5321 390512 4206 57620 4893 3973 835 4534 1199 1693 386306 2437 787 52727 3032 409 254 1533 3200 3148 1026 160 383869 9669 1723 657
is_linear=0
shrinkage=0.07


Tree=6
num_leaves=31
num_cat=0
split_feature=6 1 6 0 8 0 6 3 11 0 8 11 11 3 8 3 7 7 7 3 8 7 6 12 6 1 11 12 3 7
split_gain=94504.6 2991.53 2873.72 1328.96 1217.75 307.455 971.101 227.177 179.995 478.569 216.032 149.065 121.184 80.5211 104.396 84.2678 64.9854 57.318 52.8582 49.6558 44.5924 42.0775 41.1984 38.6663 36.085 161.794 97.8642 68.0343 43.6083 34.0594
threshold=64.536544799804702 85.857143402099624 49.890829086303718 61.311826705932624 0.41885964572429663 94.804317474365249 49.890829086303718 64.326763153076186 1.0000000180025095e-35 89.512962341308608 0.32738095521926885 1.0000000180025095e-35 1.0000000180025095e-35 49.719100952148445 0.69397994875907909 25.176055908203129 57.198879241943366 61.920122146606452 84.016807556152358 92.390407562255874 0.15504807978868487 62.554347991943366 77.095886230468764 1.5000000000000002 49.890829086303718 75.582656860351577 1.0000000180025095e-35 6.5000000000000009 88.341892242431655 78.135349273681655
decision_type=2 2 2 2 2 2 2 2 2 2 2 2 2 2 2 2 2 2 2 2 2 2 2 2 2 2 2 2 2 2
left_child=1 5 16 4 7 19 -7 18 -5 10 29 23 -8 14 15 -6 20 -13 -2 24 -3 -14 -12 -4 -1 28 27 -27 -26 -10
right_child=3 2 11 8 13 6 12 -9 9 -11 22 17 21 -15 -16 -17 -18 -19 -20 -21 -22 -23 -24 -25 25 26 -28 -29 -30 -31
leaf_value=-0.076420730628875944 -0.062684720517872161 -0.074762382570973673 -0.021536553709921354 0.15355233881042399 0.128484373262617 -0.075394519558086043 0.1134598285971022 0.14365761604682525 -0.065573823423782984 0.14783129264762332 -0.073348043189373754 -0.048103765230882466 -0.074321123627915209 0.15236090728459742 0.1413172474344081 0.0015740138751691413 0.11715880798239663 0.10435967027429334 0.033486815385441689 0.12225017187335752 0.22079504102240641 0.13488569907293807 0.13327218749772263 0.13877436041158411 -0.072547069908738007 -0.0078055852945727892 -0.074275268415763596 0.10191220842914794 0.27934791213737697 0.027720819240929444
leaf_weight=25902.062097392976 295.93528378009796 686.71561075001955 7.455585040152072 12758.906227320433 40.658519238233566 686.02397911995649 192.07908596098423 31.357846282422543 83.428553707897663 626.33029145747423 5.131707251071929 30.512896925210953 25.340641103684906 316.60747027397156 128.73209111392498 69.389756053686142 8.8551625385880453 20.003386184573174 30.930561594665051 6.2235104814171782 2.510489508509635 5.7864921167492858 60.192790299654007 659.81958848237991 3512.849468357861 74.913392558693886 64.625019460916519 43.933860175311565 1.7264452278614033 24.896123379468918
leaf_count=335058 3323 8748 44 51731 218 8823 960 151 750 2571 37 251 245 1309 553 475 63 101 200 47 18 46 265 2787 44586 813 753 305 13 164
internal_value=-0.00235651 -0.0696092 0.029859 0.146027 0.0643094 -0.0742243 -0.03413 -0.0363183 0.151533 0.119323 0.016499 0.128206 0.0926965 0.129214 0.0985226 0.0484624 -0.071265 0.0122686 -0.0535842 -0.0754557 -0.0736858 -0.0354299 0.117041 0.136983 -0.0754972 -0.0690289 -0.00494563 0.0327534 -0.0723742 -0.044132
internal_weight=46403.9 31931.4 1415.87 14472.5 913.612 30515.6 909.23 358.224 13558.9 799.979 173.649 717.791 223.206 555.388 238.78 110.048 698.081 50.5163 326.866 29606.3 689.226 31.1271 65.3245 667.275 29600.1 3698.05 183.472 118.847 3514.58 108.325
internal_count=465408 403661 12012 61747 6229 391649 10074 3674 55518 3787 1216 3183 1251 2555 1246 693 8829 352 3523 381575 8766 291 302 2831 381528 46470 1871 1118 44599 914
is_linear=0
shrinkage=0.07


Tree=7
num_leaves=31
num_cat=0
split_feature=6 1 6 2 6 5 6 11 11 2 5 12 11 11 6 3 2 6 11 1 7 6 0 6 12 2 5 0 12 7
split_gain=83071.5 2803.58 2482.67 1467.38 753.202 385.438 479.143 155.733 125.47 354.503 123.539 110.974 96.5615 94.1193 91.1857 74.4517 71.9143 389.931 80.346 60.1882 58.5614 50.5138 49.9714 83.242 44.1424 103.782 59.7335 61.1565 40.4077 38.8479
threshold=64.536544799804702 85.857143402099624 48.59284973144532 65.599384307861342 83.75235748291017 0.63068181276321422 48.59284973144532 1.0000000180025095e-35 1.0000000180025095e-35 79.431911468505874 0.47222222387790685 4.5000000000000009 1.0000000180025095e-35 1.0000000180025095e-35 86.855396270751967 22.792207717895511 92.031745910644545 49.890829086303718 1.0000000180025095e-35 63.944444656372077 61.920122146606452 97.972881317138686 93.127067565917983 75.343498229980483 2.5000000000000004 78.979854583740249 0.10555555671453477 75.905715942382827 1.5000000000000002 57.198879241943366
decision_type=2 2 2 2 2 2 2 2 2 2 2 2 2 2 2 2 2 2 2 2 2 2 2 2 2 2 2 2 2 2
left_child=1 5 29 4 10 16 -7 -4 24 14 -2 15 -8 -13 -10 -6 -1 -18 28 21 -9 -17 23 -11 25 26 -5 -28 -19 -3
right_child=3 2 7 8 11 6 12 20 9 22 -12 13 -14 -15 -16 19 17 18 -20 -21 -22 -23 -24 -25 -26 -27 27 -29 -30 -31
leaf_value=-0.075192374166986639 -0.062294355842717176 -0.073748631332655065 0.1248373320491435 0.15883857801925103 0.12948038148395208 -0.073653469785529543 0.10051907848679609 -0.051409619446103623 -0.046099624028196617 -0.022859032900523647 0.10398589601933163 0.13062378702127778 -0.042214356257338236 -0.04968198942935248 0.098948170641304067 -0.028053898198241379 -0.075881899459396385 -0.060567616398595751 -0.051979317529404982 0.16902269497381908 0.095661848344036043 0.099824498187752866 0.13974603601921257 0.11982457865776212 0.14182470818576504 0.1412093958328364 -0.068563496333364907 0.12180840028515319 0.10572576139647517 0.08615924059216451
leaf_weight=27551.495406880975 270.04469513148069 641.00819063931704 685.06317313015461 12.584388360381125 38.507677279412746 228.03270870447159 153.47473894804716 35.247446462512016 77.133754774928093 25.214252792298794 23.825342290103436 274.66012573987246 27.365749821066856 14.958434075117109 29.306304551661015 75.521235942840576 590.20250024646521 7.8017013967037192 23.727063544094563 11.225875452160833 21.2729846611619 18.929980739951134 571.00196938216686 97.537751041352749 12883.744513824582 129.01032161712646 29.640226297080517 11.467730626463888 87.043869383633137 7.5317611098289481
leaf_count=378631 3227 8685 2851 57 196 3095 659 321 683 176 112 1148 251 103 136 574 8127 82 259 49 104 96 2299 403 51688 529 220 51 545 51
internal_value=-0.00241518 -0.0689423 0.0281413 0.134608 0.0377142 -0.0736497 -0.00617181 0.115623 0.139692 0.112785 -0.0488133 0.0963303 0.0789199 0.121311 -0.00616339 0.0461521 -0.074626 -0.0526101 0.0632265 0.0157881 0.00394468 -0.00242442 0.131035 0.0905162 0.14134 0.107174 0.025395 -0.0154562 0.092047 -0.0718916
internal_weight=44653.6 30059.3 1390.12 14594.3 727.673 28669.1 408.873 741.584 13866.6 800.194 293.87 433.803 180.84 289.619 106.44 144.185 28260.3 708.775 118.573 105.677 56.5204 94.4512 693.754 122.752 13066.4 182.703 53.6923 41.108 94.8456 648.54
internal_count=465408 403661 12012 61747 5505 391649 4005 3276 56242 3697 3339 2166 910 1251 819 915 387644 9013 886 719 425 670 2878 579 52545 857 328 271 627 8736
is_linear=0
shrinkage=0.07


Tree=8
num_leaves=31
num_cat=0
split_feature=8 1 2 11 8 2 11 8 2 8 1 0 12 1 8 12 11 11 0 8 8 8 3 8 0 8 2 12 0 8
split_gain=72007.2 3182.18 2020.96 1737.44 537.753 328.487 544.678 215.357 206.252 497.125 97.8644 96.4113 82.3222 80.6589 63.3543 62.3156 57.1439 47.3258 129.396 113.55 46.4213 46.2619 45.6965 44.5234 44.2712 35.9721 33.4111 32.2845 30.0569 29.9431
threshold=0.21807064861059192 85.145786285400405 56.949806213378913 1.0000000180025095e-35 0.41885964572429663 93.813774108886733 1.0000000180025095e-35 0.13188406080007556 70.859706878662124 0.36602871119976049 92.031745910644545 69.860393524169936 6.5000000000000009 24.316333770751957 0.69397994875907909 2.5000000000000004 1.0000000180025095e-35 1.0000000180025095e-35 89.512962341308608 0.32738095521926885 0.080540537834167494 0.16064515709877017 92.031745910644545 0.12060606107115747 52.027397155761726 0.13188406080007556 81.53021621704103 2.5000000000000004 91.734970092773452 0.089572194963693633
decision_type=2 2 2 2 2 2 2 2 2 2 2 2 2 2 2 2 2 2 2 2 2 2 2 2 2 2 2 2 2 2
left_child=1 5 4 10 -2 22 12 20 9 11 15 -4 -7 -6 24 -3 -13 -10 19 -19 -5 26 -1 -14 -15 -8 -17 -11 -9 -12
right_child=2 3 8 7 13 6 25 28 17 27 29 16 23 14 -16 21 -18 18 -20 -21 -22 -23 -24 -25 -26 -27 -28 -29 -30 -31
leaf_value=-0.074443758188935408 -0.065119444906997323 -0.055519266324942765 -0.058443755484673787 -0.07468417072156637 0.12735948274478931 -0.011859228117742589 -0.073859292926605383 -0.05970841470136027 0.13231211584261279 0.04158873520296491 0.10020736924790057 0.10777505459462859 0.059280918446731848 -0.02937914248137577 0.09369794249170664 -0.032287817408213959 -0.046481487364832007 -0.027506170960735852 0.12709753298695439 0.1104519111901117 -0.014006125826883698 0.14091455343254294 0.14484186940764521 0.1522926310753753 0.10716765706513118 0.071688913243195318 0.06602493691707656 0.13118171495030154 0.11276852960586001 0.13523602389862679
leaf_weight=25978.026788450778 324.04454923421144 20.819653213024139 101.75171852856874 537.35933837294579 89.427421398460865 77.947189293801785 510.06459284573793 5.6642504110932341 12657.45187946409 20.667748019099236 421.84824829548597 36.149389646947384 174.91323754936457 58.817977048456669 62.149742901325226 18.28766606003046 17.446549370884895 54.384103000164032 587.19713026285172 63.215838894248009 69.805939301848412 38.862245060503483 4.6573207899928084 29.466140240430832 14.503625042736529 8.458447113633154 229.54440452903509 424.39926878362894 39.307920038700104 166.88021963089705
leaf_count=379425 4309 224 1173 7737 400 861 7346 42 50988 115 2112 178 1153 430 260 168 159 480 2377 271 685 161 35 127 66 61 1448 1735 186 696
internal_value=-0.00245523 -0.0674028 0.124346 0.0301674 -0.00740071 -0.0730435 -0.0288875 -0.0567602 0.129526 0.0893903 0.093419 -0.0184212 0.0493475 0.0757631 0.0417033 0.0614136 0.0575615 0.131329 0.113675 0.0466532 -0.067708 0.0699053 -0.0744045 0.0726908 -0.00236905 -0.071485 0.0587704 0.127021 0.091045 0.110137
internal_weight=42843.5 28331.9 14511.6 1548.38 548.943 26783.5 800.85 652.137 13962.7 600.415 896.242 155.348 282.327 224.899 135.471 307.514 53.5959 13362.2 704.797 117.6 607.165 286.694 25982.7 204.379 73.3216 518.523 247.832 445.067 44.9722 588.728
internal_count=465408 402467 62941 13459 5465 389008 9548 8650 57476 3360 4809 1510 2141 1156 756 2001 337 54116 3128 751 8422 1777 379460 1280 496 7407 1616 1850 228 2808
is_linear=0
shrinkage=0.07


Tree=9
num_leaves=31
num_cat=0
split_feature=6 5 6 0 8 3 6 3 6 5 12 3 1 10 8 0 10 7 5 1 3 4 8 0 10 1 7 12 10 8
split_gain=65838.7 2502.49 1964.02 847.319 928.13 386.482 338.067 172.21 85.7805 444.692 151.464 64.4662 66.5024 64.0931 59.4044 227.113 67.6454 54.8138 52.9012 45.7654 43.7772 43.7721 36.2066 35.6265 62.0274 43.896 32.855 30.784 28.7748 31.1029
threshold=64.536544799804702 0.61250001192092907 48.59284973144532 68.457099914550795 0.41885964572429663 88.341892242431655 49.890829086303718 71.20965957641603 49.890829086303718 0.43650794029235845 6.5000000000000009 46.543485641479499 27.639257431030277 1.0000000180025095e-35 0.29520697891712194 83.424911499023452 1.0000000180025095e-35 76.22473526000978 0.76388889551162731 79.337715148925795 68.208553314208999 1.0000000180025095e-35 0.74456521868705761 92.612083435058608 1.0000000180025095e-35 84.660633087158217 49.693204879760749 1.5000000000000002 1.0000000180025095e-35 0.046536797657608993
decision_type=2 2 2 2 2 2 2 2 2 2 2 2 2 2 2 2 2 2 2 2 2 2 2 2 2 2 2 2 2 2
left_child=1 5 13 4 7 8 -7 17 -1 19 20 12 -6 -3 15 16 -5 -2 26 -10 21 -11 -14 24 25 -17 -4 -8 29 -28
right_child=3 2 18 14 11 6 27 -9 9 10 -12 -13 22 -15 -16 23 -18 -19 -20 -21 -22 -23 -24 -25 -26 -27 28 -29 -30 -31
leaf_value=-0.075111831738155083 -0.05614493928292566 -0.073440470077541314 -0.044777426226406646 -0.034540577687419534 0.10890346778119706 -0.073118599276680143 -0.075447285195012592 0.13075471169387409 -0.072913067135919149 -0.059528989080547025 0.069772621464972803 0.12018866422090831 0.0031980130950785149 0.10347359824212574 0.1243818800132168 -0.013513017095003627 0.077301323333710772 0.010452993685400898 0.1135564724342247 0.021947363673451178 -0.043160867948745178 0.071191211248912978 0.087347739146431777 0.12496967250834186 0.1284131729738581 0.10611852198094648 0.082955296141594304 0.098559786942962718 0.13660665610461134 0.019366017675241723
leaf_weight=21831.080283887684 278.98615002632141 593.9272444024682 10.587966203689573 64.525763101875782 134.10373245179653 114.38061414659023 5.1876176223158827 30.831839889287949 2797.4676489755511 18.701412424445152 134.25440140813589 498.57843241095543 66.586601950228214 10.206631883978842 12317.277201443911 37.45814273506403 44.964174829423428 77.345727540552616 447.86023306846619 25.144888237118721 162.30863575637341 38.171386934816837 40.167739972472191 702.77214164286852 76.675474897027016 25.099345594644547 231.90958368033171 125.57435890287161 39.329124793410301 45.004433043301105
leaf_count=341880 3421 8966 101 569 612 1714 40 133 43106 244 908 2046 428 90 50024 224 227 625 1866 276 2020 451 165 2852 315 106 954 565 161 319
internal_value=-0.0024802 -0.0676766 0.0241535 0.118132 0.0598487 -0.0726907 0.0147744 -0.0279565 -0.0735481 -0.0627994 0.0112215 0.105823 0.0760858 -0.0704516 0.12308 0.106228 0.0113895 -0.0416891 0.0979301 -0.072068 -0.0246426 0.0282066 0.0348605 0.118561 0.0862114 0.0344856 0.0765172 0.0916565 0.0805782 0.0726207
internal_weight=41026.5 26631.1 1378.83 14395.4 1126.6 25252.3 245.143 387.164 25007.1 3176.05 353.436 739.437 240.858 604.134 13268.8 951.495 109.49 356.332 774.691 2822.61 219.181 56.8728 106.754 842.005 139.233 62.5575 326.831 130.762 316.243 276.914
internal_count=465408 403661 12457 61747 7430 391204 2319 4179 388885 47005 3623 3251 1205 9056 54317 4293 796 4046 3401 43382 2715 695 593 3497 645 330 1535 605 1434 1273
is_linear=0
shrinkage=0.07


Tree=10
num_leaves=31
num_cat=0
split_feature=8 5 7 2 8 2 7 11 2 8 11 5 7 12 8 7 2 12 5 0 7 5 7 5 9 5 11 8 8 11
split_gain=57730.3 2738.29 1768.6 1552.42 418.162 261.034 763.564 233.729 166.747 457.425 148.985 139.915 133.718 109.497 63.5203 54.5708 40.4917 39.9147 37.5766 36.1582 35.7901 35.463 34.9549 65.5952 48.0706 34.8865 34.6502 31.9422 29.237 29.2365
threshold=0.21807064861059192 0.61250001192092907 49.693204879760749 56.949806213378913 0.41885964572429663 85.86789703369142 49.693204879760749 1.0000000180025095e-35 74.833332061767592 0.35504202544689184 1.0000000180025095e-35 0.47222222387790685 62.554347991943366 2.5000000000000004 0.62828946113586437 64.722881317138686 88.989898681640639 2.5000000000000004 0.16025641560554507 22.401432991027836 83.177082061767592 0.41428571939468389 64.722881317138686 0.47222222387790685 1.0000000180025095e-35 0.38750000298023229 1.0000000180025095e-35 0.15075758099555972 0.11651583760976793 1.0000000180025095e-35
decision_type=2 2 2 2 2 2 2 2 2 2 2 2 2 2 2 2 2 2 2 2 2 2 2 2 2 2 2 2 2 2
left_child=1 5 28 4 20 22 -7 13 9 11 -4 -5 -12 18 19 -9 -14 -11 -8 -6 -2 27 -1 -24 -25 -21 -13 -15 -3 -10
right_child=3 2 10 8 14 6 7 15 29 17 12 26 16 21 -16 -17 -18 -19 -20 25 -22 -23 23 24 -26 -27 -28 -29 -30 -31
leaf_value=-0.0740478075929836 -0.0688063619044368 -0.074288689587903273 0.099957343996192105 -0.051652399936237776 0.093064201814682335 -0.074761311088428095 0.18311315100778308 -0.069359929628663525 0.11827961034030118 0.037674061887675553 -0.046130766729857595 0.11325791080309709 -0.048701484356381317 0.012683404720243463 0.091735841483431585 0.061519140679054535 0.12682695838178584 0.11561665510441932 -0.063506284040963451 -0.029066827209347876 0.04332554200302844 0.094826284133539274 -0.061912276952256033 -0.019468686732247994 0.1587632012094802 0.13523929533752899 -0.014799345955085003 0.17950846545727339 0.066030458602314199 0.10324335816342865
leaf_weight=21926.910088017583 277.50299000367522 529.38079972565174 767.63386869430542 129.56976288557053 22.033375173807144 1107.311569776386 3.3055842369794837 99.783479899168015 12014.053856998682 33.820624124258757 70.369384970515966 41.527049161493778 7.5200070440769187 48.647340051829815 143.00993837416172 18.505523152649403 44.827701635658741 669.51035543531179 35.962895274162292 57.124315969645977 14.68573948740959 219.42360585927963 172.49061287939548 19.623991038650278 11.918147847056387 7.1214672029018393 13.792424276471136 6.3590592890977851 7.3774293884634963 668.91842282563448
leaf_count=364956 4204 8507 3190 1537 110 18295 23 1510 49770 181 791 179 52 504 593 111 197 2775 463 424 105 1131 2402 187 54 29 90 35 59 2944
internal_value=-0.0024992 -0.0661633 0.0280033 0.110879 -0.00764245 -0.0718408 -0.0439678 0.0349652 0.115433 0.086113 0.0885084 -0.0118635 0.016892 0.0665833 0.0631183 -0.0488848 0.101611 0.111869 -0.0427461 0.015684 -0.0631705 0.0822273 -0.0737795 -0.0449397 0.047876 -0.0108539 0.0813303 0.0319694 -0.0723601 0.117487
internal_weight=39190 25097.4 1427.11 14092.7 521.478 23670.2 1539.3 431.987 13571.2 888.22 890.351 184.889 122.717 313.698 229.289 118.289 52.3477 703.331 39.2685 86.2792 292.189 274.43 22130.9 204.033 31.5421 64.2458 55.3195 55.0064 536.758 12683
internal_count=465408 402467 12796 62941 5465 389671 22072 3777 57476 4762 4230 1806 1040 2156 1156 1621 249 2956 486 563 4309 1670 367599 2643 241 453 269 539 8566 52714
is_linear=0
shrinkage=0.07


Tree=11
num_leaves=31
num_cat=0
split_feature=6 1 6 2 8 5 6 11 11 2 8 5 5 8 6 2 11 5 3 8 7 11 4 1 5 3 11 10 7 11
split_gain=53309.7 2214.74 1757.67 875.755 527.678 247.964 228.057 120.24 91.6384 229.075 94.9756 87.6216 74.0535 80.1343 72.9548 372.367 84.2557 78.0263 65.1986 53.5587 47.7266 46.7941 46.7661 41.6911 41.3583 39.7631 52.0402 35.4184 32.6002 28.4971
threshold=64.536544799804702 84.273937225341811 48.59284973144532 65.599384307861342 0.41885964572429663 0.63068181276321422 49.096351623535163 1.0000000180025095e-35 1.0000000180025095e-35 81.872947692871108 0.41885964572429663 0.47222222387790685 0.31666667759418493 0.75595238804817211 49.890829086303718 86.391696929931655 1.0000000180025095e-35 0.43650794029235845 25.176055908203129 0.16064515709877017 61.920122146606452 1.0000000180025095e-35 1.0000000180025095e-35 85.145786285400405 0.41428571939468389 63.859338760375984 1.0000000180025095e-35 1.0000000180025095e-35 50.917509078979499 1.0000000180025095e-35
decision_type=2 2 2 2 2 2 2 2 2 2 2 2 2 2 2 2 2 2 2 2 2 2 2 2 2 2 2 2 2 2
left_child=1 5 27 4 11 14 -7 -4 -5 10 23 -2 13 18 -1 17 19 -16 -6 22 -9 -8 -17 -10 -24 26 -19 -3 -29 -13
right_child=3 2 7 8 12 6 21 20 9 -11 -12 29 -14 -15 15 16 -18 25 -20 -21 -22 -23 24 -25 -26 -27 -28 28 -30 -31
leaf_value=-0.074398156695754405 -0.057073619259280582 -0.072896081791779976 0.095060152324772565 0.11212413186484763 0.0829518814943868 -0.070866313315304963 0.067282807002968362 -0.053358759028852051 -0.051922010398116163 0.1041275988864353 0.098716687606856701 0.12303877334286413 0.11925883000367604 0.10272404398489941 -0.072551548216384307 -0.046854895525493337 -0.060341114949420481 0.11544544733891712 -0.01401145839825879 0.17374973037670238 0.070662281676981617 -0.044227734832862388 -0.013581834061068512 0.10896642970433193 0.084607833234319862 -0.040442341034288627 -0.064685208579734491 -0.045628219955813468 0.17067862883470472 -0.03865237116262598
leaf_weight=19039.979988984764 253.58543150871992 602.93871702253819 733.23085980117321 12359.606385670602 55.039433345198631 146.69318895787001 130.38200815021992 39.021844867616892 82.547425854951143 647.83110904693604 35.267670944333076 18.833290532231334 151.58908815681934 108.71231941878796 2422.2708704583347 24.488567519932985 38.733249202370644 19.950542025268078 88.805425472557545 16.651047442108393 24.91016948223114 21.477244727313519 28.067646786570549 8.7263363227248174 83.708774127066135 150.54320013150573 12.966644432395695 8.8027778640389425 5.5771570913493624 7.4553080573678008
leaf_count=339633 3486 10305 3077 52545 255 2525 533 399 769 2745 146 78 631 442 42448 331 545 231 566 96 125 214 344 37 491 2022 196 114 32 47
internal_value=-0.00251153 -0.0665547 0.0183654 0.106639 0.0294188 -0.071981 -0.00861834 0.0870325 0.110661 0.0873009 0.00115659 -0.0444628 0.0805823 0.057368 -0.0728473 -0.0622917 0.0318796 -0.0692179 0.0230897 0.0552389 -0.00503578 0.051512 0.0407573 -0.0365401 0.0599519 -0.0252036 0.0444889 -0.0703067 0.0382649 0.077184
internal_weight=37368.4 23550.4 1414.48 13818 684.02 22135.9 298.552 797.163 13134 774.373 126.541 279.874 404.146 252.557 21837.4 2797.38 191.649 2605.73 143.845 152.916 63.932 151.859 136.265 91.2738 111.776 183.46 32.9172 617.319 14.3799 26.2886
internal_count=465408 403661 14052 61747 5505 389609 3272 3601 56242 3697 952 3611 1894 1263 386337 46704 1807 44897 821 1262 524 747 1166 806 835 2449 427 10451 146 125
is_linear=0
shrinkage=0.07


Tree=12
num_leaves=31
num_cat=0
split_feature=6 5 6 0 8 3 6 3 11 6 5 11 11 0 6 12 3 9 8 12 3 3 12 8 3 0 9 6 5 3
split_gain=48233.7 1927.92 1315.07 766.245 781.772 319.564 236.022 136.466 118.925 84.4989 366.665 109.693 78.3444 178.507 118.85 60.9544 59.041 53.9103 51.1293 51.0429 40.4601 39.9576 37.5887 35.769 32.5183 30.4114 30.4096 29.0273 30.1452 35.2165
threshold=63.069993972778327 0.61250001192092907 48.59284973144532 70.064933776855483 0.41885964572429663 88.341892242431655 49.890829086303718 71.20965957641603 1.0000000180025095e-35 49.890829086303718 0.43650794029235845 1.0000000180025095e-35 1.0000000180025095e-35 93.127067565917983 75.343498229980483 11.500000000000002 45.748708724975593 1.0000000180025095e-35 0.79057019948959362 6.5000000000000009 81.120250701904311 63.686313629150398 10.500000000000002 0.23669467866420749 25.176055908203129 77.849929809570327 1.0000000180025095e-35 78.817016601562514 0.095454547554254546 52.223320007324226
decision_type=2 2 2 2 2 2 2 2 2 2 2 2 2 2 2 2 2 2 2 2 2 2 2 2 2 2 2 2 2 2
left_child=1 5 17 4 7 9 -7 19 -4 -1 20 15 -5 14 -14 21 18 -3 24 27 -11 25 -21 -16 -6 -12 -22 -2 29 -29
right_child=3 2 8 12 16 6 -8 -9 -10 10 11 -13 13 -15 23 -17 -18 -19 -20 22 26 -23 -24 -25 -26 -27 -28 28 -30 -31
leaf_value=-0.074071390585186414 -0.06189726763381205 -0.072005263776697914 0.086608846891805202 0.10804593733969871 0.07388011862696689 -0.071633612319231488 0.074247932180181164 0.10827526019948817 -0.01747122553821169 -0.071465501084638575 0.20285250610330774 -0.063341721507309962 -0.051533745460742651 0.10473963770042802 -0.02328640133247168 0.079681551859401026 0.10229908104242591 0.085988968565165302 0.099798706532052583 0.11439742804937703 -0.0025029060801228763 -0.0083337518129181082 -0.058780328656949439 0.08083845437364795 0.0060116260070697701 0.03833650635683776 0.26559468536957886 -0.013534998100684257 -0.064136066959008059 0.11818655618080222
leaf_weight=17949.039625909179 251.65661512315273 492.63433068245649 674.86911087483168 11607.477487199008 58.634796239435673 94.739156700670719 127.45099205896258 32.056215066462755 58.453449491411448 2274.4568206258118 7.6025964766740826 80.414720319211483 63.883229158818722 556.98550740629435 18.983407065272331 83.011404611170292 528.81171054393053 10.814744897186754 96.409171730279922 16.897989757359031 16.94537648186088 142.98554542660713 9.6478632763028127 108.91146837174892 84.367228046059608 19.962351843714714 2.3620829656720153 47.426702689379454 40.385542418807745 12.584596287459133
leaf_count=341880 3772 8966 2769 50702 267 1714 590 154 497 42285 81 1186 636 2378 121 420 2294 90 396 99 203 1668 101 477 529 187 17 530 338 61
internal_value=-0.0025203 -0.0664044 0.0185047 0.101486 0.0475646 -0.0714534 0.0120458 -0.030402 0.0783126 -0.072355 -0.0606314 0.00789504 0.10663 0.0846843 0.026437 0.0304871 0.0892418 -0.0686113 0.0604009 -0.0421439 -0.0706089 0.00654285 0.0514575 0.0653832 0.0338396 0.0837111 0.0302963 -0.0492017 -0.0173786 0.0140875
internal_weight=35570.9 22035.7 1236.77 13535.1 1178.88 20799 222.19 410.656 733.323 20576.8 2627.74 333.977 12356.2 748.764 191.778 253.562 768.223 503.449 239.411 378.599 2293.76 170.55 26.5459 127.895 143.002 27.5649 19.3075 352.053 100.397 60.0113
internal_count=465408 402553 12322 62855 8541 390231 2304 5055 3266 387927 46047 3542 54314 3612 1234 2356 3486 9056 1192 4901 42505 1936 200 598 796 268 220 4701 929 591
is_linear=0
shrinkage=0.07


Tree=13
num_leaves=31
num_cat=0
split_feature=6 1 6 2 8 2 6 11 11 2 8 5 5 8 1 12 2 5 1 11 1 6 5 11 12 12 9 0 1 11
split_gain=43768.6 1830.09 1355.02 866.667 466.945 217.937 441.532 107.986 98.3817 218.587 96.7463 76.008 68.5245 66.4319 46.2967 43.7946 80.0064 44.9205 53.8406 41.837 37.2207 35.1809 147.538 66.9941 45.328 32.0769 26.3037 25.6222 24.7385 23.9009
threshold=63.069993972778327 84.273937225341811 48.231122970581062 65.599384307861342 0.41885964572429663 93.643951416015639 49.890829086303718 1.0000000180025095e-35 1.0000000180025095e-35 85.145786285400405 0.36602871119976049 0.47222222387790685 0.31666667759418493 0.75595238804817211 27.639257431030277 2.5000000000000004 80.874973297119155 0.10555555671453477 75.905715942382827 1.0000000180025095e-35 88.273490905761733 49.890829086303718 0.43650794029235845 1.0000000180025095e-35 11.500000000000002 1.5000000000000002 1.0000000180025095e-35 85.523811340332045 77.459678649902358 1.0000000180025095e-35
decision_type=2 2 2 2 2 2 2 2 2 2 2 2 2 2 2 2 2 2 2 2 2 2 2 2 2 2 2 2 2 2
left_child=1 5 26 4 11 21 -7 25 15 10 20 -2 13 14 -6 16 17 -5 -19 -8 -10 -1 28 24 -24 -4 -3 -27 -23 -13
right_child=3 2 7 8 12 6 19 -9 9 -11 -12 29 -14 -15 -16 -17 -18 18 -20 -21 -22 22 23 -25 -26 27 -28 -29 -30 -31
leaf_value=-0.073765555626532392 -0.057188998679296339 -0.072123947989847892 -0.046795832246866342 0.1077596651299324 0.059896089672792856 -0.072757175229510834 0.063350801378550911 -0.015106026391812308 -0.045121544605758374 0.097144493812577795 0.080888357547126366 0.10834139213128134 0.10903609412479724 0.090597136228279834 -0.019290026169536578 0.10392153083331829 0.10448176524220698 -0.066063490081105347 0.11496240091544065 -0.037892265967614518 0.10195581361593967 -0.071475146248477839 -0.012337571731212331 -0.071617375365110383 0.067571941377991343 0.28083133879824235 0.026078102754633264 0.084154401620490579 0.0055890916288846145 -0.038697655941126438
leaf_weight=16410.397293988615 266.05249158665538 528.18512806668878 9.1569834351539594 16.047755740582943 68.079028084874153 406.6606898419559 186.32558619230986 59.261298947036266 99.272113334387541 592.69262389093637 55.661965236067772 19.136105120182041 144.78883422911167 106.49314343929291 77.207773774862289 11486.889363888651 111.71618516743183 37.803189851343632 10.228852920234202 22.404712021350861 9.2137227505445463 2106.1565901301801 138.71273820474744 72.656415745615959 46.423849865794182 3.2612573057413092 13.712062302976845 679.6602236405015 20.610692996531725 7.5555638447403899
leaf_count=334071 4130 10264 62 73 332 8100 884 535 1014 2614 235 82 631 442 490 51888 501 287 46 270 38 41896 1709 1137 254 27 142 2874 328 52
internal_value=-0.00252452 -0.065897 0.0147315 0.0975635 0.0211647 -0.071269 -0.0302776 0.0755831 0.101804 0.077347 0.00586354 -0.0458914 0.0706649 0.0485992 0.0178153 0.103391 0.0687167 0.00636431 -0.0275124 0.0524836 -0.0326302 -0.0726111 -0.0646662 -0.0146547 0.00770011 0.0833486 -0.0696391 0.0850936 -0.0707283 0.0667193
internal_weight=33812.4 20703.6 1293.24 13108.8 689.313 19410.3 615.391 751.34 12419.5 756.84 164.148 292.744 396.569 251.78 145.287 11662.7 175.796 64.0798 48.032 208.73 108.486 18795 2384.56 257.793 185.137 692.078 541.897 682.921 2126.77 26.6917
internal_count=465408 402553 13904 62855 6159 388649 9254 3498 56696 3901 1287 4264 1895 1264 822 52795 907 406 333 1154 1052 379395 45324 3100 1963 2963 10406 2901 42224 134
is_linear=0
shrinkage=0.07


Tree=14
num_leaves=31
num_cat=0
split_feature=6 1 6 2 8 2 6 2 8 5 5 5 8 3 5 6 5 8 10 3 5 7 4 2 3 1 3 7 7 6
split_gain=39818.3 1725.76 1212.54 789.256 408.35 213.793 403.844 97.8214 300.837 84.03 68.8786 64.0258 59.3137 47.3715 39.2122 36.8274 145.669 38.2075 39.618 33.9019 33.5334 32.9504 27.832 29.6074 41.4998 24.4697 23.826 31.696 23.5587 22.872
threshold=63.069993972778327 84.273937225341811 48.231122970581062 65.419578552246108 0.41885964572429663 93.643951416015639 49.890829086303718 79.431911468505874 0.32738095521926885 0.47222222387790685 0.47222222387790685 0.31666667759418493 0.75595238804817211 25.176055908203129 0.70714285969734203 49.890829086303718 0.43650794029235845 0.028991596773266796 1.0000000180025095e-35 86.505657196044936 0.095454547554254546 57.198879241943366 1.0000000180025095e-35 83.457714080810561 64.051280975341811 63.67658996582032 22.792207717895511 73.357315063476577 59.66327095031739 81.661396026611342
decision_type=2 2 2 2 2 2 2 2 2 2 2 2 2 2 2 2 2 2 2 2 2 2 2 2 2 2 2 2 2 2
left_child=1 5 21 4 10 15 -7 8 9 20 26 12 13 -6 -4 -1 19 22 -19 -17 -5 -3 -18 24 -24 -8 27 -2 -20 -10
right_child=3 2 14 7 11 6 25 -9 29 -11 -12 -13 -14 -15 -16 16 17 18 28 -21 -22 -23 23 -25 -26 -27 -28 -29 -30 -31
leaf_value=-0.073489459850226549 -0.042935144643348418 -0.071287262103322493 0.049694928111768046 0.12144154719307171 0.066329871363851572 -0.072398899165342798 -0.0066273416737454927 0.10025590484320589 0.056048660452334767 0.053869687521894166 0.064523980474090595 0.10468440714299046 0.08547833910353618 -0.015753952756663626 0.083219991934237597 -0.070533225501612742 -0.067069929619898563 -0.066458294759660683 -0.028057328184368142 0.22101923965876619 -0.053063253908599915 0.075357085260022799 0.1108475501289113 0.065312040770860461 -0.026063840387324511 0.058904988806050898 -0.062716919521764836 0.13714379990376835 0.12946933713077827 0.097787079690091594
leaf_weight=15356.396938025951 15.432520996779205 501.55017255991697 266.93443102389574 5.6981964260339728 56.441949047148228 380.97795872017741 33.162489999085665 10896.639893576503 69.662628121674061 72.161156099289656 25.593712471425533 137.67288457602262 104.19670121371746 88.420157849788666 475.44284103438258 1994.1745105460286 20.420281667262316 85.855967119336128 9.8891476839780825 1.9561939239501942 101.69059830531478 7.6221430338919154 12.875616554170845 46.789953958243132 68.899149563163519 176.60796869918704 229.69318911060691 6.9444749206304541 8.7842170745134336 840.74266943335533
leaf_count=334071 276 10343 1381 31 255 8100 261 51006 342 409 131 618 439 565 2117 42210 298 1326 105 14 1062 63 134 322 867 893 3768 68 48 3885
internal_value=-0.00252568 -0.0654057 0.014104 0.0941396 0.0198754 -0.0708742 -0.0294526 0.0982559 0.0782615 -0.0045488 -0.0448904 0.0663757 0.0451997 0.016228 0.0711655 -0.0722641 -0.0638996 -0.0139172 -0.0463604 -0.0702475 -0.0438038 -0.069092 0.00884528 0.0209031 -0.00450684 0.048545 -0.0559997 0.0129505 0.0460455 0.0945933
internal_weight=32099.3 19448.3 1251.55 12651 664.396 18196.8 590.748 11986.6 1089.96 179.55 277.664 386.732 249.059 144.862 742.377 17606 2249.65 253.514 104.529 1996.13 107.389 509.172 148.985 128.565 81.7748 209.77 252.07 22.377 18.6734 910.405
internal_count=465408 402553 13904 62855 6120 388649 9254 56735 5729 1502 4243 1877 1259 820 3498 379395 45324 3100 1479 42224 1093 10406 1621 1323 1001 1154 4112 344 153 4227
is_linear=0
shrinkage=0.07


Tree=15
num_leaves=31
num_cat=0
split_feature=6 1 6 2 8 2 6 11 11 2 6 5 5 8 11 0 6 5 4 5 8 10 5 6 11 7 1 0 4 2
split_gain=36302.9 1543.74 1159.55 815.557 401.608 169.091 314.706 122.785 117.323 217.809 106.033 65.7746 60.454 54.1641 33.7323 33.5803 101.446 104.474 40.25 39.063 30.8738 29.2778 28.4005 110.212 46.4582 26.4683 26.29 26.2063 23.743 24.3489
threshold=61.874477386474616 82.793453216552749 48.231122970581062 65.599384307861342 0.41885964572429663 93.643951416015639 49.890829086303718 1.0000000180025095e-35 1.0000000180025095e-35 87.298336029052749 78.817016601562514 0.47222222387790685 0.31666667759418493 0.65833333134651195 1.0000000180025095e-35 75.582656860351577 80.170940399169936 0.10555555671453477 1.0000000180025095e-35 0.31666667759418493 0.23669467866420749 1.0000000180025095e-35 0.43650794029235845 49.890829086303718 1.0000000180025095e-35 61.920122146606452 88.273490905761733 22.401432991027836 1.0000000180025095e-35 83.457714080810561
decision_type=2 2 2 2 2 2 2 2 2 2 2 2 2 2 2 2 2 2 2 2 2 2 2 2 2 2 2 2 2 2
left_child=1 5 21 4 11 22 -7 -4 15 10 26 -2 13 27 -8 16 17 -5 -19 -20 -12 -3 -1 -24 28 -9 -10 -6 -25 -30
right_child=3 2 7 8 12 6 14 25 9 -11 20 -13 -14 -15 -16 -17 -18 18 19 -21 -22 -23 23 24 -26 -27 -28 -29 29 -31
leaf_value=-0.07292474745993234 -0.055958014022234007 -0.071599652520676488 0.07329873390449626 0.12555686858313828 0.063892932126948784 -0.072169610091814065 0.05203918428752919 -0.058718664558648048 -0.059498042416232827 0.090505690747771803 -0.058893523271200898 0.058260858099346211 0.10078646456722735 0.068644063914756123 -0.043627278390754982 0.09787708909868352 0.093124432571697238 -0.080174102227001179 -0.053762249338866662 0.091208711095142711 0.069554224532418496 0.028809598905466964 -0.072593425596759645 -0.065230705022700106 -0.071192720233872075 0.041431510185247419 0.078766965749185139 -0.019997641224691123 -0.0094130277294619674 0.050905620491738308
leaf_weight=15271.217464391142 267.45969514921308 536.13448428735137 688.77808725088835 31.10163676738739 24.519317530095577 333.90587228164077 165.0832214653492 44.019130438566208 87.701838381588459 542.33429306745529 10.280120611190794 27.218778200447559 135.80168434977531 152.19940780103207 20.27870611473918 10134.254534192383 599.41546505689621 36.111354049295187 16.984532993286848 19.637720678001642 84.852551132440567 14.617351483553646 876.83561476320028 23.110151492059231 59.563103973865509 18.308756295591593 7.2993252575397483 71.319808937609196 96.284799244254827 49.728828601539135
leaf_count=353917 4703 11899 3077 151 114 7584 780 503 1085 2543 76 145 631 654 251 49424 2869 333 119 105 386 168 20349 344 1055 103 31 497 1175 337
internal_value=-0.0025248 -0.0652342 0.00821476 0.0906439 0.0160559 -0.0708935 -0.0315671 0.064785 0.0950181 0.0679041 0.00343589 -0.0454079 0.0632423 0.0426868 0.0415732 0.0968506 0.082059 0.018181 -0.027734 0.0239746 0.055674 -0.0689347 -0.0721404 -0.0613061 -0.0180282 -0.0292996 -0.0488746 0.00146478 0.000695667 0.0111301
internal_weight=30446.4 18197.9 1301.86 12248.5 678.519 16896 519.268 751.106 11570 732.468 190.134 294.678 383.84 248.039 185.362 10837.5 703.251 103.835 72.7336 36.6223 95.1327 550.752 16376.7 1105.52 228.687 62.3279 95.0012 95.8391 169.124 146.014
internal_count=465408 401542 15750 63866 6744 385792 8615 3683 57122 4121 1578 4848 1896 1265 1031 53001 3577 708 557 224 462 12067 377177 23260 2911 606 1116 611 1856 1512
is_linear=0
shrinkage=0.07


Tree=16
num_leaves=31
num_cat=0
split_feature=6 5 6 2 8 3 6 12 11 11 0 6 5 6 5 12 5 11 10 8 3 3 6 5 12 5 2 0 11 5
split_gain=33158.7 1453.7 824.078 753.942 462.207 244.513 182.419 98.2981 98.0295 85.5051 153.69 98.8159 82.3659 77.9554 271.681 69.3882 41.9459 38.1496 36.2312 35.7281 34.4422 32.2779 30.7426 30.5097 27.9708 26.4291 28.0333 42.4968 22.5701 21.3358
threshold=61.874477386474616 0.61250001192092907 47.466186523437507 69.504829406738295 0.36602871119976049 86.70682525634767 49.890829086303718 2.5000000000000004 1.0000000180025095e-35 1.0000000180025095e-35 93.957649230957045 78.817016601562514 0.47222222387790685 49.890829086303718 0.43650794029235845 11.500000000000002 0.31666667759418493 1.0000000180025095e-35 1.0000000180025095e-35 0.83666664361953746 75.490947723388686 68.457099914550795 91.693202972412124 0.76388889551162731 1.5000000000000002 0.095454547554254546 55.848154067993171 27.072835922241214 1.0000000180025095e-35 0.27922078967094427
decision_type=2 2 2 2 2 2 2 2 2 2 2 2 2 2 2 2 2 2 2 2 2 2 2 2 2 2 2 2 2 2
left_child=1 5 18 4 12 13 -7 22 23 -5 11 -11 -2 -1 20 17 19 21 -3 25 -15 -16 -6 -4 -8 26 27 -9 -14 -22
right_child=3 2 8 9 7 6 24 16 -10 10 -12 -13 28 14 15 -17 -18 -19 -20 -21 29 -23 -24 -25 -26 -27 -28 -29 -30 -31
leaf_value=-0.073010682618156728 -0.057974273731050401 -0.070535112833709779 0.051101688015700281 0.094542159517380528 -0.045481463075828669 -0.070271705945542412 -0.078572839525919466 0.069615302035560531 -0.027795350895349267 -0.037787104048144969 0.090428281781853206 0.060953409997879231 0.088160194726604954 -0.070686843442971867 0.044932377411619165 0.053222086419436487 0.096880398379147109 -0.071631074392734917 0.06763074066324902 0.087932908580415123 0.15052011629949527 -0.023389861184638604 0.04675277682379559 0.082466591287302937 0.058503675484722698 -0.027096837911921624 0.11279671580549758 -0.024998516946134881 -0.026508184115276352 -0.024284122547147499
leaf_weight=13731.146602261811 267.77424226328731 376.30155720561743 265.46299052238464 10215.258592810482 47.329714950174093 106.4576213285327 7.7148056738078585 56.212846644222736 55.81054500117898 88.420423667877913 482.70589672029018 113.29979906231165 26.228680342435837 1694.3707601577044 48.805999957025051 92.603672131896019 224.82418100908399 51.809255756437778 9.5355527549982053 98.371250867843628 3.7026150897145262 110.81150273606181 28.292081654071808 355.43955997377634 133.77102930471301 28.440548609942198 25.692119508981705 39.68351348862052 12.381236672401426 45.043940361589193
leaf_count=341105 4819 8869 1115 52054 517 2489 66 263 561 917 2335 540 121 40768 472 505 1102 1009 83 442 68 1376 138 1587 649 153 122 247 96 820
internal_value=-0.00252197 -0.06477 0.0145204 0.0879715 0.0246833 -0.070027 -0.0010528 0.0631321 0.061069 0.0929373 0.068985 0.0176723 -0.0441925 -0.0711109 -0.0583679 0.0026922 0.0749744 -0.0194396 -0.0671205 0.0551475 -0.0690179 -0.00249907 -0.0109742 0.0690567 0.0510293 0.0336507 0.0478601 0.0304625 0.0513889 -0.0110066
internal_weight=28843.7 17088.8 1062.55 11754.9 855.23 16026.2 247.943 548.846 676.713 10899.7 684.426 201.72 306.384 15778.3 2047.15 304.03 473.224 211.427 385.837 248.4 1743.12 159.618 75.6218 620.903 141.486 150.029 121.588 95.8964 38.6099 48.7466
internal_count=465408 401542 12215 63866 8020 389327 3204 2984 3263 55846 3792 1457 5036 386123 45018 3362 2329 2857 8952 1227 41656 1848 655 2702 715 785 632 510 217 888
is_linear=0
shrinkage=0.07


Tree=17
num_leaves=31
num_cat=0
split_feature=6 5 6 2 6 3 6 5 11 8 11 0 6 6 5 5 3 11 2 3 9 5 8 12 12 3 3 0 9 11
split_gain=30324.9 1371.14 741.839 698.328 427.481 234.807 164.652 86.9659 86.5518 83.4803 80.8774 136.063 88.6115 80.7126 262.261 65.0064 63.7663 61.977 42.3698 34.3568 33.5303 29.1719 26.6633 25.313 24.5487 23.7065 22.3872 23.6926 21.3758 21.2833
threshold=61.874477386474616 0.61250001192092907 47.466186523437507 69.804355621337905 80.170940399169936 86.70682525634767 49.890829086303718 0.31666667759418493 1.0000000180025095e-35 0.69397994875907909 1.0000000180025095e-35 93.957649230957045 75.343498229980483 49.890829086303718 0.43650794029235845 0.47222222387790685 25.176055908203129 1.0000000180025095e-35 96.34091949462892 75.490947723388686 1.0000000180025095e-35 0.76388889551162731 0.41885964572429663 11.500000000000002 1.5000000000000002 66.312053680419936 63.859338760375984 79.277816772460952 1.0000000180025095e-35 1.0000000180025095e-35
decision_type=2 2 2 2 2 2 2 2 2 2 2 2 2 2 2 2 2 2 2 2 2 2 2 2 2 2 2 2 2 2
left_child=1 5 20 4 15 13 -7 9 21 16 -5 12 -12 -1 19 -2 -6 18 23 -15 -3 -4 -14 26 -8 -18 27 -16 -17 -21
right_child=3 2 8 10 7 6 24 -9 -10 -11 11 -13 22 14 17 28 25 -19 -20 29 -22 -23 -24 -25 -26 -27 -28 -29 -30 -31
leaf_value=-0.072790183163157773 -0.059758725848400578 -0.070124342190600653 0.047937175469955601 0.092140536936275025 0.064688202978063991 -0.069822340828561189 -0.0769722244981976 0.089853914405549823 -0.026341707105007571 0.072474735105111474 -0.046771818678003917 0.087439336676136251 0.019159464318107961 -0.070295567915738322 0.11985970813272559 -0.021223820543315591 -0.034161368817550525 -0.062136432844899808 0.072172174867452019 0.023670056688967409 0.060416923666216829 0.078857530766088993 0.083151947076612415 0.045675147148766262 0.054538076882684458 0.096178575543522882 -0.025775616823805921 -0.018231398925516874 0.096197517115792289 -0.073729533336895262
leaf_weight=12840.243228051811 242.05434687435627 352.84421467036009 263.25850284099579 9745.8558972403407 54.844515711069107 99.876796241849661 7.3374954871833316 249.75886170938611 54.805265165865421 155.72276905179024 67.885208990424871 464.90113342553377 61.798564348369837 1588.3050210177898 11.705851860344412 12.987119220197203 113.60738582909107 58.629497744143009 54.868613846600056 31.435499344021082 9.9122006818652135 346.02714373171329 65.954674378037453 48.805236130952835 133.46360437572002 7.2755564451217642 115.29069335758686 12.685631930828093 18.302661947906017 16.904832530766726
leaf_count=341105 4666 8869 1115 51917 312 2489 66 1294 561 709 784 2335 327 40768 106 98 992 1119 252 518 83 1587 309 251 649 37 1507 127 86 370
internal_value=-0.00251743 -0.0643129 0.0139446 0.0855387 0.0247083 -0.0696632 -0.00107848 0.0586611 0.0579184 0.0351562 0.090534 0.0668299 0.0178552 -0.0707801 -0.0574668 -0.0474853 0.00208597 0.00247111 0.0180364 -0.0685262 -0.0665573 0.0654975 0.0521966 0.0022775 0.0476847 -0.0263166 -0.0128857 0.0480407 0.0474607 -0.010391
internal_weight=27307.3 16046.4 1026.85 11260.9 854.553 15019.6 240.678 581.209 664.091 331.45 10406.4 660.54 195.638 14778.9 1938.63 273.344 175.727 301.986 243.356 1636.65 362.756 609.286 127.753 188.487 140.801 120.883 139.682 24.3915 31.2898 48.3403
internal_count=465408 401542 12215 63866 8194 389327 3204 3344 3263 2050 55672 3755 1420 386123 45018 4850 1341 3362 2243 41656 8952 2702 636 1991 715 1029 1740 233 184 888
is_linear=0
shrinkage=0.07


Tree=18
num_leaves=31
num_cat=0
split_feature=6 1 6 1 6 12 6 11 1 11 8 7 7 11 12 6 1 11 12 4 7 3 1 12 9 7 3 8 9 3
split_gain=27767.8 1320.42 859.288 523.877 505.437 138.952 239.704 87.2258 134.457 86.4749 85.9648 79.6399 51.5787 41.2898 35.885 33.9233 65.9882 38.7314 31.0932 30.1463 30.0887 29.4497 27.6581 25.0499 24.7866 24.6278 22.2617 21.4143 20.1347 18.831
threshold=61.874477386474616 82.793453216552749 48.231122970581062 60.421236038208015 80.170940399169936 11.500000000000002 49.238500595092781 1.0000000180025095e-35 86.391696929931655 1.0000000180025095e-35 0.32738095521926885 70.627449035644545 78.135349273681655 1.0000000180025095e-35 2.5000000000000004 49.890829086303718 65.80612945556642 1.0000000180025095e-35 2.5000000000000004 1.0000000180025095e-35 57.198879241943366 76.028167724609389 59.299959182739265 6.5000000000000009 1.0000000180025095e-35 61.920122146606452 47.856706619262702 0.85092595219612133 1.0000000180025095e-35 88.341892242431655
decision_type=2 2 2 2 2 2 2 2 2 2 2 2 2 2 2 2 2 2 2 2 2 2 2 2 2 2 2 2 2 2
left_child=1 5 20 4 12 15 -7 -5 11 18 -6 -9 21 22 -12 -1 29 19 -4 -18 -3 23 -8 -2 -25 -11 27 -16 -20 -17
right_child=3 2 9 7 10 6 13 8 -10 25 14 -13 -14 -15 26 16 17 -19 28 -21 -22 -23 -24 24 -26 -27 -28 -29 -30 -31
leaf_value=-0.072576035514184054 -0.062400653502576196 -0.069786223479115506 -0.037429553460660105 0.090282125972632327 -0.020408600953197877 -0.071595900522538544 -0.062007736459374817 -0.037436560705039347 0.087444684655288776 -0.056245794453879103 0.028339607245460832 0.050084044713717489 0.041885603963043354 -0.047310724349987683 0.041107879946322569 -0.068502231944099559 -0.063764561695225319 -0.071771009014398493 0.060730769549191078 -0.0011780201850513676 0.069327814396204487 0.095955233271106652 0.050734750863740581 -0.077363265134280892 0.078189985461922046 0.041783398075955498 0.087143164482300167 0.082871965703586445 0.099473261353654432 0.2290098259092227
leaf_weight=11675.31844137609 231.4731143899262 448.43223543837667 14.788175713270901 9040.4528429247439 52.613454539328814 308.42204764857888 11.490164391696451 77.378828477114439 407.92994182556868 40.441733818501234 81.610466208308935 149.13433223962784 32.256173152476549 29.679642271250486 129.23880999907851 1428.2926360890269 49.233040921390057 85.188593048602343 564.7924701012671 161.13806472346187 7.7499421946704379 6.4298610351979724 147.9511430747807 8.2465541064739245 12.82660949975252 18.213170800358057 425.87775679677725 112.54601842164993 74.387573018670082 1.0432251319289196
leaf_count=331812 4454 11988 107 50483 566 8656 157 798 2118 503 537 857 288 554 659 38383 1086 2061 2620 2243 79 34 835 118 86 103 2302 566 350 5
internal_value=-0.00251196 -0.063864 0.00759371 0.0833315 0.0373975 -0.0698736 -0.0335491 0.0885214 0.0634316 0.0556152 0.0660829 0.0201863 -0.0415857 0.0284983 0.0721563 -0.0712223 -0.0620591 -0.0319503 0.062918 -0.0158251 -0.0674229 -0.0519823 0.0426099 -0.0557488 0.0173174 -0.0258064 0.0775122 0.0605482 0.0652396 -0.0682851
internal_weight=25834.6 15066.6 1168.81 10768 1093.12 13897.8 497.543 9674.9 634.443 712.623 801.887 226.513 291.232 189.121 749.273 13400.2 1724.9 295.56 653.968 210.371 456.182 258.976 159.441 252.546 21.0732 58.6549 667.663 241.785 639.18 1429.34
internal_count=465408 401542 15750 63866 9610 385792 10202 54256 3773 3683 4630 1655 4980 1546 4064 375590 43778 5390 3077 3329 12067 4692 992 4658 204 606 3527 1225 2970 38388
is_linear=0
shrinkage=0.07


Tree=19
num_leaves=31
num_cat=0
split_feature=6 1 6 2 8 2 6 5 11 2 11 8 5 6 5 2 0 5 6 11 7 12 7 11 2 6 1 12 12 5
split_gain=25445 1249.63 776.375 628.462 347.326 163.528 258.015 83.6834 79.3786 123.163 76.1811 66.1217 65.73 64.4939 38.2118 31.2484 40.5675 29.209 93.5367 36.1072 27.8119 27.4474 26.2916 30.8814 24.1756 93.5443 45.1117 22.9059 22.3741 26.832
threshold=61.874477386474616 82.793453216552749 48.231122970581062 69.804355621337905 0.36602871119976049 92.031745910644545 49.890829086303718 0.31666667759418493 1.0000000180025095e-35 87.298336029052749 1.0000000180025095e-35 0.69397994875907909 0.47222222387790685 78.817016601562514 0.087121214717626586 55.848154067993171 26.006441116333011 0.43650794029235845 49.890829086303718 1.0000000180025095e-35 57.198879241943366 2.5000000000000004 62.554347991943366 1.0000000180025095e-35 80.874973297119155 75.343498229980483 75.134407043457045 11.500000000000002 6.5000000000000009 0.11805555596947671
decision_type=2 2 2 2 2 2 2 2 2 2 2 2 2 2 2 2 2 2 2 2 2 2 2 2 2 2 2 2 2 2
left_child=1 5 20 4 12 17 -7 11 24 13 21 14 -2 -10 15 16 -6 -1 -19 27 -3 -4 23 -8 25 26 28 -20 29 -5
right_child=3 2 10 8 7 6 22 -9 9 -11 -12 -13 -14 -15 -16 -17 -18 18 19 -21 -22 -23 -24 -25 -26 -27 -28 -29 -30 -31
leaf_value=-0.072010909891248684 -0.054702399241086594 -0.069369466810103475 -0.035394591423095513 0.1144970000621002 0.048910024276738059 -0.07117062117775487 0.033620229617013685 0.088719367351829378 -0.043785028422933657 0.079600147492988674 -0.024705035846432036 0.065641278482919174 0.043197325529205459 0.048940887542958861 -0.066500272960300991 0.1039618669441166 -0.03664966560707586 -0.071508509847032914 -0.015987281934839372 -0.070780961023627964 0.062113331969444401 0.061848651656920543 0.12546429905721024 -0.067346436527217182 0.089149056716109731 0.084251493570561956 0.081597795057935962 0.046573965693393733 0.0515094558498886 -0.077243653773178114
leaf_weight=11671.149375732988 240.96144625544548 420.53919537365437 14.552438192069529 3.9635525047779074 51.841439515352249 300.38559103757143 168.76239286735654 217.46376134455204 67.926969222724438 470.45155681297183 57.135034721344709 148.38123962283134 39.050434526056051 80.091262422502041 32.888540919870138 17.872962012887001 57.021434538066387 648.92801041156054 116.63077880442142 46.796819590032101 8.0335525646805745 627.47708207368851 13.633825581520794 16.27497335895896 8085.2744837738574 699.0974987000227 24.252587262541056 38.026923671364784 11.663183648139237 36.592749800533056
leaf_count=353198 4880 11988 107 20 297 8921 846 1204 810 2543 606 709 231 402 218 94 561 19678 1580 1033 79 2970 78 260 47433 4010 126 198 61 267
internal_value=-0.00250442 -0.0634097 0.00727866 0.0812803 0.0219194 -0.0695322 -0.0302376 0.0554741 0.0863243 0.0620783 0.0527515 0.0320017 -0.0410493 0.00638809 0.000731462 0.0181784 0.0040946 -0.0710983 -0.0585733 -0.0169064 -0.0669048 0.0596445 0.0316519 0.0247397 0.0880166 0.0762111 0.0027066 -0.000604849 -0.0339333 -0.0585049
internal_weight=24433.1 14148.3 1127.74 10284.8 805.481 13020.6 499.057 525.469 9479.31 618.47 699.165 308.006 280.012 148.018 159.624 126.736 108.863 12521.5 850.383 201.455 428.573 642.03 198.671 185.037 8860.84 775.57 76.4721 154.658 52.2195 40.5563
internal_count=465408 401542 15750 63866 8194 385792 10105 3083 55672 3755 3683 1879 5111 1212 1170 952 858 375687 22489 2811 12067 3077 1184 1106 51917 4484 474 1778 348 287
is_linear=0
shrinkage=0.07


Tree=20
num_leaves=31
num_cat=0
split_feature=6 1 7 2 6 2 6 11 5 11 2 8 7 3 5 5 6 11 8 1 1 7 2 6 1 11 12 7 11 1
split_gain=23351.4 1184.07 703.094 589.429 315.604 161.588 239.079 90.9954 89.1765 79.9426 113.229 73.0779 60.3531 59.2129 33.5585 30.4402 92.8254 33.9174 29.1697 27.9986 26.7125 26.1601 24.2888 86.8356 40.0881 24.0704 23.4806 22.4464 27.4095 19.9613
threshold=61.874477386474616 82.793453216552749 49.693204879760749 69.804355621337905 77.095886230468764 92.031745910644545 49.890829086303718 1.0000000180025095e-35 0.31666667759418493 1.0000000180025095e-35 87.298336029052749 0.62828946113586437 82.207000732421889 25.176055908203129 0.47222222387790685 0.43650794029235845 49.890829086303718 1.0000000180025095e-35 0.13188406080007556 94.39203262329103 89.512962341308608 62.554347991943366 80.874973297119155 75.343498229980483 75.134407043457045 1.0000000180025095e-35 2.5000000000000004 62.554347991943366 1.0000000180025095e-35 62.575302124023445
decision_type=2 2 2 2 2 2 2 2 2 2 2 2 2 2 2 2 2 2 2 2 2 2 2 2 2 2 2 2 2 2
left_child=1 5 18 4 14 15 -7 19 11 22 12 13 20 -6 -2 -1 -17 -18 -3 26 -11 -9 23 24 -5 -10 -4 28 -8 -15
right_child=3 2 7 9 8 6 27 21 25 10 -12 -13 -14 29 -16 16 17 -19 -20 -21 -22 -23 -24 -25 -26 -27 -28 -29 -30 -31
leaf_value=-0.071805435909596912 -0.061775948065018828 -0.071383867676884427 -0.049177145797846898 -0.032433700425263917 0.058253465411318366 -0.070898979081620572 0.031170071632343081 -0.055342617610245129 0.087883991181207585 -0.040709281585485362 0.077051999163590665 0.056604898381019349 0.066972017999205977 -0.043253101997870878 0.028335563141127437 -0.071270415591217356 -0.00057797863437669109 -0.070328407460666126 0.073189358422197481 0.072135908841469337 0.076988173365064486 0.043370047239206226 0.087446309748114195 0.082188750055759763 0.077821055145214452 0.0011456785882200228 0.046532161344800198 0.11580404321927798 -0.066461278725023096 0.072491625665367918
leaf_weight=10912.146703284234 188.12866197153926 380.03697671182454 13.081006580963729 50.920955888926983 46.277229692786932 281.11298076622188 169.26674948260188 49.023513000458479 215.27614617347717 83.242822363972664 452.63152932748199 174.52289971709251 51.456378497183323 107.95033603161573 22.693378522992134 607.00652716122568 153.92749405279756 43.903956573456526 6.9636645056307307 306.47660622745752 10.658649444580076 17.979642134159803 7680.1756474114954 667.60717652738094 23.670700628310442 16.908093441277742 315.49493474513292 13.733128201216457 15.369666021317242 7.8306051827967158
leaf_count=353198 4322 11458 118 348 309 8921 846 930 1245 899 2543 846 261 1170 147 19678 1778 1033 52 1546 52 107 47433 4010 126 109 1539 78 260 46
internal_value=-0.00249645 -0.0629619 0.00697226 0.0794749 0.0210791 -0.0692066 -0.0293769 0.0487312 0.0481953 0.0845218 0.0597906 0.0251741 0.00604007 -0.0086742 -0.0520761 -0.0708365 -0.0576989 -0.0160574 -0.0687824 0.0569171 -0.0273496 -0.028854 0.0862777 0.0741854 0.00255422 0.0815675 0.0427219 0.0294648 0.023043 -0.0354249
internal_weight=23085.5 13285.5 1089.06 9799.95 779.587 12196.5 479.483 702.056 568.765 9020.36 597.989 336.581 145.358 162.058 210.822 11717 804.838 197.831 387.001 635.053 93.9015 67.0032 8422.37 742.199 74.5917 232.184 328.576 198.37 184.636 115.781
internal_count=465408 401542 15750 63866 8194 385792 10105 4240 3725 55672 3755 2371 1212 1525 4469 375687 22489 2811 11510 3203 951 1037 51917 4484 474 1354 1657 1184 1106 1216
is_linear=0
shrinkage=0.07


Tree=21
num_leaves=31
num_cat=0
split_feature=6 0 7 2 6 3 6 11 0 12 7 11 6 2 11 7 0 0 12 11 12 0 2 0 0 2 6 12 12 6
split_gain=21446.8 1079.95 753.011 554.548 283.299 119.865 83.3329 80.337 110.787 79.2467 72.5897 67.031 55.3405 130.625 52.9582 46.8237 43.7686 39.9739 39.7796 38.1472 35.0343 29.0467 26.0065 33.0919 25.558 24.784 84.395 51.3262 22.6361 21.8365
threshold=61.874477386474616 93.419914245605483 49.693204879760749 69.804355621337905 77.095886230468764 86.505657196044936 49.890829086303718 1.0000000180025095e-35 94.360820770263686 4.5000000000000009 77.204086303710952 1.0000000180025095e-35 49.890829086303718 82.167320251464858 1.0000000180025095e-35 62.554347991943366 26.006441116333011 65.692962646484389 12.500000000000002 1.0000000180025095e-35 2.5000000000000004 74.037036895751967 49.65753364562989 28.035087585449222 86.526824951171889 80.874973297119155 80.170940399169936 6.5000000000000009 6.5000000000000009 90.34647369384767
decision_type=2 2 2 2 2 2 2 2 2 2 2 2 2 2 2 2 2 2 2 2 2 2 2 2 2 2 2 2 2 2
left_child=1 5 -3 4 28 12 -7 25 10 16 29 18 -1 21 22 -13 -6 -18 -4 20 -15 -14 23 -11 -8 26 27 -5 -2 -9
right_child=3 2 11 7 9 6 24 8 -10 14 -12 15 13 19 -16 -17 17 -19 -20 -21 -22 -23 -24 -25 -26 -27 -28 -29 -30 -31
leaf_value=-0.072037208735274472 -0.058810354615380415 -0.069456305599730803 0.042485503013996583 -0.024850420546155341 0.055719248133531032 -0.071495508826199053 0.19705469152436911 -0.039453414983642354 0.078578708592349264 0.06818685613500991 0.058137474670874711 -0.053876555134589922 -0.069596274808657835 -0.05457566587770131 -0.03087054462616395 0.082914065192215392 -0.033876946830036773 0.071886250233312007 0.083178960357127754 -0.069095160868322944 0.034564387948768815 -0.042027873309812683 0.082269605101148266 -0.033882598565563714 0.021112684670536539 0.085910218127774843 0.082557286364018781 0.071837140638856975 0.019159147839664839 0.089291516815361266
leaf_weight=9625.1513913795352 180.59481095708907 457.12413921393454 509.23279658518732 63.772552497684956 64.382545758038759 67.841724602505565 4.2168045490980139 87.59556207805872 394.05175926536322 47.155226983129978 88.904427997767925 51.480543550103903 1098.8055107854307 26.960420172661543 26.207120161503553 16.095217045396566 101.21408545225859 21.173944123089314 153.09614966437221 31.10053339600563 108.75069705955684 225.74450238421559 270.13589121028781 23.23226410895586 99.645451795309782 7284.3917746320367 600.03871655464172 46.532408561557531 20.295573782175779 6.9689128994941703
leaf_count=334770 4267 14836 2596 418 397 2194 24 914 2318 228 488 1125 36727 591 213 100 1048 115 778 854 1301 5092 1604 120 554 47433 3808 258 202 35
internal_value=-0.00248768 -0.0625179 0.000994215 0.0778082 0.0202704 -0.0691966 -0.0111567 0.0828718 0.0576587 0.0461133 0.012727 0.0451159 -0.0700931 -0.0575459 0.0650154 -0.0212957 0.00899841 -0.0155792 0.0518917 0.000831009 0.0168558 -0.0648978 0.0723949 0.0344976 0.0282559 0.0846931 0.0722123 0.0159375 -0.0509332 -0.0299656
internal_weight=21801.9 12475.2 1187.03 9326.65 754.391 11288.2 171.704 8572.26 577.521 553.501 183.469 729.905 11116.5 1491.36 366.731 67.5758 186.771 122.388 662.329 166.812 135.711 1324.55 340.523 70.3875 103.862 7994.74 710.344 110.305 200.89 94.5645
internal_count=465408 401542 19435 63866 8194 382107 2772 55672 3755 3725 1437 4599 379335 44565 2165 1225 1560 1163 3374 2746 1892 41819 1952 348 578 51917 4484 676 4469 949
is_linear=0
shrinkage=0.07


Tree=22
num_leaves=31
num_cat=0
split_feature=8 1 2 11 5 11 8 0 8 5 8 12 1 5 1 12 12 12 0 0 11 1 8 9 2 3 2 3 0 1
split_gain=19412.5 1369.57 552.182 520.167 142.762 173.825 109.996 100.885 200.055 102.462 85.2614 81.8808 61.1982 60.096 48.0907 40.4903 48.6042 37.6623 37.5977 35.6233 34.4884 44.6041 32.035 28.5008 25.6275 24.854 24.823 17.4171 19.621 16.0474
threshold=0.21807064861059192 80.901721954345717 56.949806213378913 1.0000000180025095e-35 0.43650794029235845 1.0000000180025095e-35 0.35857143998146063 77.015758514404311 0.41885964572429663 0.087121214717626586 0.080540537834167494 11.500000000000002 93.127067565917983 0.47222222387790685 27.639257431030277 6.5000000000000009 10.500000000000002 3.5000000000000004 51.022111892700202 94.360820770263686 1.0000000180025095e-35 86.391696929931655 0.32738095521926885 1.0000000180025095e-35 81.53021621704103 88.341892242431655 96.459899902343764 68.208553314208999 82.426471710205092 71.248622894287124
decision_type=2 2 2 2 2 2 2 2 2 2 2 2 2 2 2 2 2 2 2 2 2 2 2 2 2 2 2 2 2 2
left_child=1 4 6 12 25 11 -2 8 9 -4 -5 26 17 15 -8 29 -17 -3 -16 -12 -9 22 -22 24 -19 -1 27 28 -6 -11
right_child=2 3 7 10 5 -7 14 20 -10 13 19 -13 -14 -15 18 16 -18 23 -20 -21 21 -23 -24 -25 -26 -27 -28 -29 -30 -31
leaf_value=-0.07120448782791422 -0.057215240501009582 -0.052335728652718454 0.083609684658870628 -0.070312966631200347 0.021962634291150019 -0.068725433721546464 0.053939692949259897 0.084509543962451583 0.078159487348541251 -0.077229855492083097 -0.051628104253938462 0.03477567237714755 0.062505013477442348 0.093926198750555648 -0.034024806144052441 0.10425838073023867 -0.077215158806143977 -0.035978998831172573 0.061492297578118443 0.03170776234626492 -0.0089661849412060162 0.079772763064143021 0.058180796154040613 0.074383477325461606 0.028242617667174473 0.14726764059676359 0.014960470397975618 -0.052184251835626874 -0.052437896081699228 0.032653270203044038
leaf_weight=9680.1457413099706 135.97567954473197 29.517139416188002 48.86682509072125 327.65694366209209 39.481395814567804 564.57611127942801 115.86948144808412 7107.7923863790929 541.38804150000215 95.375605741515756 39.579284559935331 138.2452963963151 386.12840743362904 16.197232369333506 82.86185254342854 16.273101642727855 13.016072768718002 33.912780154496431 26.699055634438992 68.867948794737458 55.321796000003815 313.96367488056421 93.922149028629065 59.253448788076639 297.89820864610374 2.5521981325000516 48.40257253497839 169.11133723147213 31.010969419032335 6.9896251782774916
leaf_count=356120 3896 598 371 11556 821 19792 663 48831 3458 1512 667 939 2523 94 742 98 154 568 164 713 422 1941 531 452 2269 26 477 4212 734 64
internal_value=-0.0024771 -0.0604594 0.077211 0.00908634 -0.0685572 -0.0432497 -0.00749154 0.0808951 0.056192 -0.00426476 -0.0525065 -0.00950679 0.0423832 -0.0333084 0.0225009 -0.0489618 0.0236118 0.0239096 -0.0107481 0.00129321 0.0833035 0.0647964 0.0332907 0.0296646 0.0216788 -0.0711469 -0.0307627 -0.0399993 -0.0107676 -0.0697269
internal_weight=20586.9 11916.3 8670.51 1242.81 10673.5 990.828 361.406 8309.11 738.107 196.718 436.104 426.252 806.71 147.852 225.43 131.654 29.2892 420.582 109.561 108.447 7571 463.208 149.244 391.064 331.811 9682.7 288.006 239.604 70.4924 102.365
internal_count=465408 402467 62941 19346 383121 26975 5465 57476 5751 2293 12936 7183 6410 1922 1569 1828 252 3887 906 1380 51725 2894 953 3289 2837 356146 6244 5767 1555 1576
is_linear=0
shrinkage=0.07


Tree=23
num_leaves=31
num_cat=0
split_feature=6 5 2 7 8 6 2 5 2 5 11 2 11 11 6 12 7 7 7 12 9 9 8 5 2 8 6 8 12 8
split_gain=18148.2 988.532 500.03 428.985 299.753 198.509 373.916 85.8644 66.7653 57.1319 56.8359 63.6709 56.8186 47.8075 46.8202 42.0933 30.1215 29.9751 29.2554 28.9634 25.9165 23.6029 21.6206 20.6592 26.0187 20.2425 24.17 19.7783 19.3818 19.3576
threshold=61.874477386474616 0.61250001192092907 73.606811523437514 49.238500595092781 0.41885964572429663 49.890829086303718 82.167320251464858 0.47222222387790685 49.65753364562989 0.43650794029235845 1.0000000180025095e-35 88.303691864013686 1.0000000180025095e-35 1.0000000180025095e-35 78.817016601562514 2.5000000000000004 73.357315063476577 62.554347991943366 62.554347991943366 12.500000000000002 1.0000000180025095e-35 1.0000000180025095e-35 0.10762548446655275 0.84523808956146251 88.047618865966811 0.16064515709877017 50.099601745605476 0.83666664361953746 2.5000000000000004 0.23669467866420749
decision_type=2 2 2 2 2 2 2 2 2 2 2 2 2 2 2 2 2 2 2 2 2 2 2 2 2 2 2 2 2 2
left_child=1 5 4 22 7 -1 9 16 27 -7 -4 14 15 19 -12 18 -2 -15 -8 23 -9 -18 -3 24 -5 26 -17 -6 -10 -16
right_child=2 3 10 13 8 6 12 20 28 -11 11 -13 -14 17 29 25 21 -19 -20 -21 -22 -23 -24 -25 -26 -27 -28 -29 -30 -31
leaf_value=-0.071725177198639273 -0.05919085084556857 -0.071161456768602846 0.082465853437703671 -0.049507438547408897 0.0019677310757714814 -0.069111870453574545 -0.063243915488835678 -0.0033493651435229843 0.012257118061471284 -0.019550313782905695 -0.037539322668550985 0.071949925551643132 -0.054079804597959219 -0.052561928039595827 -0.064138195170661452 0.036929228899727412 -0.066280633860556062 0.063782440809737065 0.24771149138180509 0.077200774066538941 0.082101039860152089 0.020528849079311077 0.039848203129242067 0.057237072865787331 0.033281430914130182 0.10685778328763573 -0.054509799201906531 0.058129743403357456 0.075193287207839021 0.062945443245126811
leaf_weight=8646.5438969880342 193.96077631041408 233.62528126686811 7004.2081836313009 20.526872277259827 111.94570295885205 1041.5450069066137 30.34328507445753 32.523299437016249 25.550491712987423 127.97135603800416 50.590122444555163 392.28018996864557 47.250212432816625 38.479711648076773 6.4794997349381438 251.26012876629829 22.169006804004312 15.11250554397702 1.5586944147944439 138.31221986562014 37.381606429815292 49.873183261603117 8.9253509324043971 186.20120851695538 198.26191535964608 18.839126247912645 15.011029379442332 42.348880708217621 389.27928531169891 62.756068527698517
leaf_count=343594 4720 8425 50718 103 666 39654 642 236 147 2114 601 2485 1140 780 38 1905 316 93 14 754 216 631 117 1012 931 110 154 212 2544 336
internal_value=-0.0024647 -0.0615879 0.0749011 0.0114236 0.0257452 -0.0676083 -0.0443998 -0.0266922 0.0566948 -0.0636887 0.0808199 0.0583083 0.0175299 0.0433225 0.013649 0.0282033 -0.044835 -0.0197539 -0.048051 0.0495445 0.0423452 -0.00618439 -0.0670765 0.0400993 0.0255141 0.0367356 0.0317744 0.0173824 0.0713169 0.0510522
internal_weight=19441.1 11019.8 8421.35 839.445 905.032 10180.3 1533.78 335.908 569.124 1169.52 7516.31 512.106 364.262 596.894 119.826 317.012 266.003 53.5922 31.902 543.302 69.9049 72.0422 242.551 404.99 218.789 285.11 266.271 154.295 414.83 69.2356
internal_count=465408 401542 63866 12215 9688 389327 45733 6119 3569 41768 54178 3460 3965 3673 975 2825 5667 873 656 2800 452 947 8542 2046 1034 2169 2059 878 2691 374
is_linear=0
shrinkage=0.07


Tree=24
num_leaves=31
num_cat=0
split_feature=6 1 6 2 6 5 6 12 11 5 8 11 1 6 9 12 1 8 3 3 9 12 9 3 8 2 1 12 12 1
split_gain=16689.9 980.209 611.027 479.097 294.441 103.016 197.097 72.1352 65.4167 54.7994 53.8276 52.961 64.3833 53.7925 31.2336 31.1206 27.5598 31.8601 26.4576 25.5417 24.8033 23.0625 20.2657 19.8896 19.8428 18.834 26.9414 18.8284 21.4315 17.3451
threshold=61.874477386474616 79.337715148925795 48.231122970581062 74.833332061767592 80.170940399169936 0.43650794029235845 49.890829086303718 6.5000000000000009 1.0000000180025095e-35 0.47222222387790685 0.32738095521926885 1.0000000180025095e-35 86.391696929931655 75.343498229980483 1.0000000180025095e-35 11.500000000000002 61.861471176147468 0.67333334684371959 22.792207717895511 60.107526779174812 1.0000000180025095e-35 1.5000000000000002 1.0000000180025095e-35 88.341892242431655 0.11651583760976793 49.65753364562989 28.730158805847172 6.5000000000000009 10.500000000000002 93.127067565917983
decision_type=2 2 2 2 2 2 2 2 2 2 2 2 2 2 2 2 2 2 2 2 2 2 2 2 2 2 2 2 2 2
left_child=1 5 14 4 9 23 -7 10 21 27 -6 -5 13 -13 -3 19 17 18 -12 -8 -11 -4 29 -1 -16 26 -9 -2 -29 -23
right_child=3 2 8 11 7 6 15 25 -10 20 16 12 -14 -15 24 -17 -18 -19 -20 -21 -22 22 -24 -25 -26 -27 -28 28 -30 -31
leaf_value=-0.07107486078346216 -0.059192759285328619 -0.069326226516190415 -0.046589797533139757 0.081375803246887451 -0.040462147406214698 -0.070435642034010024 0.051514348538531096 0.06799134127908274 -0.02773097727686627 -0.021839642499819706 0.05992245474845391 -0.036968065514867358 0.076497609792328836 0.048397149428517985 -0.010279691938908462 0.030433877188958271 0.077031645007868813 0.058380557153742185 -0.014683579579742478 -0.02753899181082111 0.075563709390694914 0.032610521545087125 0.083955622965134466 0.16761060359172142 0.17972326330540597 0.079640615851283944 -0.064751283256114622 0.076006614625494115 -0.06974476748053611 0.057187287093260292
leaf_weight=8398.6217224262655 190.61093573644757 417.34746642410755 12.804577711969612 6578.1003634892404 48.142725270241499 520.11120400391519 23.16267841681838 22.99079766869545 64.048427674919367 24.893182091414928 31.039053149521351 51.105428405106068 312.35141447931528 123.7721100859344 12.780540298670532 113.54377629980445 71.933070935308933 91.374336406588554 93.313293397426605 147.91072342544794 26.391534566879272 305.86714562959969 69.548258449882269 1.7110332548618306 3.412354575470089 299.00747035443783 11.1135076880455 11.270400922745468 8.8056746050715429 260.58928030729294
leaf_count=355357 4843 16519 143 50372 600 21727 287 117 919 197 151 562 2086 733 254 612 483 490 675 2220 149 1616 399 15 32 2118 54 83 153 1442
internal_value=-0.00245445 -0.0611325 -9.4265e-05 0.073507 0.0263022 -0.0687343 -0.0448088 0.0509394 0.0397599 -0.036606 0.0280445 0.0797264 0.0574578 0.0234504 -0.0656253 0.00202193 0.0395098 0.0269983 0.00393851 -0.0168355 0.0282849 0.0464224 0.048295 -0.0710262 0.0297599 0.0740193 0.0247347 -0.0524015 0.0120778 0.0439167
internal_weight=18347.7 10351.5 1146.4 7996.22 930.886 9205.06 804.728 668.914 712.858 261.972 335.802 7065.33 487.229 174.878 433.54 284.617 287.66 215.727 124.352 171.073 51.2847 648.809 636.005 8400.33 16.1929 333.112 34.1043 210.687 20.0761 566.456
internal_count=465408 401542 21324 63866 10113 380218 24846 4688 4519 5425 2399 53753 3381 1295 16805 3119 1799 1316 826 2507 346 3600 3457 355372 286 2289 171 5079 236 3058
is_linear=0
shrinkage=0.07


Tree=25
num_leaves=31
num_cat=0
split_feature=6 0 7 0 6 6 0 11 0 11 8 12 7 4 8 11 7 7 5 8 9 12 5 6 7 5 4 0 9 4
split_gain=15358.1 849.46 523.235 477.251 316.19 119.129 187.966 75.348 84.3189 70.51 58.0454 49.4783 47.5576 47.0086 43.0404 40.2934 31.024 24.2866 22.1492 20.3168 19.7875 36.1235 19.5814 18.4211 17.963 17.1556 16.9564 14.504 12.5833 12.0369
threshold=60.705402374267585 93.419914245605483 49.693204879760749 75.582656860351577 80.170940399169936 49.890829086303718 75.582656860351577 1.0000000180025095e-35 94.360820770263686 1.0000000180025095e-35 0.31414473056793218 12.500000000000002 72.438781738281264 1.0000000180025095e-35 0.41885964572429663 1.0000000180025095e-35 85.794998168945327 62.554347991943366 0.47222222387790685 0.11651583760976793 1.0000000180025095e-35 2.5000000000000004 0.84523808956146251 90.967365264892592 77.204086303710952 0.47222222387790685 1.0000000180025095e-35 45.748708724975593 1.0000000180025095e-35 1.0000000180025095e-35
decision_type=2 2 2 2 2 2 2 2 2 2 2 2 2 2 2 2 2 2 2 2 2 2 2 2 2 2 2 2 2 2
left_child=1 5 19 4 12 -1 25 -5 14 13 -6 15 18 -8 24 22 23 -17 -2 -3 -14 -22 28 29 -9 -7 -26 -18 -4 -12
right_child=3 2 11 7 10 6 9 8 -10 -11 16 -13 20 -15 -16 17 27 -19 -20 -21 21 -23 -24 -25 26 -27 -28 -29 -30 -31
leaf_value=-0.071470207403687772 -0.055846406167961458 -0.071003357380544987 0.018993644540774329 0.080630753221697493 -0.019392169698018203 -0.067999843357467268 -0.055898447697362443 -0.036385542658734164 0.071763640512930063 -0.068255447099979064 -0.0038239384119863823 0.074727152217989298 -0.049800321765752796 0.016981323268411903 0.064014421724186962 -0.057473424987999538 0.050729667496284603 0.057013225964657743 0.11072061367870205 0.043742097165399445 -0.029790382256844085 0.087880658229952821 0.052081060460913639 0.052743363091784852 -0.053020135608604475 0.0093850098023697068 0.054513152265159293 0.077546116979840776 0.080513524848196225 0.058396988635937591
leaf_weight=7397.9277412630618 209.02649846486747 350.4836329575628 282.86430578678846 6164.8917237557471 52.221012558788061 847.9570630826056 51.502837417647243 70.001681515946984 336.365846991539 78.961683491244912 66.610578846186399 133.04171836003661 17.777735130861402 274.52949026599526 48.252174273133278 40.183560904115438 153.06344586610794 11.729592029005287 3.9864021949470034 7.727740677073597 22.938248893246055 28.875727500766516 173.44600628316402 120.8005334213376 9.9559230580925924 14.27383474819362 25.819179441779852 278.91390105336905 17.287067350000143 19.752561140805483
leaf_count=336964 5395 14755 1476 49974 624 36976 1233 748 2340 2469 556 805 289 3224 291 1061 876 79 27 78 422 218 998 793 64 227 146 2069 95 136
internal_value=-0.00244268 -0.0609708 -0.000441287 0.0718325 0.0260666 -0.0680732 -0.0482421 0.0785301 0.0521218 -0.00890537 0.0515664 0.0365936 -0.036316 0.00546862 0.00922818 0.0269395 0.0573641 -0.0316056 -0.0527292 -0.0685279 0.0139232 0.0357872 0.0333569 0.035094 -0.0157637 -0.0667188 0.0245875 0.0680442 0.0225369 0.0104069
internal_weight=17311.2 9681.92 1016.76 7629.25 973.967 8665.15 1267.22 6655.29 490.395 404.994 691.362 658.552 282.605 326.032 154.029 525.511 639.141 51.9132 213.013 358.211 69.5917 51.814 473.597 207.164 105.777 862.231 35.7751 431.977 300.151 86.3631
internal_count=465408 400440 19347 64968 11405 381093 44129 53563 3589 6926 5054 4514 6351 4457 1249 3709 4430 1140 5422 14833 929 640 2569 1485 958 37203 210 2945 1571 692
is_linear=0
shrinkage=0.07


Tree=26
num_leaves=31
num_cat=0
split_feature=6 1 7 0 6 5 6 11 1 11 8 6 7 12 5 12 9 12 8 11 1 0 5 5 11 7 9 12 7 1
split_gain=14130.8 861.806 510.353 459.641 282.646 102.846 175.372 76.0378 78.4286 68.535 52.3634 47.8333 43.2996 31.7252 49.5909 26.2068 23.9185 23.9715 23.0901 23.0622 22.5932 19.7236 19.7168 19.5038 18.4819 18.4443 17.5019 31.6533 17.4312 15.813
threshold=60.705402374267585 79.337715148925795 49.693204879760749 75.582656860351577 80.170940399169936 0.43650794029235845 49.890829086303718 1.0000000180025095e-35 86.391696929931655 1.0000000180025095e-35 0.31414473056793218 75.343498229980483 72.438781738281264 4.5000000000000009 0.095454547554254546 11.500000000000002 1.0000000180025095e-35 2.5000000000000004 0.11651583760976793 1.0000000180025095e-35 44.920890808105476 41.060766220092781 0.47222222387790685 0.38750000298023229 1.0000000180025095e-35 62.554347991943366 1.0000000180025095e-35 2.5000000000000004 61.920122146606452 94.804317474365249
decision_type=2 2 2 2 2 2 2 2 2 2 2 2 2 2 2 2 2 2 2 2 2 2 2 2 2 2 2 2 2 2
left_child=1 5 18 4 12 -1 25 -5 11 16 -6 -9 22 14 20 24 17 -4 -3 21 -12 -15 -2 -16 -8 -7 -14 -28 -11 -19
right_child=3 2 9 7 10 6 15 8 -10 28 13 -13 26 19 23 -17 -18 29 -20 -21 -22 -23 -24 -25 -26 -27 27 -29 -30 -31
leaf_value=-0.070771481990011126 -0.05425466811925269 -0.070743857530335227 -0.049746383430049619 0.079603893931702141 -0.018204455562225177 -0.070626089055089936 -0.0067372463616142348 -0.039221345432014582 0.072673521457169848 -0.055353455796758211 0.028226714390285092 0.03854510740353962 -0.047682209249017241 0.040140455040361935 -0.080355239781965029 0.026878828085212449 0.084514054420665632 0.03034131972325842 0.038868106953120436 -0.03546765352930898 0.083966788339675275 0.076522968664879717 0.10294701351744279 0.088783993058403107 -0.070104612530373728 0.25426336150414303 -0.028280544260754052 0.082783046242084213 0.023561488910234539 0.054745954551359922
leaf_weight=7317.1995374709368 200.4104493483901 354.52419279143214 15.014448231086133 5819.61161015369 51.751638654619455 453.82859557680786 139.08201843872666 56.762400740757585 293.47987626492977 47.626206470653415 112.36440266668797 122.1744931563735 17.285800039768219 94.340322460979223 23.309425316751007 111.38255764916539 58.589209873229265 331.78777409158647 9.673796955496071 10.765973817557095 52.178002145141363 322.958904851228 3.9872581250965586 3.8994795233011237 26.918394152075052 0.8578436654061069 22.488121721893549 28.52124485000968 19.262472163885832 214.01210793107748
leaf_count=354439 5395 15889 191 49974 624 21693 1630 692 2135 1339 730 762 289 548 148 600 369 1859 114 63 388 2528 27 25 837 34 422 218 159 1287
internal_value=-0.00243 -0.0604865 -0.000855749 0.070577 0.0250364 -0.0682687 -0.0432532 0.0774114 0.0504028 0.034687 0.0494406 0.013876 -0.0350645 0.0550887 0.0314265 0.000611787 0.0419563 0.0375102 -0.0678324 0.0656881 0.0459024 0.0682978 -0.0511881 -0.0561148 -0.0170128 -0.0700131 0.0131909 0.0338193 -0.0326277 0.0399106
internal_weight=16336 9099.76 1050.49 7236.29 944.261 8049.27 732.069 6292.03 472.417 686.292 671.568 178.937 272.693 619.817 191.751 277.383 619.404 560.814 364.198 428.065 164.542 417.299 204.398 27.2089 166 454.686 68.2952 51.0094 66.8887 545.8
internal_count=465408 400440 21207 64968 11405 379233 24794 53563 3589 5204 5054 1454 6351 4430 1291 3067 3706 3337 16003 3139 1118 3076 5422 173 2467 21727 929 640 1498 3146
is_linear=0
shrinkage=0.07


Tree=27
num_leaves=31
num_cat=0
split_feature=6 6 2 2 6 12 11 0 11 8 0 6 12 0 3 12 9 3 9 12 11 2 0 6 0 2 8 12 8 8
split_gain=13006.3 778.774 699.385 476.444 241.094 76.1608 60.2605 59.5407 48.4743 48.1701 40.8885 34.2969 32.1334 27.6717 34.6756 23.2111 21.3075 20.7758 20.0651 19.8233 19.4928 18.8947 24.4911 17.364 21.6952 16.1561 50.4628 24.3302 16.1386 18.2294
threshold=60.705402374267585 49.890829086303718 82.167320251464858 74.833332061767592 77.095886230468764 6.5000000000000009 1.0000000180025095e-35 94.360820770263686 1.0000000180025095e-35 0.67333334684371959 75.582656860351577 75.343498229980483 2.5000000000000004 73.20508193969728 25.176055908203129 6.5000000000000009 1.0000000180025095e-35 92.031745910644545 1.0000000180025095e-35 13.500000000000002 1.0000000180025095e-35 49.65753364562989 28.035087585449222 54.007299423217781 97.01425933837892 81.872947692871108 0.32738095521926885 6.5000000000000009 0.04446640424430371 0.19292803853750232
decision_type=2 2 2 2 2 2 2 2 2 2 2 2 2 2 2 2 2 2 2 2 2 2 2 2 2 2 2 2 2 2
left_child=1 19 10 4 15 9 25 11 12 13 -3 -8 -4 14 -6 -2 17 28 -17 -1 -12 22 -7 -10 -25 26 27 -5 -14 -30
right_child=3 2 8 6 5 21 7 -9 23 -11 20 -13 16 -15 -16 18 -18 -19 -20 -21 -22 -23 -24 24 -26 -27 -28 -29 29 -31
leaf_value=-0.070773196051529846 -0.052357762059495425 -0.067368297887732076 -0.037535113253646252 -0.030081270959390654 0.038442244414684537 0.06646785491727504 -0.0358100444794206 0.068836380833200969 -0.063114711797509132 0.057444099386014524 -0.01755963078642489 0.038105905686118172 0.026624422957408484 0.050593942740047783 -0.029357763759942306 -0.061369067898084897 0.078046851158147329 0.049221040187430544 0.052208271877597176 0.25071865034260882 -0.069995691703631055 0.074118667675528119 -0.057817951195961108 -0.053217694639204463 0.063698531901912603 0.079449634674753022 0.075039338773668043 0.060111521930500532 -0.08023838705076855 0.076349237705805886
leaf_weight=6799.3837382495403 185.86383360438049 743.31723318994045 29.897655501961708 36.335559638217092 51.083457933738828 19.783996671438217 46.177884645760059 303.64815404266119 34.664230711758137 111.49229434132576 139.29102143831551 92.121735759079456 406.19258598051965 45.003428213298321 133.71393710002303 11.913864713162182 55.870678763836622 246.5749878436327 21.15617360919714 0.93992121517658134 46.280430715531111 268.17579637095332 12.792288921773432 14.648921072483065 16.578069781884551 5124.1562954504043 371.72738878428936 24.562175342813134 14.003349138423802 4.9238989036530247
leaf_count=352729 5477 36682 666 247 335 109 638 2313 841 708 2605 553 2644 323 1404 211 366 1457 161 6 1739 2190 62 381 154 46774 3284 179 141 29
internal_value=-0.00241668 -0.0600065 -0.018394 0.0693853 0.0206903 0.0423209 0.0763743 0.0514966 0.0285789 0.0196889 -0.0600302 0.0134256 0.0335884 0.00137128 -0.0106158 -0.0427436 0.0365111 0.0330562 0.0112907 -0.0707288 -0.0306369 0.0680035 0.0176624 -0.0290085 0.00885186 0.0783529 0.0653629 0.00629662 0.0236803 -0.0395023
internal_weight=15412.3 8552.57 1752.24 6859.71 860.979 642.045 5998.73 441.948 823.354 341.293 928.889 138.3 757.463 229.801 184.797 218.934 727.566 671.695 33.07 6800.32 185.571 300.752 32.5763 65.8912 31.227 5556.78 432.625 60.8977 425.12 18.9272
internal_count=465408 400440 47705 64968 10980 5131 53988 3504 6679 2770 41026 1191 5303 2062 1739 5849 4637 4271 372 352735 4344 2361 171 1376 535 50484 3710 426 2814 170
is_linear=0
shrinkage=0.07


Tree=28
num_leaves=31
num_cat=0
split_feature=6 1 2 6 6 5 6 5 6 2 9 6 5 2 3 5 5 9 3 12 12 9 12 3 12 3 3 9 2 0
split_gain=11973.7 793.984 456.646 415.477 216.082 106.538 162.112 78.5962 51.6611 92.82 51.6952 47.6825 40.8582 36.0066 39.3967 33.127 28.2054 26.4012 25.3502 22.2487 20.9404 20.0698 19.1777 18.6493 18.189 16.9736 16.5272 16.1401 15.3746 15.2923
threshold=60.705402374267585 79.337715148925795 74.833332061767592 47.466186523437507 77.095886230468764 0.43650794029235845 49.096351623535163 0.31666667759418493 75.343498229980483 88.047618865966811 1.0000000180025095e-35 96.315685272216811 0.087121214717626586 56.440422058105476 25.176055908203129 0.47222222387790685 0.76388889551162731 1.0000000180025095e-35 66.312053680419936 11.500000000000002 2.5000000000000004 1.0000000180025095e-35 12.500000000000002 60.107526779174812 1.5000000000000002 88.341892242431655 88.341892242431655 1.0000000180025095e-35 83.047893524169936 77.849929809570327
decision_type=2 2 2 2 2 2 2 2 2 2 2 2 2 2 2 2 2 2 2 2 2 2 2 2 2 2 2 2 2 2
left_child=1 5 4 17 15 25 -7 11 9 10 -4 12 13 14 -6 -2 24 -3 -14 23 28 -17 -18 29 -5 -1 -25 -9 -12 -8
right_child=2 3 8 16 7 6 19 27 -10 -11 20 -13 18 -15 -16 21 22 -19 -20 -21 -22 -23 -24 26 -26 -27 -28 -29 -30 -31
leaf_value=-0.070521215568398354 -0.054861311312297101 -0.068267103503773047 -0.049768810380883176 -0.060571472797121564 0.04274835473368524 -0.069928272162856256 0.13304295434786934 0.033577999721303556 0.077291879199171368 0.07254704385538055 -0.074762407840512815 0.050646008888814147 -0.076942495144955853 0.085946197944589797 -0.036852937082777579 -0.031916714497665956 0.038233126617780618 0.030429339900340118 0.041929497960743758 0.024270962428459095 0.062550112355011109 0.067158104201393759 0.080687904861853399 -0.029834542931759064 0.023129589871551701 0.16713611400557485 0.1140977480188944 0.076246174382654006 0.10624609188295528 0.0062057238478323822
leaf_weight=6392.7441041562706 170.48640925250947 317.75967401452363 55.430397735908628 13.167255364358423 55.942842911928892 393.82142760045826 6.520317409187558 53.722070723772049 5240.4713420942426 302.78449161164463 10.565378312021492 134.2103776447475 45.281957320868969 29.141635730862617 66.898178914561868 20.788793003186584 186.09940850175917 13.859807508066295 10.908191548660396 111.10191081650555 51.558635979890823 19.338484346866608 72.426539909094572 137.56909955665469 375.87333755008876 1.4728795234113921 4.0234361104667178 226.97780188173056 2.9389371257275334 16.305251888930798
leaf_count=354425 5536 16377 714 224 356 21552 92 397 50274 2530 80 882 455 203 776 197 1202 278 85 612 372 116 494 2306 2632 14 24 1977 18 208
internal_value=-0.00240152 -0.0594962 0.0682721 -0.000424274 0.0199033 -0.067685 -0.041114 0.0406226 0.0753919 0.0518685 -9.41879e-05 0.0181118 -0.00286324 0.0159932 -0.000601834 -0.0413928 0.0322057 -0.0641422 -0.0538659 7.24894e-05 0.0422261 0.0158303 0.0501269 -0.0162791 0.0202967 -0.0704665 -0.0257446 0.0680801 -0.0353696 0.0424379
internal_weight=14540.2 8042.74 6497.45 979.186 833.697 7063.56 669.341 623.083 5663.75 423.278 120.493 342.383 208.173 151.983 122.841 210.614 647.567 331.619 56.1901 275.52 65.063 40.1273 258.526 164.418 389.041 6394.22 141.593 280.7 13.5043 22.8256
internal_count=465408 400440 64968 21207 10980 379233 24794 5131 53988 3714 1184 2757 1875 1335 1132 5849 4552 16655 540 3242 470 313 1696 2630 2856 354439 2330 2374 98 300
is_linear=0
shrinkage=0.07


Tree=29
num_leaves=31
num_cat=0
split_feature=6 1 2 7 7 5 6 5 6 2 9 7 6 9 7 7 5 0 7 4 7 0 5 9 3 2 3 1 3 1
split_gain=11023 760.032 435.92 397.504 199.831 108.96 156.076 68.1675 52.2433 85.7897 45.8606 43.7439 38.4069 29.1482 41.3174 28.6995 22.6805 32.3464 20.8672 20.2512 20.1276 18.3748 17.306 26.8394 17.2199 16.4377 34.2906 15.8434 15.5604 15.2867
threshold=60.705402374267585 79.337715148925795 74.833332061767592 49.693204879760749 70.627449035644545 0.43650794029235845 49.096351623535163 0.31666667759418493 75.343498229980483 88.047618865966811 1.0000000180025095e-35 87.367481231689467 84.650035858154311 1.0000000180025095e-35 50.110132217407234 57.198879241943366 0.080128207802772536 46.841754913330085 62.554347991943366 1.0000000180025095e-35 65.396709442138686 93.419914245605483 0.31666667759418493 1.0000000180025095e-35 66.312053680419936 83.457714080810561 68.208553314208999 84.660633087158217 58.380149841308601 25.677655220031742
decision_type=2 2 2 2 2 2 2 2 2 2 2 2 2 2 2 2 2 2 2 2 2 2 2 2 2 2 2 2 2 2
left_child=1 5 4 -3 12 -1 20 11 9 10 -4 16 22 14 -5 -16 17 29 27 -8 -7 -17 -2 -24 -18 26 -21 -12 -25 -6
right_child=2 3 8 13 7 6 19 -9 -10 -11 18 -13 -14 -15 15 21 24 -19 -20 25 -22 -23 23 28 -26 -27 -28 -29 -30 -31
leaf_value=-0.07031735596524176 -0.064785772290965479 -0.066868476821285994 -0.0472646946209817 0.033695995376218008 0.025955400616336496 -0.070306628411169289 -0.063044179928066352 0.067973276927692644 0.07642200433016845 0.070833635686869095 -0.06406475597260726 0.042676675427293857 0.019563294810638839 0.079856602003093968 -0.063035377678484994 -0.042835084668791608 -0.07516294154214738 0.10385316240070909 0.065345636420746173 0.041930338999568675 0.40168181620237325 0.046779205816322639 -0.060655545163397377 0.10993943583379122 0.035011119538268347 0.019423092469487049 -0.048313847619034053 0.086835190746591781 -0.0070782012315357334 -0.034467479668143515
leaf_weight=5974.1491208598018 127.69755370728672 301.47520556673408 54.32245821878314 506.3634872045368 36.3826690223068 367.71826501563191 22.851441653445363 257.71060332283378 4939.8245012424886 288.90096990577877 12.963235698640348 177.10030443035066 48.160582851618528 53.566039152443409 38.971943501383066 16.81058588065207 33.641412910073996 14.899539936333893 45.704432787373662 31.201417826116085 0.44325079582631488 33.661110207438469 30.524509025737643 9.1976964529603737 8.7618010342121107 158.9290289953351 60.903097033500671 4.6259048059582701 14.110726438462732 47.047063931822777
leaf_count=354439 4579 16003 714 3257 292 21536 565 2317 50274 2530 97 1158 462 369 1083 265 517 122 338 438 16 230 544 89 81 972 1267 35 105 714
internal_value=-0.00238743 -0.0589623 0.0672053 -0.000442992 0.0191904 -0.0673724 -0.0399705 0.0412198 0.074437 0.0503156 -8.28489e-05 0.019527 -0.0360091 0.0303954 0.0259486 -0.0179113 -0.00960496 0.00884881 0.0404115 4.40546e-05 -0.0697384 0.0169314 -0.0507527 -0.0174646 -0.0523976 0.00578694 -0.0177426 -0.0243784 0.0390979 -0.00811781
internal_weight=13718.6 7567.04 6151.58 950.848 805.234 6616.2 642.047 575.543 5346.34 406.517 117.616 317.833 229.691 649.373 595.807 89.4436 140.732 98.3293 63.2936 273.885 368.162 50.4717 181.53 53.8329 42.4032 251.034 92.1045 17.5891 23.3084 83.4297
internal_count=465408 400440 64968 21207 10980 379233 24794 5201 53988 3714 1184 2884 5779 5204 4835 1578 1726 1128 470 3242 21552 495 5317 738 598 2677 1705 132 194 1006
is_linear=0
shrinkage=0.07


Tree=30
num_leaves=31
num_cat=0
split_feature=6 6 2 2 8 2 11 5 7 3 11 7 3 8 5 5 3 3 3 5 4 7 5 8 7 7 9 2 8 5
split_gain=10145.5 727.26 547.227 420.602 194.36 69.3878 65.3918 61.3619 56.8706 48.8904 37.4488 35.443 28.3617 23.8569 23.0924 23.037 22.4885 22.4208 22.0937 20.5055 19.0571 18.3589 34.8391 16.9005 16.8241 16.8042 16.1536 14.9735 40.8737 30.4865
threshold=60.705402374267585 49.890829086303718 82.167320251464858 75.582656860351577 0.41885964572429663 56.949806213378913 1.0000000180025095e-35 0.43650794029235845 70.627449035644545 91.010101318359389 1.0000000180025095e-35 77.204086303710952 28.097587585449222 0.18019481003284457 0.2264957278966904 0.47222222387790685 92.031745910644545 71.834934234619155 25.176055908203129 0.63068181276321422 1.0000000180025095e-35 57.705213546752937 0.63068181276321422 0.028991596773266796 62.554347991943366 93.764953613281264 1.5000000000000002 81.872947692871108 0.32738095521926885 0.41428571939468389
decision_type=2 2 2 2 2 2 2 2 2 2 2 2 2 2 2 2 2 2 2 2 2 2 2 2 2 2 2 2 2 2
left_child=1 21 7 4 8 12 27 -3 -2 11 13 19 25 16 -14 18 20 23 -10 -8 -4 -1 26 -9 -12 -6 -23 28 29 -5
right_child=3 2 10 6 5 -7 9 17 15 -11 24 -13 14 -15 -16 -17 -18 -19 -20 -21 -22 22 -24 -25 -26 -27 -28 -29 -30 -31
leaf_value=-0.070697969218928375 -0.047828845000154434 -0.066937428069914526 -0.035429579511741971 -0.05061396614413681 0.014913492036710036 0.065711215749422375 -0.033405073948471982 0.041587888749346713 0.074615143780161666 0.073935541802240448 -0.049952250421578692 0.049261969693840425 -0.034057781270093936 0.077576395267311304 0.065906455678738332 0.05586278552868891 0.043685888930830863 -0.0424880122534372 -0.021946145465925597 0.033937654233083911 0.020845882910771083 -0.058253104036853277 0.10583052115969294 -0.030543620318153657 0.03148149668292495 0.074645678973941976 0.35621119660370404 0.077217083942740086 0.072190154035632198 0.058706964529594237
leaf_weight=5502.5570624629036 186.41007885895669 641.86938079074025 31.758718406781554 25.284248759970069 61.12591015547514 331.98573323711753 59.383442256599665 40.802753124386072 13.670109743252395 170.29222821444273 44.699142619967461 117.53283113613725 70.346003906801343 47.115965835750103 13.495723672211168 40.928190976381302 232.69960867613554 73.885422710329294 77.069470522925258 35.341270096600056 412.02757019922137 41.28008424397558 8.0006134584546071 26.096135329455137 17.220661269500852 37.075903207063675 0.46597784571349521 4284.3935860879719 277.1412063613534 24.720628198236227
leaf_count=350160 5515 38749 687 183 337 3033 670 481 179 1546 1217 931 497 340 105 306 1478 1309 1302 258 2798 2479 83 487 159 215 13 46774 2921 196
internal_value=-0.00237373 -0.0584261 -0.0163314 0.0661307 0.0200541 0.0466665 0.0738079 -0.057758 -0.0229529 0.0459973 0.0249439 0.0235826 0.0119355 0.0294149 -0.0179669 0.0122656 0.0260605 -0.0159067 -0.00739898 -0.00827987 0.0168186 -0.0703152 -0.0279817 0.0134506 -0.0273045 0.0374653 -0.0536268 0.0761149 0.0616801 0.0034304
internal_weight=12946.7 7120.48 1568.18 5826.2 832.107 514.029 4994.09 782.654 318.078 382.55 785.522 212.258 182.044 723.602 83.8417 131.668 676.486 140.784 90.7396 94.7247 443.786 5552.3 49.7467 66.8989 61.9198 98.2018 41.7461 4611.54 327.146 50.0049
internal_count=465408 400440 47705 64968 11489 4187 53479 41026 7302 3405 6679 1859 1154 5303 602 1787 4963 2277 1481 928 3485 352735 2575 968 1376 552 2492 50074 3300 379
is_linear=0
shrinkage=0.07


Tree=31
num_leaves=31
num_cat=0
split_feature=7 1 6 2 5 6 6 11 1 5 2 11 1 6 7 1 11 9 5 5 12 2 1 5 9 2 12 7 5 1
split_gain=9340.76 818.549 361.828 348.218 111.144 142.544 110.297 98.8403 73.6602 50.1792 44.0479 42.0036 37.913 30.4428 29.0321 28.807 27.8366 25.0606 20.8535 20.4807 19.2414 18.3439 18.8707 18.0189 26.9606 17.9973 36.999 40.7525 29.331 45.1551
threshold=61.298427581787116 79.337715148925795 48.231122970581062 69.504829406738295 0.43650794029235845 49.890829086303718 77.095886230468764 1.0000000180025095e-35 91.010101318359389 0.31666667759418493 96.178188323974624 1.0000000180025095e-35 22.401432991027836 64.536544799804702 82.207000732421889 53.589838027954109 1.0000000180025095e-35 1.0000000180025095e-35 0.095454547554254546 0.11805555596947671 4.5000000000000009 55.848154067993171 35.043859481811531 0.31666667759418493 1.0000000180025095e-35 81.302967071533217 6.5000000000000009 79.180648803710952 0.10555555671453477 75.134407043457045
decision_type=2 2 2 2 2 2 2 2 2 2 2 2 2 2 2 2 2 2 2 2 2 2 2 2 2 2 2 2 2 2
left_child=1 4 17 6 -1 -6 23 25 10 12 14 13 -8 20 -9 18 -7 -3 21 -17 -4 22 -14 -2 -25 26 27 28 -5 -30
right_child=3 2 11 7 5 16 9 8 -10 -11 -12 -13 15 -15 -16 19 -18 -19 -20 -21 -22 -23 -24 24 -26 -27 -28 -29 29 -31
leaf_value=-0.069920435156451119 -0.05775957395991474 -0.068631489823697267 -0.044994687479743549 0.092099460017124865 -0.069800208800518307 0.0066665824379240875 0.0570492670441562 -0.03520149225188185 0.072498531328666002 0.065828098808135782 0.052120668417578356 -0.030718216731031749 0.0027464542654497444 0.075191260409042726 0.031271553073109616 0.096827070684235517 -0.061443209340822862 0.030703261801959973 -0.072237004586313686 -0.003280749493804649 0.032454469477558791 0.068406698030857929 -0.062483387362287181 -0.049067149812677471 0.084143422669120144 0.076666348596951248 0.075481804416989651 0.067976751654772682 -0.071154571124501589 0.061546162978303086
leaf_weight=5261.0728880064562 99.997594210319221 262.7989249676466 16.209380143322051 12.255517542362211 323.29216538090259 245.39649188518524 70.707993635907769 90.69767404999584 179.98525615036488 132.97187484428287 85.442974676378071 49.492407604120672 83.072569768875837 85.06194231659174 49.911591343581676 21.396701021119952 33.40579792112112 13.063352219760416 27.143553571775556 18.823599444702268 518.59649035893381 14.870945751667021 29.430544199422002 18.993719490244985 12.243741360493006 4009.755167121999 318.61413486860693 76.886287437751889 38.025965032167733 18.765459596179426
leaf_count=354058 4742 16479 189 92 21673 2180 441 1613 1687 1239 719 874 660 940 348 166 973 281 277 171 3126 112 302 597 109 46479 3452 756 492 181
internal_value=-0.00235664 -0.0569147 0.00353551 0.0663037 -0.06666 -0.0381709 0.0123955 0.0721543 0.0390854 0.0307288 0.0124815 0.0313389 0.0131462 0.0362938 -0.0116058 -0.00279472 -0.00149426 -0.0639275 -0.0165306 0.0499754 0.0301071 -0.00465945 -0.0143175 -0.0432625 0.00314567 0.0751552 0.0621121 0.0329221 -0.00611255 -0.0273066
internal_weight=12218.4 6808.39 945.222 5409.99 5863.17 602.094 529.653 4880.34 406.037 398.418 226.052 669.36 265.446 619.868 140.609 194.738 278.802 275.862 154.518 40.2203 534.806 127.374 112.503 131.235 31.2375 4474.3 464.547 145.933 69.0469 56.7914
internal_count=465408 400773 21889 64635 378884 24826 8816 55819 4367 3368 2680 5129 2129 4255 1961 1688 3153 16760 1351 337 3315 1074 962 5448 706 51452 4973 1521 765 673
is_linear=0
shrinkage=0.07


Tree=32
num_leaves=31
num_cat=0
split_feature=6 6 2 2 12 7 5 11 11 6 1 11 1 7 12 7 2 3 0 7 1 1 1 0 5 6 0 12 5 7
split_gain=8610.44 691.152 463.384 389.993 196.973 117.98 55.6319 47.5785 45.9868 44.7274 39.5795 35.1969 24.3313 23.8326 22.8321 23.6249 22.1383 20.3317 19.884 18.8076 33.0799 17.4272 16.95 26.2149 17.102 14.9969 17.5996 14.5399 13.8869 13.5849
threshold=60.705402374267585 49.890829086303718 80.810150146484389 79.431911468505874 6.5000000000000009 83.177082061767592 0.43650794029235845 1.0000000180025095e-35 1.0000000180025095e-35 92.356376647949233 91.010101318359389 1.0000000180025095e-35 75.905715942382827 69.860393524169936 2.5000000000000004 62.554347991943366 49.65753364562989 71.834934234619155 28.035087585449222 57.705213546752937 75.905715942382827 65.80612945556642 65.80612945556642 84.680576324462905 0.76388889551162731 54.007299423217781 97.01425933837892 12.500000000000002 0.58571431040763866 58.189270019531257
decision_type=2 2 2 2 2 2 2 2 2 2 2 2 2 2 2 2 2 2 2 2 2 2 2 2 2 2 2 2 2 2
left_child=1 19 6 4 5 9 -3 -5 16 12 13 14 -2 -9 15 -4 18 -8 -6 -1 -21 -7 -16 -24 -25 -13 -27 -26 -10 -18
right_child=3 2 11 7 8 21 17 10 28 -11 -12 25 -14 -15 22 -17 29 -19 -20 20 -22 -23 23 24 27 26 -28 -29 -30 -31
leaf_value=-0.070481818094564358 -0.047621936363592611 -0.066980217690259927 -0.052073903141241704 0.075484318990808444 0.057327452315591339 0.024771731750561733 0.012646284594260192 -0.019944246963364446 -0.075215099019921183 0.027969653353628467 0.072082802648606337 -0.062116980146667548 0.024187384629739024 0.039829372205884346 -0.0087133852933495501 0.21137513220981946 -0.023670784609899565 -0.043770624568179969 -0.056652889675813688 -0.060722278200146931 0.075065258179003905 0.069718983062229956 0.097744419378124642 0.020079150899298088 0.033039257421023059 -0.051601142210256301 0.054914769447743837 0.073775396387483302 0.021957595695326366 0.073075527827902623
leaf_weight=4803.023555431515 252.95270327106118 554.94189821183681 26.675318339839581 3919.4371438473463 17.787408739328388 153.34139357507229 63.132950875908136 44.793497754260898 14.024808252230288 55.099229115992785 165.29722836613655 32.207603915594518 25.44656896032393 120.91232439875603 55.536520221270621 1.7791518792510022 7.2574890293180934 62.077838169410825 12.966721037402747 33.715915515087545 11.891648328863083 58.353947922587395 28.073665894567966 400.13312650844455 149.08929181843996 13.984031707048418 16.652234986424446 60.297750785946846 14.82246797159314 354.46438674628735
leaf_count=350160 6828 38262 779 48295 113 1086 924 415 294 425 1669 982 239 994 952 15 58 1169 73 2367 208 558 376 2172 1000 450 155 469 100 3821
internal_value=-0.00233855 -0.0573276 -0.0151859 0.0642055 0.0240699 -0.00370986 -0.0574708 0.0733321 0.060017 -0.0296538 0.0478472 0.021478 -0.0410583 0.0236714 0.0258538 -0.0356014 0.0662868 -0.0153245 0.00927045 -0.070057 -0.0253172 0.0371615 0.0283767 0.0316074 0.0285612 -0.0287662 0.00629521 0.0447702 -0.0252853 0.0711344
internal_weight=11530.2 6313.21 1464.58 5216.96 966.517 545.194 680.153 4250.44 421.323 333.499 331.003 784.429 278.399 165.706 721.585 28.4545 392.476 125.211 30.7541 4848.63 45.6076 211.695 693.13 637.594 609.52 62.8439 30.6363 209.387 28.8473 361.722
internal_count=465408 400440 47705 64968 13595 9136 40355 51373 4459 7492 3078 7350 7067 1409 5763 794 4065 2093 186 352735 2575 1644 4969 4017 3641 1587 605 1469 394 3879
is_linear=0
shrinkage=0.07


Tree=33
num_leaves=31
num_cat=0
split_feature=7 1 2 7 8 2 7 11 0 1 11 8 1 12 9 2 8 3 9 12 7 1 7 1 0 2 7 0 7 7
split_gain=7930.44 741.683 323.057 304.24 135.652 105.843 117.848 60.9216 58.4824 41.8861 38.9847 32.0677 31.1478 30.8925 27.6254 23.7797 22.5454 22.3165 19.8128 52.3415 20.9546 19.9487 18.4897 18.2574 18.8682 21.3024 17.7629 28.0077 20.1431 17.0869
threshold=61.298427581787116 79.337715148925795 76.123405456542983 49.693204879760749 0.32738095521926885 86.391696929931655 49.15727615356446 1.0000000180025095e-35 68.614070892333999 91.010101318359389 1.0000000180025095e-35 0.18834459781646731 80.217391967773452 2.5000000000000004 1.0000000180025095e-35 96.178188323974624 0.10762548446655275 88.047618865966811 1.0000000180025095e-35 4.5000000000000009 65.396709442138686 69.614067077636733 85.794998168945327 94.804317474365249 85.145786285400405 81.53021621704103 49.693204879760749 75.582656860351577 50.110132217407234 87.367481231689467
decision_type=2 2 2 2 2 2 2 2 2 2 2 2 2 2 2 2 2 2 2 2 2 2 2 2 2 2 2 2 2 2
left_child=1 5 4 16 12 26 -7 -4 13 15 11 23 18 -6 17 22 -3 -8 -2 21 -21 -20 -9 24 -5 -26 -1 -28 -29 -15
right_child=2 3 7 10 8 6 14 9 -10 -11 -12 -13 -14 29 -16 -17 -18 -19 19 20 -22 -23 -24 -25 25 -27 27 28 -30 -31
leaf_value=-0.070914390527494042 -0.059559256589702229 -0.069930777680809145 0.074671091720043284 0.080819694866388708 -0.021567048393732021 -0.070094539166667774 -0.0042310632677407768 -0.022400414743539456 0.066728716280757439 0.0699649162615128 -0.030586510832390758 0.072335699656514721 0.060096598301349405 0.0082595635721038861 0.10090099588383432 0.048960513354268959 0.018202081139450297 0.13408967202771901 -0.049901184687210144 -0.062724172314192167 0.10810535937201643 0.18756357463606277 0.042155401137052344 0.044382713274060161 -0.054745831008695157 0.017356430962677194 -0.066169122928814092 -0.01481181272799382 -0.061087406978437786 0.046609816722389369
leaf_weight=3834.3861218066886 89.16960227675736 222.90148281212896 3760.960692207329 21.036229958757758 67.757851710543036 186.76678993366659 173.16629837546498 68.669965051114559 231.55414569191635 159.45886535197496 50.892153282649815 87.691418197005987 18.18928805552423 92.222689235582948 14.465459791943429 81.279575726948678 15.191905718296765 5.9104938376694909 68.050040320493281 4.3062992934137609 19.231132239103317 1.7787664234638203 31.810418467968702 180.65288789942861 21.593881253153086 286.07604517508298 756.86961696948856 101.40584527421743 84.497373606078327 148.74722171574831
leaf_count=300734 3568 15782 49118 255 891 14177 2557 916 2596 1665 1450 1013 157 744 155 719 256 37 2673 98 166 10 243 1305 185 1643 54147 3075 4002 1071
internal_value=-0.00232082 -0.0558043 0.0644178 0.0033594 0.0218807 -0.0659685 -0.0304276 0.0721016 0.040136 0.0437806 0.0282243 0.0332372 -0.0272563 0.0201908 0.00785068 0.020809 -0.0643073 0.000334262 -0.0359608 -0.0134231 0.0768512 -0.0438522 -0.00196312 0.026506 0.0166812 0.0122959 -0.0687979 -0.0601896 -0.0358452 0.0319326
internal_weight=10886.7 6043.5 4843.19 886.036 741.007 5157.47 380.309 4102.18 540.282 341.219 647.943 597.05 200.725 308.728 193.542 181.76 238.093 179.077 182.536 93.3662 23.5374 69.8288 100.48 509.359 328.706 307.67 4777.16 942.773 185.903 240.97
internal_count=465408 400773 64635 21889 11974 378884 16926 52661 5302 3543 5851 4401 6672 2706 2749 1878 16038 2594 6515 2947 264 2683 1159 3388 2083 1828 361958 61224 7077 1815
is_linear=0
shrinkage=0.07


Tree=34
num_leaves=31
num_cat=0
split_feature=7 1 0 7 7 5 7 11 0 8 9 11 5 1 5 12 12 11 8 8 5 11 1 11 12 4 12 0 8 0
split_gain=7295.11 704.941 297.682 277.064 118.325 118.05 123.527 89.9505 57.9977 41.8774 35.0263 31.6497 30.9112 65.4259 44.8987 28.9127 35.4019 27.2219 23.3559 21.7674 17.3832 16.8602 16.278 15.6412 14.7898 14.4374 13.9865 15.163 14.8772 14.354
threshold=61.298427581787116 79.337715148925795 75.582656860351577 49.693204879760749 83.177082061767592 0.43650794029235845 49.693204879760749 1.0000000180025095e-35 94.360820770263686 0.62828946113586437 1.0000000180025095e-35 1.0000000180025095e-35 0.080128207802772536 44.315244674682624 0.47222222387790685 6.5000000000000009 10.500000000000002 1.0000000180025095e-35 0.41885964572429663 0.10762548446655275 0.76388889551162731 1.0000000180025095e-35 45.308176040649421 1.0000000180025095e-35 6.5000000000000009 1.0000000180025095e-35 2.5000000000000004 90.521114349365249 0.03637566231191159 94.201679229736342
decision_type=2 2 2 2 2 2 2 2 2 2 2 2 2 2 2 2 2 2 2 2 2 2 2 2 2 2 2 2 2 2
left_child=1 5 4 19 9 -1 -7 -4 18 12 17 25 13 -2 15 -14 -17 20 -9 -3 26 24 -6 -24 -21 -8 -5 28 -28 -29
right_child=2 3 7 10 22 6 11 8 -10 -11 -12 -13 14 -15 -16 16 -18 -19 -20 21 -22 -23 23 -25 -26 -27 27 29 -30 -31
leaf_value=-0.069435740653335382 -0.026328752854052034 -0.069743334714437694 0.074268797069792239 -0.057782182436976089 0.031660834423249948 -0.070019309486133191 -0.053045455822626077 -0.019889504514025557 0.058273426104046455 0.050369744242940967 0.068501955405066289 -0.061424331727213122 -0.070728402943832591 0.083894485684530631 0.081888058663380156 0.083546933852364585 -0.075423087821796672 -0.028943458735433972 0.047363889035902995 -0.041184809861505009 0.041765515161042786 -0.081027860350485342 0.066741843836845449 -0.013323591351536634 0.13765402892896397 0.011502327015964252 0.056080989644904128 -0.017601654745217844 -0.067143486386952292 0.020749662005177322
leaf_weight=4301.0557360779494 93.799793831072748 208.37100908625871 3545.580982837826 12.437294195406137 156.76492350548506 253.9928686702624 18.365081427618861 90.187279183417559 227.56698426045477 48.516224421560764 85.227721346542239 38.824385792016983 106.47493461333215 36.716633271425962 13.038456952199338 14.771521982736887 12.822978651151059 50.047880912199616 35.169506624341011 3.5766235841438156 191.67482337914407 5.5124670462682834 189.89009854570031 12.759080017916856 6.1827667579054832 225.02869176864624 63.644883951172233 68.151914110407233 5.1925820019096127 160.28987890854478
leaf_count=354058 2824 15782 49213 188 1148 20355 431 1147 2359 423 978 1973 3864 516 124 126 291 1450 286 46 1441 153 2199 115 57 2067 426 377 81 910
internal_value=-0.00230212 -0.0551908 0.0634338 0.00319428 0.0208958 -0.0655746 -0.0346039 0.0709141 0.0372123 -0.00963296 0.0267384 -0.00273049 -0.0201187 0.00467904 -0.0421197 -0.0541797 0.00967464 0.0202836 -0.00102121 -0.0638311 0.0251974 0.016836 0.0485983 0.0617008 0.0721131 0.00663193 0.0149438 0.0179864 0.0467859 0.00930817
internal_weight=10281.6 5697.58 4584.06 860.31 685.555 4837.27 536.211 3898.5 352.924 326.141 636.667 282.218 277.624 130.516 147.108 134.069 27.5945 551.439 125.357 223.643 501.391 15.2719 359.414 202.649 9.75939 243.394 309.717 297.279 68.8375 228.442
internal_count=465408 400773 64635 21889 11630 378884 24826 53005 3792 8168 5851 4471 7745 3340 4405 4281 417 4873 1433 16038 3423 256 3462 2314 103 2498 1982 1794 507 1287
is_linear=0
shrinkage=0.07


Tree=35
num_leaves=31
num_cat=0
split_feature=12 9 2 5 11 9 12 1 9 11 1 1 11 5 1 5 2 5 3 4 2 4 1 3 3 11 3 2 5 1
split_gain=5402.01 699.335 619.104 258.661 235.459 211.25 165.852 80.5763 72.1174 71.1507 56.2283 41.2472 40.5229 33.1957 30.9477 42.1253 46.4661 32.6693 30.4994 34.0298 29.8856 27.5124 25.6992 25.6951 25.3495 23.391 23.0536 22.7111 21.608 33.2842
threshold=6.5000000000000009 1.0000000180025095e-35 84.924243927001967 0.58571431040763866 1.0000000180025095e-35 1.0000000180025095e-35 2.5000000000000004 80.901721954345717 1.0000000180025095e-35 1.0000000180025095e-35 93.127067565917983 74.601570129394545 1.0000000180025095e-35 0.47222222387790685 67.890834808349624 0.080128207802772536 53.889368057250984 0.47222222387790685 68.208553314208999 1.0000000180025095e-35 49.65753364562989 1.0000000180025095e-35 27.639257431030277 91.010101318359389 88.341892242431655 1.0000000180025095e-35 91.331184387207045 95.713413238525405 0.5634920895099641 93.957649230957045
decision_type=2 2 2 2 2 2 2 2 2 2 2 2 2 2 2 2 2 2 2 2 2 2 2 2 2 2 2 2 2 2
left_child=2 3 5 9 8 7 11 13 21 24 12 -7 -5 -1 15 16 22 -17 19 -15 -3 -4 -8 -6 27 -21 -11 -2 -9 -30
right_child=1 20 4 10 23 6 14 28 -10 26 -12 -13 -14 18 -16 17 -18 -19 -20 25 -22 -23 -24 -25 -26 -27 -28 -29 29 -31
leaf_value=-0.0695237021454439 -0.029613284574168033 0.0037520294357042574 -0.034187725249784584 0.031518404275332347 -0.057892532627702643 -0.058761939874734923 0.026167149070879615 0.039717612839806168 0.07177611458228228 -0.061202226280615113 0.050445744951959297 0.078082188066872227 -0.007740910176891741 -0.066356676147585406 0.046867697610537398 -0.056278906202838354 0.081674820226812231 0.062313134781627838 -0.063272578013939068 0.054943928040862969 0.074281287699560092 0.028084606029095599 -0.039206495537013185 0.020322669844385195 0.058740752201796864 -0.028121642923142356 0.054808360608750169 0.028386229586506835 -0.057019556388773152 0.063103657469469207
leaf_weight=3490.230798038654 101.13542104605585 29.734010024927557 45.241064066998661 381.94537673238665 170.46363184507936 409.86326882895082 66.431664923205972 35.945683580823243 225.33654502313584 228.81760220322758 494.80908375326544 11.084806204773484 194.39763182774186 39.341640769504011 85.804804857820272 79.627029429189861 43.50350702740252 13.280550683848558 157.90686624962837 35.197028404101729 2965.1261222204193 150.12089393753558 52.951332618482411 23.406961616128683 31.150745241902769 31.457719534635544 8.7130280518904311 49.16284239012748 47.492884056642652 14.832614183425902
leaf_count=307017 3033 204 2014 3861 12409 26888 872 1204 3356 16481 8072 151 6933 2522 1571 3925 488 254 9829 748 43578 2617 1650 760 302 2005 199 587 1692 186
internal_value=-0.00228244 0.0540833 -0.0506234 0.0148969 0.0153771 -0.0594126 -0.0257501 -0.0660758 0.0447902 -0.0317347 0.0331368 -0.0551584 0.0182764 -0.0677137 0.0104893 -0.00171363 0.0197403 -0.0393269 -0.0437756 -0.0147303 0.073581 0.0136639 -0.00282879 -0.0484492 0.00126986 0.0157411 -0.0569468 -0.0106415 -0.00350412 -0.0284319
internal_weight=9714.51 4484.99 5229.52 1490.13 614.569 4614.95 762.547 3852.41 420.699 418.98 1071.15 420.948 576.343 3754.13 341.599 255.794 162.887 92.9076 263.903 105.996 2994.86 195.362 119.383 193.871 181.449 66.6547 237.531 150.298 98.2712 62.3255
internal_count=465408 83250 382158 39468 21156 361002 35799 325203 7987 20602 18866 27039 10794 322121 8760 7189 3010 4179 15104 5275 43782 4631 2522 13169 3922 2753 16680 3620 3082 1878
is_linear=0
shrinkage=0.07


Tree=36
num_leaves=31
num_cat=0
split_feature=8 5 2 11 8 11 1 5 1 1 8 2 11 2 8 12 8 5 4 2 1 2 5 0 5 0 0 0 2 5
split_gain=6258.68 598.136 358.649 260.739 87.9438 65.7437 50.0877 47.8998 45.4535 36.6328 32.771 30.6992 30.1043 29.9358 54.7384 34.2908 27.4115 24.733 23.8337 23.6604 21.8982 21.3946 20.7722 20.524 20.334 18.6387 15.785 15.6315 21.4205 15.6449
threshold=0.19292803853750232 0.47222222387790685 69.504829406738295 1.0000000180025095e-35 0.35857143998146063 1.0000000180025095e-35 93.127067565917983 0.31666667759418493 91.010101318359389 77.459678649902358 0.080540537834167494 96.34091949462892 1.0000000180025095e-35 81.872947692871108 0.41885964572429663 6.5000000000000009 0.83666664361953746 0.10555555671453477 1.0000000180025095e-35 97.100841522216811 75.905715942382827 89.825496673583999 0.080128207802772536 77.849929809570327 0.31666667759418493 51.56402778625489 19.139194488525394 90.521114349365249 85.540069580078139 0.94444444775581371
decision_type=2 2 2 2 2 2 2 2 2 2 2 2 2 2 2 2 2 2 2 2 2 2 2 2 2 2 2 2 2 2
left_child=1 9 4 6 24 13 11 16 19 -1 -5 18 23 14 15 17 22 -4 -3 -7 -19 -12 25 -11 26 -6 -2 -20 29 -29
right_child=2 3 5 10 7 8 -8 -9 -10 12 21 -13 -14 -15 -16 -17 -18 20 27 -21 -22 -23 -24 -25 -26 -27 -28 28 -30 -31
leaf_value=-0.069394160896361912 0.062005268695161861 -0.059900446330751388 0.083104237375821233 -0.06884433736574197 -0.0014809157479497386 -0.0036396268015832559 0.038213932797441848 0.06799094802169954 0.069131815041329869 0.28586364511374335 -0.056811909053232038 0.01842891222147253 -0.06682641526810458 0.074203277709242815 0.069747409231024196 0.056240875770958328 0.04957061862600972 -0.065015214867048601 0.0056707500045744281 0.049684124202587304 0.042678458319013145 0.0065465678153741654 -0.058086883961166992 0.0083990378535247368 0.01003239578641872 0.092960380329392495 -0.055806174066020557 -0.093740273590706663 -0.0097663694083784305 0.10735913903372284
leaf_weight=3719.6559366127476 5.8432048996910444 47.145133859477937 9.2732854830101115 315.81760994158685 131.7947819205001 115.93774883169681 225.11801511887461 94.296093489974737 133.16429745405912 1.3470388296991576 49.898437746800482 249.94335247576237 40.085791829973459 2953.2064524125308 291.6344555914402 48.209483982995152 60.159381881356239 41.144641323946416 194.81492265686393 62.891051508486271 11.935551116243003 54.790220176801085 30.144879571162164 43.192577880807221 34.874550689943135 11.102293748408554 120.38350052945316 26.5326719917357 89.57112589199096 2.0414457572624078
leaf_count=350637 247 2204 67 27798 1142 1358 2269 1137 1624 63 2013 2201 3301 46578 4229 540 462 543 4759 616 116 1166 264 1060 537 92 7197 444 733 11
internal_value=-0.00225135 -0.0545311 0.0613996 -0.0126399 0.0050621 0.0689054 0.00999413 0.0258912 0.0381695 -0.0683581 -0.0575934 -0.000419443 -0.0228175 0.0717633 0.0538469 0.0119059 0.00886793 -0.0223722 -0.0135018 0.0151134 -0.0407993 -0.0236524 -0.00528268 0.0167906 -0.0372806 0.00585664 -0.0503525 -0.00651217 -0.0266011 -0.079373
internal_weight=9215.95 5059.95 4156 1255.67 488.599 3667.4 835.167 327.497 311.993 3804.28 420.506 610.049 84.6254 3355.4 402.197 110.563 233.201 62.3535 360.105 178.829 53.0802 104.689 173.042 44.5396 161.101 142.897 126.227 312.96 118.145 28.5741
internal_count=465408 398659 66749 43598 11078 55671 12621 3097 3598 355061 30977 10352 4424 52073 5495 1266 1960 726 8151 1974 659 3179 1498 1123 7981 1234 7444 5947 1188 455
is_linear=0
shrinkage=0.07


Tree=37
num_leaves=31
num_cat=0
split_feature=7 5 7 2 12 7 3 1 9 2 7 12 1 0 9 0 12 4 7 1 7 9 3 1 1 5 3 3 9 12
split_gain=5786.01 601.459 355.06 276.72 89.99 49.3696 46.7895 43.3435 39.6106 45.9711 38.783 25.626 20.8763 25.0207 20.5309 21.673 19.1163 18.9246 18.8488 16.015 15.9316 25.3937 13.3314 12.682 12.5554 11.8372 18.7728 11.7991 11.521 11.5613
threshold=61.298427581787116 0.43650794029235845 49.693204879760749 76.123405456542983 6.5000000000000009 83.177082061767592 82.793453216552749 92.031745910644545 1.0000000180025095e-35 87.939392089843764 76.22473526000978 11.500000000000002 75.905715942382827 26.006441116333011 1.0000000180025095e-35 54.950981140136726 12.500000000000002 1.0000000180025095e-35 48.397369384765632 85.857143402099624 50.110132217407234 1.0000000180025095e-35 51.087471008300788 65.80612945556642 90.054946899414077 0.47222222387790685 57.284299850463874 25.176055908203129 1.0000000180025095e-35 6.5000000000000009
decision_type=2 2 2 2 2 2 2 2 2 2 2 2 2 2 2 2 2 2 2 2 2 2 2 2 2 2 2 2 2 2
left_child=1 6 28 4 5 12 -1 11 9 10 24 17 13 -2 19 -16 -9 -4 -8 -6 22 -22 -19 27 -5 -15 -27 -7 -3 -30
right_child=3 2 7 8 14 23 18 16 -10 -11 -12 -13 -14 25 15 -17 -18 20 -20 -21 21 -23 -24 -25 -26 26 -28 -29 29 -31
leaf_value=-0.068891866112392064 0.02460820931280195 -0.06933508578449693 -0.058421193289405413 -0.039325277124522225 -0.044513386608751149 0.046328353754093839 -0.067239993563221107 0.026500421884145666 0.07338525112368223 0.063347901259085584 0.051634602289957331 0.018569456842346916 0.045748573880565781 -0.045687992330094372 0.018425504846000106 0.071164054124902287 0.069021421373648445 0.15616827031023464 0.035954794519964126 0.087289648695287075 -0.065908535573549212 0.035157638833772022 0.0030926996161707667 0.064699698962185345 0.047040525508690006 0.11251546750051387 -0.037729537268909596 0.0031277856052765651 -0.065819117159889237 0.045744317720796221
leaf_weight=3547.5943486988544 35.952903753146529 368.81402249448001 36.29244039952755 49.286962670274079 17.092018788680438 46.867141541093588 12.284406119026242 198.6303372150287 2585.9167457818985 534.44507398549467 71.906247226521373 279.83567887730896 20.30318711232394 156.76639242377132 49.036393750458956 172.49347045179456 70.088304153643548 2.8291278136894098 29.500591475516558 6.139951914548873 41.550301533192396 17.23460388649255 190.78462266828865 35.456595074385405 9.9055633023381215 6.229228280484679 11.783181497827171 91.381752041168511 9.4948821859434265 8.7423834158107621
leaf_count=355553 646 33352 1161 902 338 293 1048 1805 43413 7399 843 2086 254 6264 363 2402 793 22 324 72 1797 220 1924 393 104 59 155 735 538 150
internal_value=-0.00222709 -0.0535735 -0.0112064 0.061133 0.019419 -0.00084331 -0.0680245 0.0144244 0.0694656 0.0542362 0.0170909 0.00347462 -0.0220419 -0.0285733 0.0529249 0.0594902 0.0375909 -0.0111572 0.00561647 -0.00967931 -0.00436109 -0.0362779 0.00532947 0.0273516 -0.0248724 -0.039513 0.0142297 0.017773 -0.0666495 -0.012339
internal_weight=8714.64 4813.68 1224.3 3900.96 649.502 404.74 3589.38 837.245 3251.46 665.544 131.099 568.527 231.035 210.732 244.762 221.53 268.719 288.691 41.785 23.232 252.399 58.7849 193.614 173.705 59.1925 174.779 18.0124 138.249 387.051 18.2373
internal_count=465408 400773 43848 64635 11974 8799 356925 9808 52661 9248 1849 7210 7378 7124 3175 2765 2598 5124 1372 410 3963 2017 1946 1421 1006 6478 214 1028 34040 688
is_linear=0
shrinkage=0.07


Tree=38
num_leaves=31
num_cat=0
split_feature=6 6 2 2 8 2 11 1 0 7 1 9 12 7 1 1 11 1 1 11 8 12 0 6 6 0 1 1 6 0
split_gain=5331.52 588.822 316.641 274.426 136.282 71.3054 47.0021 38.7101 35.6725 30.8316 29.8132 29.4643 30.8863 20.7893 24.8934 20.2513 19.459 19.2604 17.0945 16.689 16.2169 17.1821 15.3298 14.9662 12.9256 12.4279 17.2071 12.1803 11.9497 11.8376
threshold=60.705402374267585 49.890829086303718 80.810150146484389 80.810150146484389 0.41885964572429663 56.949806213378913 1.0000000180025095e-35 85.145786285400405 68.614070892333999 64.722881317138686 91.010101318359389 1.0000000180025095e-35 4.5000000000000009 57.705213546752937 68.703357696533217 27.639257431030277 1.0000000180025095e-35 25.677655220031742 69.614067077636733 1.0000000180025095e-35 0.19292803853750232 2.5000000000000004 51.022111892700202 85.349594116210952 58.079877853393562 85.523811340332045 71.50376129150392 94.39203262329103 83.75235748291017 79.277816772460952
decision_type=2 2 2 2 2 2 2 2 2 2 2 2 2 2 2 2 2 2 2 2 2 2 2 2 2 2 2 2 2 2
left_child=1 13 4 8 7 15 -4 9 -3 -2 23 -11 17 -1 -15 -6 20 -13 -19 -10 21 -5 -17 -8 -18 26 -23 -27 -7 -28
right_child=2 3 6 16 5 28 10 -9 19 11 -12 12 -14 14 -16 22 24 18 -20 -21 -22 25 -24 -25 -26 27 29 -29 -30 -31
leaf_value=-0.069930197149014245 -0.052300209083156489 -0.066519997916309359 0.072825773377208358 -0.044997630382917819 0.028560181693203745 0.013253425626963579 -0.00097787428940117999 0.060963128273474679 -0.015798897898235069 -0.040831861765504754 0.067175295933884493 0.055411951883673781 0.063366054656827084 -0.064147482891556307 0.055366437235430374 -0.03612457702724179 -0.040286099385691283 -0.0405310127276323 0.12176549430641061 -0.066833272380209904 0.069203231447418509 0.012351281616823776 0.041888655088425174 0.044451145561971925 0.050977369187370544 0.009136037026821307 0.21439264443356759 0.032176013356915854 0.064515461577083946 0.074139203931914852
leaf_weight=3227.8600886920467 106.20885461848229 314.90710098668933 2659.7446326036006 21.577284826897085 86.97972222417593 23.882528930902481 76.235507434234023 30.261260278522968 138.34113935101777 70.204642795957625 123.39134345948696 16.419778394512832 43.370578236877918 21.23417585901916 14.284523346461354 62.163655174896121 45.010852777399123 52.84098881110549 3.3836770877242079 40.616066699847579 29.835936952382326 26.485426635481417 15.399840123951433 66.555898621678352 9.1499861814081651 404.38160155713558 3.4220245601609376 155.72967989742756 332.5536698885262 21.319448034279048
leaf_count=350160 4233 32306 47563 768 542 244 671 349 4931 1361 1657 309 433 2171 404 470 1436 1476 23 3118 287 880 142 659 151 2287 58 1291 4836 192
internal_value=-0.00220443 -0.0538762 0.0591251 -0.0121857 0.0213435 0.0434854 0.0700191 -0.0144043 -0.0523378 -0.0222035 0.0419741 -0.00503811 0.0166219 -0.0693441 -0.0160827 0.00537001 0.0154741 -0.0112855 -0.0307638 -0.0273816 0.0187709 0.0163935 -0.0206354 0.0201969 -0.024868 0.0185603 0.0515626 0.0155419 0.0610807 0.0935378
internal_weight=8243.75 4474.16 3769.6 1210.78 843.669 520.979 2925.93 322.69 493.864 292.429 266.183 186.22 116.015 3263.38 35.5187 164.543 716.912 72.6444 56.2247 178.957 662.751 632.915 77.5635 142.791 54.1608 611.338 51.2269 560.111 356.436 24.7415
internal_count=465408 400440 64968 47705 14418 6234 50550 8184 40355 7835 2987 3602 2241 352735 2575 1154 7350 1808 1499 8049 5763 5476 612 1330 1587 4708 1130 3578 5080 250
is_linear=0
shrinkage=0.07


Tree=39
num_leaves=31
num_cat=0
split_feature=6 6 2 2 6 5 5 3 7 6 2 3 1 5 7 1 5 3 6 9 6 4 5 2 1 7 0 1 2 9
split_gain=4897.5 575.241 306.955 249.903 120.49 58.6806 44.2103 36.5287 32.4632 28.382 37.7691 23.0702 20.7698 23.2063 20.6628 22.3107 20.3617 26.164 18.9848 18.1554 26.8039 18.1136 41.0973 44.4143 17.0919 16.009 14.9265 14.7466 14.177 12.4234
threshold=60.705402374267585 49.890829086303718 80.810150146484389 78.629974365234389 80.170940399169936 0.47222222387790685 0.31666667759418493 66.312053680419936 79.180648803710952 77.095886230468764 88.047618865966811 22.792207717895511 81.872947692871108 0.16025641560554507 57.705213546752937 68.703357696533217 0.47222222387790685 77.836257934570327 50.099601745605476 1.0000000180025095e-35 50.099601745605476 1.0000000180025095e-35 0.095454547554254546 49.65753364562989 43.792808532714851 55.585266113281257 75.582656860351577 28.730158805847172 90.070423126220717 1.0000000180025095e-35
decision_type=2 2 2 2 2 2 2 2 2 2 2 2 2 2 2 2 2 2 2 2 2 2 2 2 2 2 2 2 2 2
left_child=1 14 4 6 8 7 -3 11 16 10 12 -6 13 -4 -1 -16 -2 -18 24 20 -5 22 23 27 -8 -22 -24 -13 -27 -12
right_child=2 3 9 19 5 -7 18 -9 -10 -11 29 21 -14 -15 15 -17 17 -19 -20 -21 25 -23 26 -25 -26 28 -28 -29 -30 -31
leaf_value=-0.069823685550022219 -0.045783397345850255 -0.068992069327641056 0.1067009875636646 0.015376817054824772 0.045135056865284871 0.065571998521310279 0.19684722312033529 0.060448276216284604 0.045738736894166548 0.071703654052740096 0.039795888466364629 0.006204394676978686 0.045804706931908551 -0.072128718953117774 -0.063674048195765817 0.050002706823326484 0.032178005342866432 -0.082467264142947611 -0.053469983293630292 0.05645533808328429 -0.069363672013464037 0.044601142162057482 -0.085008698321718701 0.059395818644762684 -0.0064768932115818008 -0.052718940978537313 0.04148208387058186 -0.051285424138379776 0.023585389459250684 0.074087346045693364
leaf_weight=3014.0671234279871 147.7539150826633 294.73773640207946 4.1587540525943067 615.15075743570924 62.721959782764316 223.97938115894794 2.0740692541003218 83.987776778638363 29.936414323747158 2487.8224053420126 86.752043982967734 42.955543376505375 20.705044249072671 24.519358688034117 19.940690568648279 14.693861054256557 40.603416992351413 12.83823711145669 56.992219477891922 44.653997383080423 28.845699172466993 33.021878376603127 39.267990922555327 50.488795952871442 87.141086124815047 18.775223086588085 5.1735421828925601 44.523580882698298 32.73058133199811 128.3750972263515
leaf_count=350160 6203 32304 34 5866 431 3551 179 1225 353 46752 980 312 272 310 2171 404 422 135 3495 533 1118 373 416 488 3182 700 56 453 328 2202
internal_value=-0.00218143 -0.0531384 0.0582004 -0.0116643 0.0205301 0.0374085 -0.0533809 0.0199897 -0.0222713 0.0693858 0.0475858 0.00777336 -0.0076224 -0.0461957 -0.0692059 -0.0154462 -0.0323907 0.00463688 -0.0219107 0.0131882 0.0104103 -0.00310434 -0.0117405 0.00711706 -0.00175002 -0.0276123 -0.0702836 -0.0230558 -0.00422955 0.060259
internal_weight=7799.39 4229.8 3569.59 1181.1 817.252 586.12 440.945 362.141 231.132 2752.33 264.51 278.153 49.3832 28.6781 3048.7 34.6346 201.196 53.4417 146.207 740.156 695.502 215.431 182.409 137.968 89.2152 80.3515 44.4415 87.4791 51.5058 215.127
internal_count=465408 400440 64968 47705 14418 7305 39160 3754 7113 50550 3798 2529 616 344 352735 2575 6760 557 6856 8545 8012 2098 1725 1253 3361 2146 472 765 1028 3182
is_linear=0
shrinkage=0.07


Tree=40
num_leaves=31
num_cat=0
split_feature=6 6 2 0 6 11 9 1 2 0 2 11 2 12 3 1 11 4 0 12 9 6 0 1 6 0 3 2 3 9
split_gain=4496.07 681.987 277.068 207.94 56.6296 56.6058 46.5955 40.4533 40.3372 39.9896 28.3576 20.4768 20.1381 18.8465 18.3429 18.2839 28.3354 18.2358 17.5446 15.9333 21.2896 15.5754 14.823 14.3731 12.4127 12.2156 11.3316 22.6862 19.6421 10.8116
threshold=68.996032714843764 49.890829086303718 80.810150146484389 77.015758514404311 89.680526733398452 1.0000000180025095e-35 1.0000000180025095e-35 91.010101318359389 61.257406234741218 68.614070892333999 87.298336029052749 1.0000000180025095e-35 97.100841522216811 2.5000000000000004 22.792207717895511 93.40579986572267 1.0000000180025095e-35 1.0000000180025095e-35 85.880397796630874 6.5000000000000009 1.0000000180025095e-35 43.256237030029304 46.841754913330085 65.80612945556642 91.693202972412124 76.833633422851577 32.049383163452156 39.250699996948249 51.808279037475593 1.0000000180025095e-35
decision_type=2 2 2 2 2 2 2 2 2 2 2 2 2 2 2 2 2 2 2 2 2 2 2 2 2 2 2 2 2 2
left_child=1 15 9 4 10 -5 13 12 14 -3 19 -11 18 -4 -6 -1 21 26 -7 -2 -21 29 -8 -15 -20 -25 27 -16 -28 -17
right_child=3 2 6 5 8 7 22 -9 -10 11 -12 -13 -14 23 17 16 -18 -19 24 20 -22 -23 -24 25 -26 -27 28 -29 -30 -31
leaf_value=-0.069797694754567624 -0.023517462195798176 -0.062561363720919971 -0.044234622533210054 0.072250096571410335 0.051781393920359201 0.026777788108144612 0.25627815303084311 0.069429070659851405 0.062410040841421745 -0.011862291639240286 0.075827648034979545 -0.062319362393139184 0.047268719399805106 -0.019151811371824326 -0.031007017677005998 -0.046433344648826355 -0.065640617134014839 0.078087534218361399 -0.056428734510843147 -0.096950160234409249 0.044855263074118731 0.14782339551009624 0.058340930739862955 0.14217476260542031 0.024038494449001618 0.015617729666755745 -0.058274130005195199 0.068245711260557437 0.064941747250985962 0.096833352072027243
leaf_weight=2800.3909528236836 160.40087385755032 331.76316781435162 29.183504696004093 2378.753980178386 42.288431487977505 39.72414024733007 1.889975806698202 107.24408499151468 178.92881426773965 165.09924985468388 19.086376681923866 51.76820647995919 51.233344629406929 61.260010843165219 26.627681113779545 7.6451461678370851 31.171556182205677 12.059061545878647 36.571564398705959 6.0481837270781389 36.465793700888753 5.2019926263019434 97.00701058935374 3.7597723081707946 12.640031777322291 620.20113581977785 38.518147645518184 19.583279872313142 7.588373187929391 3.8965196907520294
leaf_count=349204 2964 36042 1082 48443 283 292 14 1633 2814 5232 285 3715 600 1482 159 453 2989 137 261 91 405 58 1260 147 129 4735 277 124 67 31
internal_value=-0.00215832 -0.0495828 -0.00884025 0.0607539 0.0215155 0.0689357 0.0170913 0.0370695 0.0401033 -0.0472817 -0.00574608 -0.0239068 0.012311 0.0108573 0.0128895 -0.0690641 -0.0261884 -0.00286767 -0.00782717 -0.013419 0.0246815 0.0472597 0.0621236 0.0132037 -0.0357607 0.0163803 -0.0134425 0.0110543 -0.0379948 0.00193415
internal_weight=7384 4210.24 1361.93 3173.76 547.595 2626.17 813.301 247.413 325.594 548.631 222.001 216.867 140.169 714.404 146.665 2848.31 47.9152 104.377 88.9357 202.915 42.514 16.7437 98.897 685.221 49.2116 623.961 92.3175 46.211 46.1065 11.5417
internal_count=465408 406444 53709 58964 7606 51358 8720 2915 3861 44989 3745 8947 1282 7446 1047 352735 3531 764 682 3460 496 542 1274 6364 390 4882 627 283 344 484
is_linear=0
shrinkage=0.07


Tree=41
num_leaves=31
num_cat=0
split_feature=7 6 5 1 8 5 5 3 9 8 5 1 12 12 3 3 12 8 8 9 12 3 8 6 8 5 5 12 1 8
split_gain=4146.42 593.889 250.015 232.645 91.6469 50.4893 82.781 55.4435 41.3835 38.5638 38.297 34.6704 34.0068 32.9897 32.115 30.126 29.2662 23.9699 40.6668 30.8778 19.0389 17.8173 14.4933 13.7177 13.7057 13.2722 14.0267 12.6207 12.2578 24.9986
threshold=61.298427581787116 49.890829086303718 0.31666667759418493 68.208553314208999 0.62019231915473949 0.47222222387790685 0.080128207802772536 51.471860885620124 1.0000000180025095e-35 0.41885964572429663 0.76388889551162731 90.521114349365249 4.5000000000000009 6.5000000000000009 48.17045974731446 76.028167724609389 10.500000000000002 0.32738095521926885 0.028991596773266796 1.0000000180025095e-35 12.500000000000002 25.176055908203129 0.32738095521926885 66.866264343261733 0.91833335161209118 0.63068181276321422 0.5634920895099641 9.5000000000000018 95.293468475341811 0.053342817351222045
decision_type=2 2 2 2 2 2 2 2 2 2 2 2 2 2 2 2 2 2 2 2 2 2 2 2 2 2 2 2 2 2
left_child=1 22 15 4 5 6 7 21 9 11 12 25 -4 -8 24 -3 23 18 -14 -20 -12 -2 28 -15 -6 26 -5 -28 -1 -30
right_child=3 2 10 8 14 -7 13 -9 -10 -11 20 -13 17 16 -16 -17 -18 -19 19 -21 -22 -23 -24 -25 -26 -27 27 -29 29 -31
leaf_value=-0.069957075169558486 0.028840218342761636 -0.066811847920123776 -0.057534459093430725 0.011783542583251854 0.00096854053712751591 0.049094167223161768 -0.072839226863689335 0.089616065922384372 0.072320660593705108 0.067454171148994269 0.022203751481889255 0.059702139243472285 0.011437625401077192 0.23792758482168958 0.069299550916399152 0.096931042191112926 -0.06407147439503838 0.073415652970148002 -0.055119451181586412 0.021648347181023375 0.07003965763931648 -0.025715046628515155 0.46835588203805179 0.045586460791104108 0.050405634169621093 0.032223391445079227 -0.078129995288852921 0.017533148697150395 -0.064134711254858895 0.063556278164459912
leaf_weight=2608.9513792842627 48.461365557275712 307.63325595017523 45.502745698671788 48.679124925285578 66.011803276836872 77.050617813132703 106.766880501993 41.254073155112565 1927.4276100536808 295.46224303916097 145.8527374304831 107.64380826801062 495.28920077811927 2.0506837153807309 177.06907237321138 5.6060307407751671 15.349667704664169 24.206672301515937 89.705173527821898 35.967155869118869 56.585839714854956 74.318020507693291 0.24562142416834731 15.93757715448737 47.073487240821123 57.951070128008723 21.600796273909513 9.8339998945593816 28.228140510153025 10.237100648693739
leaf_count=348776 689 34334 2166 826 447 1145 4188 606 41599 5527 1305 1668 5598 31 3263 104 362 406 3802 488 720 2573 2 162 539 664 250 96 2788 284
internal_value=-0.0021313 -0.0507807 -0.0100719 0.0575817 0.0210443 -0.00152033 -0.014343 0.0194081 0.0675182 0.0504138 0.00880067 0.0299229 0.000953037 -0.0538585 0.0506886 -0.0638813 0.00692833 0.00507807 0.0024141 -0.0331487 0.0355749 -0.00418193 -0.0693288 0.0675136 0.0215475 0.00670513 -0.0117537 -0.0482029 -0.0693787 -0.0301512
internal_weight=6993.95 3854.01 1206.35 3139.94 671.343 381.189 304.138 164.033 2468.6 541.171 893.11 245.709 690.671 140.105 290.154 313.239 33.3379 645.168 620.962 125.672 202.439 122.779 2647.66 17.9883 113.085 138.065 80.1139 31.4348 2647.42 38.4652
internal_count=465408 400773 48923 64635 14005 9756 8611 3868 50630 9031 14485 3504 12460 4743 4249 34438 555 10294 9888 4290 2025 3262 351850 193 986 1836 1172 346 351848 3072
is_linear=0
shrinkage=0.07


Tree=42
num_leaves=31
num_cat=0
split_feature=6 6 2 5 12 11 6 3 9 11 1 1 5 5 2 0 0 12 1 5 9 5 1 5 1 0 3 2 6 5
split_gain=3798.67 531.345 280.238 201.151 98.6489 51.3309 50.9636 40.6115 34.5701 34.1482 26.6635 25.5168 25.3215 33.2234 31.0093 25.9993 24.4189 24.1397 20.0744 19.1097 34.2443 18.4818 18.1948 16.3154 18.0102 15.153 13.1553 12.6531 12.5627 12.1116
threshold=60.705402374267585 49.890829086303718 81.53021621704103 0.31666667759418493 6.5000000000000009 1.0000000180025095e-35 92.356376647949233 75.809822082519545 1.0000000180025095e-35 1.0000000180025095e-35 91.010101318359389 75.905715942382827 0.080128207802772536 0.47222222387790685 56.949806213378913 79.095325469970717 54.950981140136726 4.5000000000000009 27.639257431030277 0.61250001192092907 1.0000000180025095e-35 0.47222222387790685 53.589838027954109 0.58571431040763866 92.40384674072267 97.01425933837892 29.300813674926761 69.504829406738295 54.447351455688484 0.76388889551162731
decision_type=2 2 2 2 2 2 2 2 2 2 2 2 2 2 2 2 2 2 2 2 2 2 2 2 2 2 2 2 2 2
left_child=1 19 4 7 6 -4 11 -3 21 17 -7 12 14 -14 18 -15 -10 -5 -2 -1 -21 -6 26 -13 -25 -11 -8 -28 -27 -19
right_child=2 3 5 9 8 10 22 -9 16 25 -12 23 13 15 -16 -17 -18 29 -20 20 -22 -23 -24 24 -26 28 27 -29 -30 -31
leaf_value=-0.070036496135213788 0.010662840898979412 -0.066750319277518622 0.071438448617114236 -0.048548045457949336 -0.096599179430909676 0.014619041241254105 0.03673052009085253 0.14819961336991708 0.012450254416376611 -0.061377335282832228 0.063310986620558854 0.085762550060893158 -0.066535596664556787 0.090846891521839668 0.070421694616292205 -0.038119257519174075 0.067408893933584096 0.0086588265495834791 -0.05152980565899213 -0.05198679113840448 0.088435988393250814 0.014785494310210572 0.062281781743221923 -0.059411479140937765 0.070858560898805378 -0.043925534136975343 -0.031079806317777115 0.070034555656699554 0.047361701011846391 0.030021170414451962
leaf_weight=2388.2498979428783 51.11586650647223 263.35870898561552 2041.0608572978526 31.912073656916618 9.4878559838980419 124.89044545311481 51.083061158657074 4.3785679554566732 47.926608871668577 48.925188368652016 98.621328689157963 16.962206711061299 104.4466690858826 13.09944923873991 22.567544307559729 18.444752929732203 228.40204819757491 555.67872054083273 50.610168324783444 87.65820769360289 9.4244929179549199 31.646397748962045 56.828841621056199 12.696820970624687 8.8075855150818807 14.648716527037324 38.23388928361237 7.2072513289749613 14.900885630398987 169.78155907616019
leaf_count=343594 1079 33840 47077 1573 293 1274 352 86 405 3800 1650 205 3243 118 265 206 4373 6480 2571 9045 96 364 858 129 129 279 278 99 132 1515
internal_value=-0.00210706 -0.050851 0.0555494 -0.0104312 0.0190561 0.0679509 -0.00194531 -0.063235 0.0489645 0.00648286 0.0361037 -0.0187837 -0.0266482 -0.0475214 -0.00381071 0.0154369 0.0578768 0.0110372 -0.0202789 -0.0687989 -0.038355 -0.010906 0.030858 0.0344319 -0.00605662 -0.0374721 0.0123571 -0.0150424 0.00210759 0.0136583
internal_weight=6623.06 3588.92 3034.14 1103.58 769.567 2264.57 452.104 267.737 317.463 835.847 223.512 298.751 260.284 135.991 124.294 31.5442 276.329 757.372 101.726 2485.33 97.0827 41.1343 153.353 38.4666 21.5044 78.4748 96.5242 45.4411 29.5496 725.46
internal_count=465408 400440 64968 47705 14967 50001 9532 33926 5435 13779 2924 7945 7482 3567 3915 324 4778 9568 3650 352735 9141 657 1587 463 258 4211 729 377 411 7995
is_linear=0
shrinkage=0.07


Tree=43
num_leaves=31
num_cat=0
split_feature=7 7 2 2 11 12 1 9 8 1 11 1 3 12 3 11 2 8 9 2 7 12 1 11 4 3 12 11 12 3
split_gain=3506.27 514.819 266.986 214.407 65.9402 53.1882 41.2562 38.276 32.3028 25.9915 22.051 20.4796 21.4326 15.0198 14.9832 19.816 13.4236 28.2329 19.5689 12.3166 12.0182 11.8845 11.8138 11.8117 12.075 17.9343 11.5363 11.3596 15.2703 11.0735
threshold=61.920122146606452 49.693204879760749 82.167320251464858 76.123405456542983 1.0000000180025095e-35 6.5000000000000009 75.582656860351577 1.0000000180025095e-35 0.67333334684371959 91.010101318359389 1.0000000180025095e-35 68.703357696533217 25.176055908203129 5.5000000000000009 47.292278289794929 1.0000000180025095e-35 85.86789703369142 0.36602871119976049 1.0000000180025095e-35 85.145786285400405 85.794998168945327 2.5000000000000004 58.898942947387702 1.0000000180025095e-35 1.0000000180025095e-35 71.834934234619155 12.500000000000002 1.0000000180025095e-35 2.5000000000000004 77.836257934570327
decision_type=2 2 2 2 2 2 2 2 2 2 2 2 2 2 2 2 2 2 2 2 2 2 2 2 2 2 2 2 2 2
left_child=1 -1 6 5 16 8 22 10 11 20 21 12 -2 -13 -7 -16 17 18 -5 -9 -6 -4 -3 24 -24 -26 -12 28 -14 -8
right_child=3 2 7 4 9 14 29 19 -10 -11 26 13 27 -15 15 -17 -18 -19 -20 -21 -22 -23 23 -25 25 -27 -28 -29 -30 -31
leaf_value=-0.069711642979517902 0.017769611828966147 -0.063695360252494782 -0.04355696365962259 -0.053396006796679399 -0.0014716089096985954 0.009200132795411195 0.022254259637530756 -0.039188314457274449 0.039511871755233754 0.059554675509879994 -0.040970469443054977 0.088731868554055293 -0.048269631090285717 0.0021713449844797035 0.064868096587535493 -0.023899824699723536 0.072249928814102388 0.067040946371583685 0.037460418071142559 0.071713002664754721 0.040501639920454614 0.014793058857103136 -0.066555041268517176 -0.068644758206468898 0.014014512540568784 -0.05686235561853753 0.067740968156995499 -0.067303779436411512 -0.00032478291037552309 -0.031896366679104615
leaf_weight=2181.1375261596404 54.549069826491177 353.72841177787632 17.627561030443758 16.096311419270933 96.834123909007758 41.798932181671262 42.762555876746774 5.3078222847543648 78.080150835216045 97.628802705556154 54.750487231649458 15.073644823394714 62.046972097363323 28.195777036715299 133.69745181873441 13.573569473810492 1733.3635228369385 223.6865465156734 41.730616613291204 64.971668667625636 51.047848343849182 575.75706398626789 27.423760208766907 48.843002027831972 47.168488491326571 27.805522239767015 5.2409790679812422 36.47602432128042 68.472033017780632 32.619441023096442
leaf_count=331026 692 46634 756 221 1201 359 974 102 767 1652 3184 222 2528 485 2490 276 42814 5281 574 1158 581 4716 2333 6235 2916 940 127 2207 1243 714
internal_value=-0.00208163 -0.0489092 -0.0141143 0.0563641 0.0657739 0.0163804 -0.0494833 0.0142507 -5.55658e-05 0.0315231 0.00897076 -0.011722 -0.020325 0.0323262 0.0461885 0.0566866 0.0699474 0.0557697 0.0121702 0.0633372 0.0130173 0.0130597 -0.0566944 -0.0403201 -0.0268095 -0.0122715 -0.0314732 -0.0327686 -0.0231171 -0.0011779
internal_weight=6277.5 3485.14 1304.01 2792.35 2260.39 531.964 580.351 723.656 342.894 245.511 653.376 264.814 221.544 43.2694 189.07 147.271 2014.88 281.513 57.8269 70.2795 147.882 593.385 504.969 151.241 102.398 74.974 59.9915 166.995 130.519 75.382
internal_count=465408 401815 70789 63593 52324 11269 60746 10043 8144 3434 8783 7377 6670 707 3125 2766 48890 6076 795 1260 1782 5472 59058 12424 6189 3856 3311 5978 3771 1688
is_linear=0
shrinkage=0.07


Tree=44
num_leaves=31
num_cat=0
split_feature=8 6 2 5 5 6 3 11 1 3 11 0 0 1 6 2 12 5 8 8 8 12 3 6 11 5 5 2 0 3
split_gain=3223.9 565.116 219.41 183.406 80.0244 53.3294 45.3465 39.2575 30.3659 26.642 26.2068 29.3229 23.7877 22.6196 22.3481 21.819 20.01 18.3693 20.8225 17.2022 16.7859 15.6804 14.8717 13.769 13.2131 12.6034 29.6638 19.2812 17.7818 15.7546
threshold=0.21807064861059192 49.890829086303718 81.01672744750978 0.31666667759418493 0.47222222387790685 80.170940399169936 75.490947723388686 1.0000000180025095e-35 93.127067565917983 66.312053680419936 1.0000000180025095e-35 60.097087860107429 52.223320007324226 58.280590057373054 75.343498229980483 95.713413238525405 4.5000000000000009 0.84523808956146251 0.053342817351222045 0.33974359929561621 0.85092595219612133 12.500000000000002 75.490947723388686 54.007299423217781 1.0000000180025095e-35 0.095454547554254546 0.19090909510850909 54.110361099243171 64.89996719360353 28.097587585449222
decision_type=2 2 2 2 2 2 2 2 2 2 2 2 2 2 2 2 2 2 2 2 2 2 2 2 2 2 2 2 2 2
left_child=1 17 4 6 5 -2 -3 -4 10 20 11 12 -5 -14 -9 -12 -13 -1 -19 22 25 -10 -6 -17 -20 27 -27 29 -28 -7
right_child=2 3 7 8 19 9 -8 14 21 -11 15 16 13 -15 -16 23 -18 18 24 -21 -22 -23 -24 -25 -26 26 28 -29 -30 -31
leaf_value=-0.069501606216292977 -0.036544798649733284 -0.064331408132496604 0.071162413917427003 0.79924091373334649 0.041151601797998476 0.01887826297370639 0.10464326541000495 -0.021820954089215444 0.019445082562908122 0.058561764445218017 -0.052547496161963927 -0.050560011955900402 0.064298461872026688 0.64930957925291588 0.047223510737876721 -0.06670900673527895 0.0068972690508102823 -0.054831504935342147 0.1179143712954016 0.066593118527783698 0.043074127267588719 0.065166302563164288 -0.047943349531728185 0.053413702271176915 -0.04399428816463203 -0.093884032682450616 0.064799476464020636 0.066533978851241793 -0.038313580308439663 -0.034389793708913416
leaf_weight=2133.9625705820508 118.45170398661867 261.27538791205734 1780.5710109937936 0.32188205746933762 38.618031809106469 68.374519973993301 8.0210036416538042 27.037367854267359 165.18545844964683 64.881956327706575 75.204929758794606 31.341418778523803 2.0136561696417634 0.38592580659314979 152.73048179596663 6.2501949463039663 566.99871913902462 23.884371583815664 7.1361095160245878 165.37248850613832 52.782635621726513 47.273803144693375 12.043030502274631 18.561105510219932 3.7770060393959284 21.532281365245581 15.961263843812047 24.172153506428003 16.842103973031044 45.186053056269884
leaf_count=349495 5949 34464 46780 37 392 445 121 295 1582 1214 4474 1502 190 29 2325 160 6618 2730 69 3576 536 622 126 163 211 232 178 248 177 468
internal_value=-0.00205243 -0.0474515 0.056368 -0.00853043 0.0209268 0.00340264 -0.0592985 0.0680149 0.00643519 0.0186798 -0.000590399 0.00493035 0.234183 0.158386 0.0368391 -0.0337681 0.00388762 -0.0686789 -0.0182293 0.0556602 0.00811167 0.0296184 0.0199722 0.0231537 0.0618781 -0.00149642 -0.0300454 0.00976618 0.0118585 -0.00231724
internal_weight=5956.15 3351.59 2604.56 1182.83 644.218 428.185 269.296 1960.34 913.537 309.733 701.078 601.062 2.72146 2.39958 179.768 100.016 598.34 2168.76 34.7975 216.034 244.851 212.459 50.6611 24.8113 10.9131 192.068 54.3356 137.733 32.8034 113.561
internal_count=465408 402467 62941 49962 13541 9447 34585 49400 15377 3498 13173 8376 256 219 2620 4797 8120 352505 3010 4094 2284 2204 518 323 280 1748 587 1161 355 913
is_linear=0
shrinkage=0.07


Tree=45
num_leaves=31
num_cat=0
split_feature=7 6 5 5 3 7 11 11 5 3 12 8 3 4 8 8 9 4 4 9 6 7 12 5 5 8 11 8 11 3
split_gain=2958.45 534.769 186.924 185.774 91.7563 62.4443 57.6104 34.2923 32.3493 37.4911 27.602 32.6191 25.1691 24.8894 17.7073 14.7641 20.0039 14.5022 14.2379 40.7052 19.3492 24.3745 13.7555 13.2728 13.2158 35.1962 27.5468 12.3355 12.0487 12.2079
threshold=61.920122146606452 49.890829086303718 0.43650794029235845 0.31666667759418493 71.50376129150392 87.367481231689467 1.0000000180025095e-35 1.0000000180025095e-35 0.080128207802772536 51.316701889038093 4.5000000000000009 0.23904761672019961 76.028167724609389 1.0000000180025095e-35 0.62019231915473949 0.032795699313282974 1.0000000180025095e-35 1.0000000180025095e-35 1.0000000180025095e-35 1.0000000180025095e-35 63.069993972778327 64.722881317138686 12.500000000000002 0.81666666269302379 0.61250001192092907 0.089572194963693633 1.0000000180025095e-35 0.18019481003284457 1.0000000180025095e-35 51.000400543212898
decision_type=2 2 2 2 2 2 2 2 2 2 2 2 2 2 2 2 2 2 2 2 2 2 2 2 2 2 2 2 2 2
left_child=1 24 4 12 5 8 -4 10 9 -2 17 15 -3 -8 18 -12 -17 -5 -10 -20 21 -21 -9 -15 -1 -26 -27 -6 29 -7
right_child=2 3 6 7 27 28 13 22 14 -11 11 -13 -14 23 -16 16 -18 -19 19 20 -22 -23 -24 -25 25 26 -28 -29 -30 -31
leaf_value=-0.06999506039612842 -0.011744443097327587 -0.064529024625113063 0.070080194212511965 -0.05813673084302156 -0.017454763821445195 0.024218485384968843 -0.03363066992983739 -0.045545749987962056 -0.086545137269559633 0.091071731242336931 0.013232506048819979 0.065496674673412941 0.076964885046837364 0.028086991430149536 0.030379661150536703 -0.062780571409806835 0.01530873126474813 0.14410600135730009 -0.072095761654383222 -0.076610035572133861 0.027130183976089444 0.43550606695716909 0.078347361127434997 0.066699767929575632 -0.061229446901252517 0.14187976580801998 -0.071716495065052829 0.065769240666643039 -0.047340799819688091 0.06238035464397193
leaf_weight=1938.6338918115944 109.29564188933 249.09580095857382 1662.8837458547205 34.867038379888982 9.1660181172192079 112.55293666571379 24.936333169229329 71.538940376136452 43.129532784223557 20.663584805559367 633.15979715716094 56.031952665187418 6.316303555853664 135.22302753478289 13.174720816314219 30.733855353202671 33.699200698640198 1.8284441661089648 42.329219879116863 0.69880333775654735 16.802643543109298 1.3074608254246411 4.6783102694898835 64.393843829631805 67.60033233743161 8.2350171976722759 4.6174383866600683 182.11003872891888 8.464655942283569 64.678711691871285
leaf_count=342900 3022 34847 45746 1644 307 1023 308 4147 1512 330 6722 1167 112 1610 227 578 507 16 2378 35 185 23 67 1195 8640 101 367 4301 88 1303
internal_value=-0.002026 -0.0473109 0.0546031 -0.00856411 0.0214021 0.00356879 0.0655861 0.00690019 -0.019459 0.00460338 0.0112246 0.0141113 -0.0610299 0.0323061 -0.0460859 0.0099839 -0.021939 -0.0480595 -0.0557477 -0.0340218 0.0516633 0.257131 -0.037941 0.040543 -0.0688414 -0.0410414 0.0651421 0.0617811 0.0342485 0.0381452
internal_weight=5652.85 3141.04 2511.81 1121.95 624.374 433.098 1887.44 866.538 247.402 129.959 790.32 753.625 255.412 224.553 117.442 697.593 64.4331 36.6955 104.268 61.1381 18.8089 2.00626 76.2173 199.617 2019.09 80.4528 12.8525 191.276 185.696 177.232
internal_count=465408 401815 63593 49807 14734 10126 48859 14848 7712 3352 10634 8974 34959 3113 4360 7807 1085 1660 4133 2621 243 58 4214 2805 352008 9108 468 4608 2414 2326
is_linear=0
shrinkage=0.07


Tree=46
num_leaves=31
num_cat=0
split_feature=8 7 0 5 7 8 1 3 3 1 7 9 5 5 4 0 0 0 7 3 12 0 12 0 5 3 5 1 1 1
split_gain=2714.52 461.741 233.864 198.483 76.7391 49.58 42.1369 31.3237 29.1072 28.0262 26.9742 34.7502 21.1797 21.6567 39.6937 26.1572 16.8135 24.7188 16.5336 16.1125 15.1526 15.8761 14.9359 14.6504 14.4679 14.8911 14.1804 13.8925 32.3006 13.5825
threshold=0.19292803853750232 49.693204879760749 77.015758514404311 0.31666667759418493 69.860393524169936 0.32738095521926885 85.857143402099624 76.028167724609389 66.312053680419936 93.127067565917983 50.110132217407234 1.0000000180025095e-35 0.47222222387790685 0.080128207802772536 1.0000000180025095e-35 44.092720031738288 93.127067565917983 85.880397796630874 57.198879241943366 25.176055908203129 2.5000000000000004 90.521114349365249 12.500000000000002 94.494949340820327 0.47222222387790685 75.490947723388686 0.31666667759418493 41.486423492431648 41.060766220092781 35.767591476440437
decision_type=2 2 2 2 2 2 2 2 2 2 2 2 2 2 2 2 2 2 2 2 2 2 2 2 2 2 2 2 2 2
left_child=1 -1 4 7 24 6 16 -3 12 10 20 23 13 15 -15 19 17 -4 -13 -6 -5 27 -11 -12 25 -2 -16 28 29 -22
right_child=2 3 5 9 8 -7 -8 -9 -10 22 11 18 -14 14 26 -17 -18 -19 -20 -21 21 -23 -24 -25 -26 -27 -28 -29 -30 -31
leaf_value=-0.06972185237870826 -0.043608881381205097 -0.066061853014879574 0.014272287699237227 -0.055369740743349737 0.033776204455882725 0.068879891044971636 0.060540417346097136 0.088847879429899704 0.061755273040855124 0.016830814463753261 -0.056820875611775692 -0.035664618960914135 0.076871405536176898 -0.07949584928011709 -0.029295836036090331 0.079778585684993589 0.040082813535942716 -0.071405642456960614 0.060233813509669401 -0.010242788973498495 0.54241149401564348 -0.0027200998897275149 0.064851326936207709 -0.0044223016841768003 0.075652635808946919 0.055499007296415548 0.066348513875682982 0.021521331581878474 0.91221809552052779 -0.070829850599751429
leaf_weight=1764.295071894303 125.56612611096352 292.371231041383 44.602610782720149 19.75701707508415 78.231626608408988 1644.0887723583728 143.18037045467645 6.5390979950316241 92.891300716437399 159.18885444384068 103.26458566449583 12.870652545709161 26.020888656377792 32.227906947489828 12.194753552787004 32.316062392666936 38.442158805206418 26.187862005084753 27.916779677383602 85.033539870753884 0.22824773006141075 305.33799207257107 39.640896081924438 35.01063612755388 5.7505762581713489 7.8957117530517271 20.140412630978972 187.51953814784065 0.28326221555471409 0.78783390996977687
leaf_count=329836 8270 48019 609 1378 636 47757 3199 142 2050 1625 8576 537 495 430 246 519 636 298 398 1107 20 1919 524 847 80 124 293 4741 16 81
internal_value=-0.00199909 -0.0469899 0.0530573 -0.0133079 0.0113856 0.0644452 0.0355595 -0.062673 0.0277092 0.00323805 -0.00340896 -0.0268057 0.0166576 0.0106347 -0.0245179 0.0222389 0.002815 -0.017423 0.0299726 0.0108498 0.00474316 0.00714655 0.0264047 -0.0435538 -0.0330613 -0.0377456 0.0302776 0.0231019 0.251203 0.0669258
internal_weight=5369.78 2955.01 2414.77 1190.72 518.269 1896.5 252.413 298.91 379.056 891.806 692.977 179.063 286.165 260.144 64.5631 195.581 109.233 70.7905 40.7874 163.265 513.914 494.157 198.83 138.275 139.212 133.462 32.3352 188.819 1.29934 1.01608
internal_count=465408 398659 66749 68823 14250 52499 4742 48161 5776 20662 18513 10358 3726 3231 969 2262 1543 907 935 1743 8155 6777 2149 9423 8474 8394 539 4858 117 101
is_linear=0
shrinkage=0.07


Tree=47
num_leaves=31
num_cat=0
split_feature=7 6 2 2 12 11 6 0 6 1 1 11 0 9 1 11 1 0 0 1 6 7 6 6 1 0 7 0 4 12
split_gain=2488.1 546.921 165.548 155.555 50.6412 45.8311 41.8946 34.4944 21.5962 20.9137 17.3894 23.9061 17.0783 22.6498 16.9745 16.2274 15.8627 15.3147 13.5103 24.4015 12.7037 12.129 12.1733 12.0566 11.8741 11.8282 11.5756 11.1938 10.672 10.548
threshold=64.722881317138686 49.890829086303718 82.167320251464858 80.810150146484389 6.5000000000000009 1.0000000180025095e-35 75.343498229980483 68.614070892333999 96.315685272216811 75.905715942382827 93.40579986572267 1.0000000180025095e-35 54.950981140136726 1.0000000180025095e-35 91.704891204833999 1.0000000180025095e-35 95.293468475341811 69.504829406738295 88.493064880371108 75.582656860351577 50.099601745605476 84.866104125976577 95.529048919677749 82.78556060791017 85.145786285400405 77.849929809570327 43.147575378417976 81.872947692871108 1.0000000180025095e-35 4.5000000000000009
decision_type=2 2 2 2 2 2 2 2 2 2 2 2 2 2 2 2 2 2 2 2 2 2 2 2 2 2 2 2 2 2
left_child=1 10 7 4 8 -5 15 23 9 21 -1 26 -6 24 -7 17 18 -4 19 28 25 -2 -23 -3 -14 -21 -12 -11 -9 -19
right_child=3 2 6 5 12 14 -8 16 -10 27 11 -13 13 -15 -16 -17 -18 29 -20 20 -22 22 -24 -25 -26 -27 -28 -29 -30 -31
leaf_value=-0.069402228680088995 -0.024114827497715163 -0.063117522572592469 0.16671991162679828 0.070239876919080457 0.0094821253017852627 0.015229411898096856 0.065655165072430841 -0.068926759236168839 0.038600435290638897 0.13060519025573206 -0.054982345176925344 -0.067555096167556283 -0.032395850280399978 0.068622999328554951 0.05963384359784215 -0.030240276796715107 0.069317314604967331 -0.038807167079828959 -0.062147395162622777 0.24245584768306844 -0.01264202083986702 0.017768457589376941 -0.087094627267200894 0.0093613183901860696 0.074211683984283683 0.052443821289059903 0.089206071133620696 0.02768388227195194 -0.020092375137388058 0.012253544437494475
leaf_weight=1733.277876782231 142.21999830752611 217.92190380115062 3.0920677757821968 1433.2703236490488 43.541844883468002 108.3132498417981 68.645588457584381 27.956134194973856 74.20291206240654 6.5769130345433977 3.7070813328027716 20.396790027152747 18.375455217901621 152.21312310732901 69.0912278406322 49.745514541398734 9.2381516415625793 20.512046965770423 38.000887647736818 1.7425685296766484 17.316974711604416 73.559631853364408 5.8563659824430934 11.85799771081656 7.096528783440589 20.376235581934452 10.332108721137045 24.344387981109321 101.68436692468822 590.97214632341638
leaf_count=348897 4549 34914 111 45556 388 1266 1830 2424 911 99 335 2985 303 3848 1474 1482 120 668 584 68 496 649 46 201 129 289 206 402 5371 4807
internal_value=-0.00196967 -0.0437945 -0.00686917 0.0551251 0.0229095 0.0660856 0.0135935 -0.0404909 0.00540018 -0.00435426 -0.0684236 -0.0191673 0.0487714 0.0583993 0.032523 0.00821391 -0.020429 0.0113265 -0.0244328 -0.0159563 0.0322596 -0.0118782 0.0100355 -0.0593772 -0.00269485 0.0674134 0.0511328 0.0495751 -0.0306232 0.0105407
internal_weight=5105.44 2946.78 1179.06 2158.66 547.987 1610.67 732.967 446.095 326.76 252.557 1767.71 34.436 221.227 177.685 177.404 664.322 216.315 614.576 207.077 169.076 39.4358 221.636 79.416 229.78 25.472 22.1188 14.0392 30.9213 129.641 611.484
internal_count=465408 405788 53365 59620 11324 48296 8898 44467 6656 5745 352423 3526 4668 4280 2740 7068 9352 5586 9232 8648 853 5244 695 35115 432 357 541 501 7795 5475
is_linear=0
shrinkage=0.07


Tree=48
num_leaves=31
num_cat=0
split_feature=8 7 0 1 11 7 1 3 0 11 12 4 1 3 8 0 1 7 4 8 9 11 0 1 1 7 11 0 3 7
split_gain=2277.67 439.572 216.064 156.262 71.307 62.3385 29.6104 25.5548 25.481 19.5817 16.7678 14.3857 14.1553 13.3155 12.558 24.153 14.2064 12.4906 12.331 12.3198 11.6105 11.3877 12.2426 12.4282 11.6411 11.3212 11.2977 10.7828 10.6448 9.3004
threshold=0.19292803853750232 49.693204879760749 77.712417602539077 70.299972534179702 1.0000000180025095e-35 69.860393524169936 91.010101318359389 66.312053680419936 68.614070892333999 1.0000000180025095e-35 11.500000000000002 1.0000000180025095e-35 22.401432991027836 87.570224761962905 0.31414473056793218 92.612083435058608 84.660633087158217 65.396709442138686 1.0000000180025095e-35 0.2788888961076737 1.0000000180025095e-35 1.0000000180025095e-35 87.298336029052749 91.331184387207045 75.582656860351577 70.627449035644545 1.0000000180025095e-35 84.680576324462905 19.560019493103031 77.204086303710952
decision_type=2 2 2 2 2 2 2 2 2 2 2 2 2 2 2 2 2 2 2 2 2 2 2 2 2 2 2 2 2 2
left_child=1 -1 5 8 14 19 18 11 17 13 21 12 -7 -10 15 16 27 -3 -6 -2 -12 22 24 -24 -5 -23 -13 -4 -14 -20
right_child=2 3 4 10 6 7 -8 -9 9 -11 20 26 28 -15 -16 -17 -18 -19 29 -21 -22 25 23 -25 -26 -27 -28 -29 -30 -31
leaf_value=-0.069556863296288782 -0.051696996167852879 -0.063746152054546479 0.016676003022493644 -0.013141174889358601 -0.058100346391637574 0.038184413851082115 0.058819783859810008 0.058903002197647818 -0.017188618854862853 -0.067241481023450331 0.015775976693787826 0.06302191160622847 0.10298745745238296 0.1441502042977946 0.070652762167513081 0.068326213235018501 0.062509652427872431 -0.0015608239044351366 -0.010419297128366494 -0.0091166010798021668 0.070404661733600035 -0.051063416448640916 -0.019855415560655298 0.016604466579165637 0.047521790349711754 0.040614191877437658 -0.02206389903470855 -0.065073911988249647 -0.0053322432480030716 0.030570031295766988
leaf_weight=1539.3323523332365 66.113995828665793 229.12982988636941 18.558130684774369 23.149832367431372 14.470786343794314 55.960700186900795 73.213677048683167 86.603182839229703 157.5782732758671 44.225586600601673 355.52544032642618 43.792578035499901 4.5685186618939033 2.5470566116273394 1330.5376435201615 105.20578431524336 15.991754015907643 17.001634540036321 52.673737341538072 67.073272026143968 20.143797435797751 38.313006321899593 125.76598728168756 72.060311947017908 46.909558277111501 7.9739410630427292 9.2643104577437025 13.773532905150203 165.07407411606982 55.919884119182825
leaf_count=329836 6629 44689 223 1107 164 465 1632 2111 6147 6310 3282 815 38 13 45618 2890 332 1239 632 1879 347 3044 1171 628 737 109 207 156 2252 706
internal_value=-0.00193728 -0.0451551 0.0512155 -0.012215 0.0632213 0.0107421 0.0235702 0.0256905 -0.0442811 -0.0260101 0.00872495 0.0153685 0.00765552 -0.0146223 0.0684654 0.0495093 0.00854279 -0.0594507 0.00259938 -0.0302535 0.0187052 -0.00320887 0.00233083 -0.00657452 0.0274768 -0.0352699 0.048165 -0.0181501 -0.00241517 0.010688
internal_weight=4858.45 2679.66 2178.8 1140.32 1680.34 498.451 196.278 365.263 450.482 204.351 689.842 278.66 225.603 160.125 1484.07 153.529 48.3234 246.131 123.064 133.187 375.669 314.173 267.886 197.826 70.0594 46.2869 53.0569 32.3317 169.643 108.594
internal_count=465408 398659 66749 68823 52353 14396 3134 5888 58398 12470 10425 3777 2755 6160 49219 3601 711 45928 1502 8508 3629 6796 3643 1799 1844 3153 1022 379 2290 1338
is_linear=0
shrinkage=0.07


Tree=49
num_leaves=31
num_cat=0
split_feature=6 6 2 5 5 2 11 8 5 12 0 11 0 2 4 5 8 9 2 11 9 3 5 3 12 2 4 0 3 4
split_gain=2080.61 494.419 173.171 123.913 56.2119 47.1894 38.4253 29.7973 30.3106 25.6858 31.9397 28.1799 26.1929 24.0968 23.06 22.9679 36.1876 22.7195 22.1725 20.2502 19.8572 19.3545 17.5785 16.2493 16.0209 15.7366 15.6491 14.8093 14.5616 12.7258
threshold=68.996032714843764 49.890829086303718 81.53021621704103 0.31666667759418493 0.47222222387790685 83.935482025146499 1.0000000180025095e-35 0.62828946113586437 0.087121214717626586 12.500000000000002 94.360820770263686 1.0000000180025095e-35 64.747306823730483 61.257406234741218 1.0000000180025095e-35 0.61250001192092907 0.053342817351222045 1.0000000180025095e-35 54.201978683471687 1.0000000180025095e-35 1.0000000180025095e-35 92.031745910644545 0.16025641560554507 25.176055908203129 4.5000000000000009 62.258651733398445 1.0000000180025095e-35 82.167320251464858 77.459678649902358 1.0000000180025095e-35
decision_type=2 2 2 2 2 2 2 2 2 2 2 2 2 2 2 2 2 2 2 2 2 2 2 2 2 2 2 2 2 2
left_child=1 15 4 5 7 -3 -4 8 18 11 -11 12 25 -9 27 -1 -17 -16 23 -18 28 -8 -7 -2 26 -5 -14 -10 29 -6
right_child=2 3 6 9 20 22 21 13 14 10 -12 -13 24 -15 17 16 19 -19 -20 -21 -22 -23 -24 -25 -26 -27 -28 -29 -30 -31
leaf_value=-0.069568220410199458 0.024768747203644765 -0.062631667609413522 0.069891218702720803 0.0012766636571434726 -0.01426631095688688 0.15903820222021633 0.014677326331237674 0.0047808940884429075 -0.083252911005565172 -0.039144654222928156 0.054703957946649735 -0.03599532192077956 -0.057310523638353934 0.062467006822643126 -0.050521121108902362 -0.061305959125920968 0.1031975462441946 0.040903243705558263 0.065264367156485883 -0.040516739771970428 0.068139489305128503 0.066090250600357392 0.009609955489068173 -0.034245518878758055 0.0062978573776337789 0.20911947220936955 0.13164509979707009 0.09549879828717231 -0.054074042843167594 0.062766055153009329
leaf_weight=1480.203996621538 45.031663089059293 206.86301476927474 1256.6744473371655 2.8038787776604286 16.325121477246284 5.5108767184428897 100.27924958430231 86.627415146678686 46.963085940573364 22.11307360837236 90.459987608715892 91.50918897613883 30.354316996410489 60.098850382491946 28.833083802368492 48.30098162824288 12.883929017931225 24.753436362370849 28.769882725551724 7.6608922462910405 119.47394743748009 55.866832245141268 12.858148299623279 46.43832277180627 650.11105833062902 4.912114248611033 2.3111860677599898 2.3864802913740268 11.090149315074084 29.492531411349773
leaf_count=343594 456 37191 46055 267 189 65 1248 615 839 175 1261 4952 1521 1411 588 8269 177 342 349 695 3597 1370 573 1345 7296 389 19 37 126 397
internal_value=-0.00190052 -0.0421134 0.0528808 -0.00667742 0.0194119 -0.0530838 0.0658219 0.00390639 -0.0122028 0.00500657 0.036269 0.000506184 0.00534363 0.028409 -0.040084 -0.06773 -0.0282071 -0.0082891 0.011666 0.0496084 0.0519296 0.0330721 0.0544398 -0.00519216 0.00389431 0.133592 -0.0439413 -0.0746087 0.0178981 0.0353189
internal_weight=4627.96 2668.86 1959.1 1119.81 546.284 225.232 1412.82 369.902 223.176 894.575 112.573 782.002 690.493 146.726 102.936 1549.05 68.8458 53.5865 120.24 20.5448 176.382 156.146 18.369 91.47 682.777 7.71599 32.6655 49.3496 56.9078 45.8177
internal_count=465408 406444 58964 53709 10291 37829 48673 5982 3956 15880 1436 14444 9492 2026 1806 352735 9141 930 2150 872 4309 2618 638 1801 8836 656 1540 876 712 586
is_linear=0
shrinkage=0.07


Tree=50
num_leaves=31
num_cat=0
split_feature=7 6 1 1 11 8 7 0 1 9 4 1 11 8 0 6 0 3 3 4 6 4 3 6 8 8 8 7 3 3
split_gain=1912.98 488.379 143.091 117.039 57.0241 36.5181 35.5012 21.0392 19.0028 18.3675 30.7788 17.3232 20.3791 15.9421 25.3739 19.6038 15.0509 14.9159 14.7339 14.3172 13.6344 13.5572 12.5207 12.3805 12.3801 11.2372 10.7304 13.686 10.3896 10.3543
threshold=64.722881317138686 49.890829086303718 68.208553314208999 69.860393524169936 1.0000000180025095e-35 0.29520697891712194 89.939987182617202 68.614070892333999 95.538970947265639 1.0000000180025095e-35 1.0000000180025095e-35 93.40579986572267 1.0000000180025095e-35 0.030776515603065494 95.488464355468764 55.468318939208991 85.145786285400405 74.322341918945327 47.856706619262702 1.0000000180025095e-35 75.343498229980483 1.0000000180025095e-35 79.823009490966811 63.069993972778327 0.0745370388031006 0.85092595219612133 0.10435571894049646 77.204086303710952 97.467948913574233 28.097587585449222
decision_type=2 2 2 2 2 2 2 2 2 2 2 2 2 2 2 2 2 2 2 2 2 2 2 2 2 2 2 2 2 2
left_child=1 11 6 7 -4 13 9 20 19 22 17 28 24 16 -15 -16 -5 25 29 -6 -3 -9 -2 -12 -13 -11 -21 -28 -1 -8
right_child=2 3 4 5 8 -7 18 21 -10 10 23 12 -14 14 15 -17 -18 -19 -20 26 -22 -23 -24 -25 -26 -27 27 -29 -30 -31
leaf_value=-0.069175996865625394 -0.040465301671274836 -0.059283452723237304 0.069031207415118659 0.046810526593590043 -0.043915009278035107 0.062905821809374055 0.044874322509092228 -0.068398341733424892 0.064347514904959172 -0.013213844891311832 0.19419544651320839 -0.013660488834276553 -0.066753725968775837 -0.042745836107170039 -0.044042799400508016 0.043101901383283271 0.0072389024961725564 0.076420266775762399 0.059876747933480162 0.11823678438992689 -0.00040905281938906997 -0.012842594371873574 0.086440576381462297 0.051496833424267877 0.12098607049917075 0.055412712103466301 -0.013120908572122395 0.037859153839143178 0.66056542302078458 -0.0036081868273490016
leaf_weight=1412.8607592945918 55.327776096761227 180.22273654351011 1206.9104872643948 52.271506105549634 18.591135344468057 59.426637586206198 43.312004271894693 24.864060654304922 48.293378576636314 144.23749750014395 3.1837044190615407 7.239574212580921 16.977829434908926 75.726478646043688 17.821664708666503 43.579359613358974 475.74595395335928 11.069979153573511 103.48999812453985 5.4457791121676555 21.582599367480725 160.18432301050052 4.0911131473258129 46.371298411861062 6.2215426848269999 12.722815461456774 42.929083912633359 64.679571496322751 0.095605791546403363 43.027645129710436
leaf_count=348884 2197 34785 45800 1169 238 1803 382 2417 1197 3064 35 478 2985 2412 263 685 3584 297 2951 77 531 5716 49 1150 63 198 536 955 13 494
internal_value=-0.00186726 -0.0411449 0.0522668 -0.00626712 0.0635505 0.0103309 0.0187455 -0.0373549 0.0267895 0.00276553 0.012185 -0.0680011 -0.0157532 0.00563363 -0.0156318 0.0178081 0.0111563 -0.00211245 0.042064 0.0130115 -0.052987 -0.0203074 -0.0317276 0.0606646 0.0485713 -0.00765115 0.0223727 0.0175213 -0.0691266 0.0207129
internal_weight=4408.5 2554.82 1853.68 1111.43 1386.85 724.572 466.834 386.854 179.939 277.004 217.585 1443.4 30.4389 665.145 137.128 61.401 528.017 168.03 189.83 131.646 201.805 185.048 59.4189 49.555 13.4611 156.96 113.054 107.609 1412.96 86.3396
internal_count=465408 405788 59620 53365 48803 9916 10817 43449 3003 6990 4744 352423 3526 8113 3360 948 4753 3559 3827 1806 35316 8133 2246 1185 541 3262 1568 1491 348897 876
is_linear=0
shrinkage=0.07


Tree=51
num_leaves=31
num_cat=0
split_feature=6 8 0 2 5 9 2 11 7 0 7 5 0 4 0 7 7 11 0 2 7 0 6 7 0 2 0 2 2 7
split_gain=1749.78 493.893 128.951 126.276 58.0929 51.086 27.5226 27.0589 26.9876 24.6594 22.0631 21.8651 35.6851 20.8102 18.1142 18.098 17.3142 22.9316 19.1463 28.9696 15.2378 14.2715 18.0946 17.7175 15.5061 14.0022 14.5792 13.7684 17.152 13.7058
threshold=49.890829086303718 0.32738095521926885 75.905715942382827 85.540069580078139 0.31666667759418493 1.0000000180025095e-35 83.047893524169936 1.0000000180025095e-35 57.198879241943366 52.223320007324226 65.396709442138686 0.94444444775581371 89.022754669189467 1.0000000180025095e-35 75.716625213623061 89.939987182617202 78.135349273681655 1.0000000180025095e-35 70.659969329833999 81.302967071533217 64.722881317138686 26.006441116333011 80.170940399169936 73.357315063476577 19.139194488525394 49.65753364562989 34.833164215087898 65.599384307861342 70.659969329833999 76.22473526000978
decision_type=2 2 2 2 2 2 2 2 2 2 2 2 2 2 2 2 2 2 2 2 2 2 2 2 2 2 2 2 2 2
left_child=8 3 6 4 10 -5 15 -4 -1 -6 -2 12 13 -11 -10 -3 17 18 19 20 27 22 23 24 -12 26 -17 -15 -29 -20
right_child=1 2 7 5 9 -7 -8 -9 14 11 21 -13 -14 16 -16 25 -18 -19 29 -21 -22 -23 -24 -25 -26 -27 -28 28 -30 -31
leaf_value=-0.068665616456933976 -0.066177897298062976 -0.0047445196924021929 0.069881753341142216 0.0091659234501221872 0.39021939950205908 0.062752174800973226 0.070327402052396334 0.033367648406145034 -0.063062871026191736 -0.048354546964900512 0.46561602521337603 0.066342119397178947 -0.063351276069453608 -0.047797038081529505 0.064349022058178759 0.020089013337317323 0.081155986925453436 -0.048887335204767679 0.0065971737363389174 0.7012961765546899 0.21525534950611955 -0.030310479858204356 -0.012397188228205432 0.41093196898602058 -0.026757432782493526 0.052744864772286834 -0.078989994505857197 0.19687113054416894 -0.0014504511610072114 -0.17266399529729215
leaf_weight=1331.0746191847138 178.69953813171014 171.06343169277534 1104.486882949248 643.35641046380624 0.75763301597908039 100.83858964126557 42.339220684021711 109.28517271950841 9.6597315431572515 40.729301272425801 0.39105997234582757 17.585086764767766 58.117993735708296 5.5029159262776437 12.598669058177618 48.602162875235081 14.122689184732733 36.848181925714016 141.80390881886706 0.36223663575947185 2.8825884871184817 44.456177193671465 5.047942204400897 1.2148283831775186 1.5783458701334891 65.028229676187038 8.5587506592273694 4.1246502823196334 4.4338538832962513 2.1211788244545451
leaf_count=349813 36057 2622 45939 6632 45 2888 1407 2062 2302 2293 25 248 778 522 620 338 155 3214 2787 18 37 2400 54 39 124 1290 50 284 341 24
internal_value=-0.00183031 0.0292524 0.0559754 -0.00247522 -0.0275596 0.0164269 0.0175696 0.0665941 -0.0673873 -0.0086764 -0.0544409 -0.00959601 -0.0138891 -0.00252386 0.00905463 0.00995253 0.00627271 0.000933678 0.0123199 0.0818836 0.0686415 -0.0146333 0.070028 0.200696 0.0710119 0.0305282 0.00525383 0.0385857 0.0941278 0.00395521
internal_weight=4207.67 2854.34 1549.36 1304.98 560.78 744.195 335.592 1213.77 1353.33 329.392 231.388 328.635 311.049 252.932 22.2584 293.253 212.202 198.08 161.231 17.3062 16.944 52.6884 8.23218 3.18423 1.96941 122.189 57.1609 14.0614 8.5585 143.925
internal_count=465408 112673 53708 58965 49445 9520 5707 48001 352735 10746 38699 10701 10453 9675 2922 4300 7382 7227 4013 1202 1184 2642 242 188 149 1678 388 1147 625 2811
is_linear=0
shrinkage=0.07


Tree=52
num_leaves=31
num_cat=0
split_feature=6 8 2 1 5 7 5 7 11 3 5 2 3 2 4 3 11 7 1 5 12 8 1 3 3 8 2 1 11 3
split_gain=1611.32 460.385 124.494 112.223 40.4676 34.2535 27.1922 26.1991 24.2462 20.5869 18.5302 22.8265 18.4851 18.319 24.9858 17.883 16.8673 15.8766 15.7064 14.1825 16.7209 13.6818 13.2443 12.5952 14.7711 12.3352 12.7384 11.7323 16.207 13.8592
threshold=49.890829086303718 0.32738095521926885 74.833332061767592 71.248622894287124 0.47222222387790685 64.722881317138686 0.31666667759418493 57.198879241943366 1.0000000180025095e-35 60.107526779174812 0.11805555596947671 56.440422058105476 28.097587585449222 85.86789703369142 1.0000000180025095e-35 66.312053680419936 1.0000000180025095e-35 71.480709075927749 68.703357696533217 0.76388889551162731 12.500000000000002 0.2788888961076737 91.010101318359389 88.341892242431655 72.04651260375978 0.030776515603065494 95.293468475341811 95.293468475341811 1.0000000180025095e-35 98.437118530273452
decision_type=2 2 2 2 2 2 2 2 2 2 2 2 2 2 2 2 2 2 2 2 2 2 2 2 2 2 2 2 2 2
left_child=7 3 6 4 13 19 10 21 -4 -6 11 12 -3 17 -15 -12 -7 -2 -9 25 -21 27 -10 24 -11 -5 -27 29 -29 -1
right_child=1 2 8 5 9 16 -8 18 22 23 15 -13 -14 14 -16 -17 -18 -19 -20 20 -22 -23 -24 -25 -26 26 -28 28 -30 -31
leaf_value=-0.069541872566809854 -0.056067827108944944 0.020747748317190874 0.068684957007889652 0.0053837445133582866 0.050471597562171337 0.05905115718087537 0.048482008244956062 -0.056390378539015171 0.013328855831023053 -0.00050583816622877249 -0.067603849228160595 0.06381484437714266 -0.029538434988746358 0.106196767158727 -0.036952477573320736 0.042247311947741215 0.015022383354780738 -0.0072966858879663513 0.062144269169807261 0.011276979481129872 0.064107470420413468 0.89185239877504785 0.064215027101104064 0.13256265226494973 -0.053558918881342066 -0.038373493165821219 0.016971376832765877 0.050031235182504193 -0.070436057168208735 0.90693155642047363
leaf_weight=1221.3697179357987 246.3315615139436 86.85786176007241 1056.3855037782341 377.47729033464566 30.974566725548357 102.09421288827434 87.655541111249477 10.024449412478136 63.530421781353652 84.002389465924352 29.982277712319046 33.746958723757416 60.95847007073462 8.9748743260279316 17.87249444052577 9.5823141541331989 73.20727254031226 37.713296235073358 12.076012924546374 128.57798025012016 38.040246261283755 0.072684769984333708 41.391120813786983 2.8331690430641165 37.059994874987751 70.445644491584972 28.671610152348876 9.6568942898884416 12.627976852701977 0.07122606784105201
leaf_count=346747 43382 806 46510 3133 334 3166 2245 2468 843 976 406 543 945 207 521 197 969 1099 454 1290 594 9 1213 20 737 2109 428 453 2603 1
internal_value=-0.00179898 0.0282445 0.0549933 -0.00237449 -0.0298055 0.0132347 0.0154888 -0.0671681 0.0654973 -0.000571296 0.00241016 0.0118694 1.00615e-05 -0.0443684 0.0109012 -0.0409985 0.0406644 -0.0495924 0.00837867 0.00575895 0.0233386 -0.0685105 0.0334032 -0.0133323 -0.0167466 -0.000386927 -0.0223639 -0.0685666 -0.0182329 -0.0694849
internal_weight=4020.27 2754.37 1470.09 1284.28 465.762 818.514 308.783 1265.9 1161.31 154.87 221.128 181.563 147.816 310.892 26.8474 39.5646 175.301 284.045 22.1005 643.213 166.618 1243.8 104.922 123.896 121.062 476.595 99.1173 1243.73 22.2849 1221.44
internal_count=465408 112673 53708 58965 47276 11689 5142 352735 48566 2067 2897 2294 1751 45209 728 603 4135 44481 2922 7554 1884 349813 2056 1733 1713 5670 2537 349804 3056 346748
is_linear=0
shrinkage=0.07


Tree=53
num_leaves=31
num_cat=0
split_feature=6 8 2 2 5 9 5 7 11 3 7 5 8 2 8 5 12 11 3 5 3 3 5 5 5 9 3 6 7 3
split_gain=1485.18 428.332 122.132 100.188 52.3337 46.2235 25.5734 25.4677 24.8433 23.6635 22.1161 17.6732 14.7822 14.1099 13.3428 12.5446 18.5208 14.2001 12.1583 12.1324 29.6642 25.7626 12.0471 11.975 11.7445 27.4912 10.7084 11.5331 10.6439 15.9932
threshold=49.890829086303718 0.32738095521926885 74.833332061767592 85.540069580078139 0.31666667759418493 1.0000000180025095e-35 0.47222222387790685 57.198879241943366 1.0000000180025095e-35 72.255687713623061 65.396709442138686 0.43650794029235845 0.32738095521926885 69.804355621337905 0.83666664361953746 0.34848485887050634 4.5000000000000009 1.0000000180025095e-35 79.337715148925795 0.5634920895099641 82.793453216552749 76.23956680297853 0.81666666269302379 0.94444444775581371 0.61250001192092907 1.0000000180025095e-35 19.560019493103031 80.170940399169936 72.438781738281264 64.326763153076186
decision_type=2 2 2 2 2 2 2 2 2 2 2 2 2 2 2 2 2 2 2 2 2 2 2 2 2 2 2 2 2 2
left_child=7 3 6 4 10 28 14 12 -4 11 -2 15 24 -9 -3 16 -6 -18 -8 20 -11 -21 -10 -23 -1 -26 27 -12 -5 -30
right_child=1 2 8 5 9 -7 18 13 22 19 26 -13 -14 -15 -16 -17 17 -19 -20 21 -22 23 -24 -25 25 -27 -28 -29 29 -31
leaf_value=-0.069935910761933548 -0.065421343898738091 -0.0033844500005027283 0.068334074402183337 0.0052755373896628335 -0.072972425584622302 0.060877612315484171 0.061540076884002461 -0.070411238425906741 0.016828143691155109 -0.031826260262253755 0.26970791289816309 0.026913710903526501 0.97331045486581569 0.048096418272367367 0.036879415053557067 -0.060778224752158869 0.063865729991487971 -0.046063894789708404 -0.17526441167548179 0.030189759061829601 0.079226544318639486 -0.071209291769012487 0.070120085899382942 0.078252484665804492 -0.055976562338190428 0.094504976808961749 -0.022035376563601581 0.017062331211548456 -0.13634235696199187 0.048351932735691439
leaf_weight=1111.6214043665677 158.84280410734937 195.23761172825471 989.84817980974913 587.29076724639162 11.042145209154112 92.383229582570493 55.755270840600133 7.4625334881711778 72.828411606140435 49.11708995141089 1.2832308500073839 110.10668692132458 0.066747084259985878 14.466096548596395 50.827527452260256 22.994824518449605 20.927568010520194 7.9432786265388122 1.0830361582338799 17.51152765005827 15.507150542922316 64.538962366059422 29.086435126140714 2.7381451688706866 43.412761107785627 6.8932717954739919 47.184806151781231 2.8554942328482866 2.416556565091013 46.565704219043255
leaf_count=340761 36057 2627 46510 5593 962 2888 1770 1896 1141 1919 49 1620 1 1026 712 2283 1356 1073 33 303 154 1033 915 43 8967 84 2570 23 24 1015
internal_value=-0.00176416 0.0273019 0.0540348 -0.00225888 -0.0253353 0.0146083 0.0147079 -0.0669686 0.0649458 -0.00761968 -0.0525138 0.0100031 -0.0683789 0.00776707 0.00493251 -0.0195953 0.00413108 0.0336206 0.0570278 -0.0280262 -0.00517817 -0.0454405 0.0320376 -0.0651263 -0.0684388 -0.0353566 -0.0125657 0.0953963 0.00789022 0.03924
internal_weight=3839.84 2655.92 1394.67 1261.25 532.594 728.656 302.903 1183.92 1091.76 322.427 210.166 173.015 1161.99 21.9286 246.065 62.9078 39.913 28.8708 56.8383 149.413 64.6242 84.7886 101.915 67.2771 1161.93 50.306 51.3235 4.13873 636.273 48.9823
internal_count=465408 112673 53708 58965 49445 9520 5142 352735 48566 10746 38699 7294 349813 2922 3339 5674 3391 2429 1803 3452 2073 1379 2056 1076 349812 9051 2642 72 6632 1039
is_linear=0
shrinkage=0.07


Tree=54
num_leaves=31
num_cat=0
split_feature=6 8 5 5 3 3 5 5 8 4 9 11 8 6 7 5 3 4 11 11 7 12 3 7 5 3 6 8 7 12
split_gain=1368.25 397.933 114.794 85.2939 40.6937 39.54 30.9952 25.1109 30.4991 24.5827 22.3594 20.276 19.8509 19 16.9341 16.2584 25.6682 24.4316 14.4047 13.9012 13.5189 13.5058 13.3102 11.5479 11.1784 10.673 10.5878 10.3292 22.4916 11.3473
threshold=49.890829086303718 0.32738095521926885 0.43650794029235845 0.31666667759418493 69.860393524169936 68.703357696533217 0.81666666269302379 0.61250001192092907 0.040833333507180221 1.0000000180025095e-35 1.0000000180025095e-35 1.0000000180025095e-35 0.85092595219612133 58.079877853393562 64.722881317138686 0.080128207802772536 47.856706619262702 1.0000000180025095e-35 1.0000000180025095e-35 1.0000000180025095e-35 61.920122146606452 6.5000000000000009 94.570026397705092 58.189270019531257 0.080128207802772536 52.223320007324226 80.170940399169936 0.028991596773266796 69.860393524169936 12.500000000000002
decision_type=2 2 2 2 2 2 2 2 2 2 2 2 2 2 2 2 2 2 2 2 2 2 2 2 2 2 2 2 2 2
left_child=7 3 4 5 12 14 9 -1 20 21 22 -4 15 -8 -2 16 -3 -17 26 -10 -9 -5 27 -12 25 -16 -19 -11 29 -29
right_child=1 2 11 6 -6 -7 13 8 19 10 23 -13 -14 -15 24 17 -18 18 -20 -21 -22 -23 -24 -25 -26 -27 -28 28 -30 -31
leaf_value=-0.069192246319914025 -0.063890339238345972 -0.0032938399140238109 0.069490310894301133 -0.052527586027007099 0.057773594464410681 0.043364676720846908 0.015950258052979886 -0.066758226752826957 0.08741220761091166 0.0035327817607607175 -0.0083625512079035791 0.034939529735083623 0.042802211533351009 0.062314329453792901 -0.0048584035124893564 -0.073182406524287591 0.073851953354711328 -0.042513771733807215 -0.070460781627382202 -0.031909108012128845 0.29616075022723476 0.010948606491213186 0.051234318945359021 0.05388466105556796 -0.052706523847781656 0.11912902955110483 0.062320338492771181 -0.041766161604872738 0.019385817544871443 0.05366259375693052
leaf_weight=1051.7157566410024 146.53210645518266 125.49418053450063 851.05812247283757 61.164438459090889 104.89133859425783 24.009348244871944 128.13596324063838 33.98059889790602 13.649714517407121 476.24920472549275 19.099240783601999 92.247553996741772 58.512723797932267 65.422588536515832 23.940323509275917 34.235520602203906 25.412771677132696 6.2520814426243332 8.108034592587499 7.3660408940631887 0.51049739494919677 22.454320881282911 24.214503604918718 62.040353198070079 23.578147212043405 3.9654520223848513 19.27126320451498 99.097988109569997 54.790992946363986 6.5065045533701769
leaf_count=343594 35226 1572 43032 2969 4277 1143 1339 8078 227 5447 314 1975 1236 2198 1272 477 571 49 95 833 3 322 223 1533 1576 64 424 4462 788 89
internal_value=-0.00172981 0.0263276 0.0529993 -0.00215524 0.0206352 -0.0414703 0.00640947 -0.0667705 -0.0208837 0.000498788 0.00455363 0.0661115 0.00658652 0.0316213 -0.0517565 -0.00309963 0.00969753 -0.0315551 0.0108201 0.04559 -0.0613867 -0.0354822 0.000295796 0.0392324 -0.0172216 0.0127604 0.0366407 -0.00164163 -0.0170056 -0.0358866
internal_weight=3673.91 2566.69 1325.48 1241.2 382.178 222.025 1019.18 1107.22 55.5069 825.618 741.999 943.306 277.287 193.559 198.016 218.774 150.907 67.8669 33.6314 21.0158 34.4911 83.6188 660.859 81.1396 51.4839 27.9058 25.5233 636.645 160.395 105.604
internal_count=465408 112673 53708 58965 8701 39281 19684 352735 9141 16147 12856 45007 4424 3537 38138 3188 2143 1045 568 1060 8081 3291 11009 1847 2912 1336 473 10786 5339 4551
is_linear=0
shrinkage=0.07


Tree=55
num_leaves=31
num_cat=0
split_feature=6 6 0 5 11 3 9 7 1 8 0 3 0 5 5 4 3 7 6 11 0 7 0 3 7 5 8 11 6 3
split_gain=1261.17 370.339 113.293 81.8383 45.5892 34.4353 26.6312 25.2435 22.0134 21.8292 23.0193 21.6754 20.2599 18.6489 21.379 34.1613 23.7139 17.7268 16.6672 15.2 14.8891 13.8101 13.5012 13.4942 12.653 11.7689 22.0174 12.9973 11.4469 11.0844
threshold=49.890829086303718 77.095886230468764 77.712417602539077 0.31666667759418493 1.0000000180025095e-35 76.028167724609389 1.0000000180025095e-35 57.198879241943366 91.704891204833999 0.028991596773266796 95.488464355468764 69.860393524169936 95.80399322509767 0.47222222387790685 0.087121214717626586 1.0000000180025095e-35 47.856706619262702 72.438781738281264 54.953443527221687 1.0000000180025095e-35 22.401432991027836 75.099998474121108 64.565757751464858 19.560019493103031 84.016807556152358 0.61250001192092907 0.089572194963693633 1.0000000180025095e-35 82.78556060791017 71.20965957641603
decision_type=2 2 2 2 2 2 2 2 2 2 2 2 2 2 2 2 2 2 2 2 2 2 2 2 2 2 2 2 2 2
left_child=7 3 11 5 -4 17 9 25 -6 -5 24 13 22 14 16 -16 20 -2 -12 -17 28 29 -8 -22 -11 -1 -27 -28 -3 -9
right_child=1 2 4 6 8 -7 12 21 -10 10 18 -13 -14 -15 15 19 -18 -19 -20 -21 23 -23 -24 -25 -26 26 27 -29 -30 -31
leaf_value=-0.069788696742698914 -0.057853201132354773 0.13858234867441865 0.068495685036100359 0.0067497573598953422 0.0031754526023057895 0.077858418729142634 0.14245602621988543 -0.052450347029544236 0.064440828519788121 -0.046715182149109288 -0.051187445262744199 0.058417557497445358 0.065243082533101363 0.072637991302913985 -0.07431414642508237 0.047625574342967825 0.069303686809988538 0.011668971450029354 0.023556632747328565 -0.062348782107693165 0.10482114728366855 0.55934588840245936 0.0027608249795140283 -0.016851154202466027 0.072954151345877821 -0.056200996535674307 0.12437798906154239 -0.070754031169631845 0.023969892596382741 0.050517867831035228
leaf_weight=968.24122510571033 172.59162987512536 4.6710149189457288 858.29115252941847 631.35346815781668 85.316741161048412 10.795896233059464 3.566938357660546 9.3914143408183062 43.334194188937545 103.04779950436205 18.760045133065432 49.166576543822885 58.192736770957708 20.361144365742803 38.599262590520084 26.170134922489524 33.072146485559642 20.060112655628473 66.218459548428655 8.0533281276002509 4.6766514871269456 0.22154093626886506 68.354158862261102 99.358884692192078 4.5192099446430793 38.052679252810776 5.9673290634527785 2.3240092101041228 49.728924583643675 11.270404767943544
leaf_count=340762 38478 45 46119 7971 1081 179 124 2467 1419 5481 298 1737 2245 595 578 497 831 726 1028 106 39 26 1463 1164 53 8620 85 346 416 429
internal_value=-0.00169208 0.0254158 0.0507472 -0.00349035 0.062671 -0.0437968 0.00510518 -0.0665712 0.0238118 0.000457442 -0.020175 0.0154982 0.0345353 0.00808599 0.0031136 -0.0291697 0.0153897 -0.0506141 0.00705596 0.0217468 0.00413555 0.00961013 0.00968903 -0.0113817 -0.0416875 -0.0681393 -0.0336792 0.0696837 0.033811 0.00371574
internal_weight=3513.73 2478.26 1320.8 1157.46 986.942 203.448 954.013 1035.47 128.651 823.899 192.546 333.858 130.114 284.691 264.33 72.8227 191.508 192.652 84.9785 34.2235 158.435 20.8834 71.9211 104.036 107.567 1014.59 46.344 8.29134 54.3999 20.6618
internal_count=465408 112673 54627 58046 48619 39383 18663 352735 2500 14831 6860 6008 3832 4271 3676 1181 2495 39204 1326 603 1664 2922 1587 1203 5534 349813 9051 431 461 2896
is_linear=0
shrinkage=0.07


Tree=56
num_leaves=31
num_cat=0
split_feature=7 8 2 5 2 9 5 7 1 12 12 1 0 5 1 8 8 7 0 2 2 5 5 12 5 9 1 2 5 2
split_gain=1129.79 379.056 126.134 104.601 39.5459 30.6915 29.5274 19.2662 18.2715 17.3038 17.2681 16.5562 16.0838 14.2632 22.5781 20.3976 14.2205 17.6681 16.434 20.6537 15.6789 15.6661 13.895 13.285 11.9697 11.8164 11.5509 11.7487 11.1391 18.3776
threshold=49.693204879760749 0.29520697891712194 81.01672744750978 0.31666667759418493 85.540069580078139 1.0000000180025095e-35 0.47222222387790685 63.300245285034187 93.127067565917983 4.5000000000000009 2.5000000000000004 69.860393524169936 58.380149841308601 0.080128207802772536 46.488136291503913 0.63961037993431102 1.0000000180025095e-35 55.585266113281257 90.521114349365249 85.540069580078139 96.178188323974624 0.78888890147209179 0.81666666269302379 12.500000000000002 0.11805555596947671 1.0000000180025095e-35 27.639257431030277 56.440422058105476 0.080128207802772536 64.241622924804702
decision_type=2 2 2 2 2 2 2 2 2 2 2 2 2 2 2 2 2 2 2 2 2 2 2 2 2 2 2 2 2 2
left_child=-1 3 6 4 7 8 11 -2 10 -7 -5 13 -11 14 26 -15 18 -18 -12 22 21 -19 -20 -10 -6 -4 -3 -28 29 -9
right_child=1 2 25 5 24 9 -8 28 23 12 16 -13 -14 15 -16 -17 17 20 19 -21 -22 -23 -24 -25 -26 -27 27 -29 -30 -31
leaf_value=-0.068420208160067331 -0.067664666011513677 0.017599786764173991 0.049066864241005946 -0.059360872304341714 0.11801310975169613 -0.030714606959237369 0.050199422886534423 -0.014269174573225787 0.011303190301613187 0.34053058021595467 0.019762978680001014 0.060165100450388448 0.046340950347759674 -0.051708225499017782 0.07497508053160494 0.026308280458419528 -0.069072263705319367 -0.02075604676372516 -0.094538253973160513 -0.0016056481444746836 0.02608527560037794 -0.2125888164924376 0.098791764499977841 0.059750145751890867 0.0059867706649561992 0.069302454964052712 -0.032750563370379154 0.045502884822163164 -0.051721813168389079 0.13732008287333694
leaf_weight=907.18301398609765 161.56564142135903 90.856547775678337 178.45350555516779 27.108455135719851 7.3307865129318115 15.341940126381813 95.773161098361015 21.09888198366389 152.59652518201619 0.91878112545236845 190.4325936245732 24.547603601589799 102.31391185196117 49.649814075557515 23.220806631725281 24.536147587001324 29.507971384096891 94.628123680828139 18.087777707260106 277.19133145734668 42.348112242063507 2.1330104768276206 2.0256159529089919 33.895310546271503 12.892830857075749 681.00182885397226 58.794197354465723 11.190463187871499 24.833098998526111 4.8126261653378597
leaf_count=331026 49775 944 6767 2941 123 664 3762 1466 1930 8 5512 761 2905 807 458 517 3943 3646 194 1935 598 25 11 619 703 39789 1146 161 2221 51
internal_value=-0.00165318 0.0229779 0.0502719 -0.00469526 -0.0469376 0.00524148 0.0166061 -0.055847 0.000687836 0.0386506 -0.00461136 0.00522923 0.0489593 7.33038e-06 0.0104513 -0.0259052 -0.00235012 -0.0198739 0.00370808 -0.00657556 -0.00943789 -0.0249848 -0.075068 0.0201085 0.0465948 0.0651008 0.00113597 -0.0202379 -0.0182208 0.013886
internal_weight=3366.27 2459.09 1238.02 1221.06 232.534 988.529 378.569 212.31 869.955 118.575 683.463 282.796 103.233 258.248 184.062 74.186 656.355 168.617 487.737 297.305 139.109 96.7611 20.1134 186.492 20.2236 859.455 160.841 69.9847 50.7446 25.9115
internal_count=465408 134382 55112 79270 54339 24931 8556 53513 21354 3577 18805 4794 2913 4033 2709 1324 15864 8212 7652 2140 4269 3671 205 2549 826 46556 2251 1307 3738 1517
is_linear=0
shrinkage=0.07


Tree=57
num_leaves=31
num_cat=0
split_feature=7 8 2 1 9 5 5 11 3 0 7 11 3 2 0 7 0 1 2 0 2 5 7 7 8 3 3 3 8 12
split_gain=1041.59 350.628 115.963 98.0152 39.4988 36.4022 28.9192 24.1937 17.0841 17.9454 16.1836 14.1995 15.9208 14.1328 29.5105 11.8036 11.7764 11.4977 12.6245 23.7798 14.3521 13.5846 11.6405 12.93 11.3321 11.1578 13.0927 10.8453 10.658 10.1212
threshold=49.693204879760749 0.32738095521926885 80.243904113769545 71.248622894287124 1.0000000180025095e-35 0.47222222387790685 0.47222222387790685 1.0000000180025095e-35 60.107526779174812 79.095325469970717 69.860393524169936 1.0000000180025095e-35 69.860393524169936 85.86789703369142 75.716625213623061 85.794998168945327 71.346469879150405 94.804317474365249 96.34091949462892 88.493064880371108 84.680576324462905 0.94444444775581371 50.110132217407234 78.135349273681655 0.76696833968162548 88.341892242431655 72.04651260375978 91.704891204833999 0.44722221791744238 9.5000000000000018
decision_type=2 2 2 2 2 2 2 2 2 2 2 2 2 2 2 2 2 2 2 2 2 2 2 2 2 2 2 2 2 2
left_child=-1 3 6 5 17 10 11 -4 9 29 13 12 15 -2 -15 24 -12 18 19 22 21 -21 -5 -24 -3 26 -10 -9 -17 -7
right_child=1 2 7 4 -6 8 -8 27 25 -11 16 -13 -14 14 -16 28 -18 -19 -20 20 -22 -23 23 -25 -26 -27 -28 -29 -30 -31
leaf_value=-0.068214735828577358 -0.055589225093735276 -0.020439758081798327 0.069158172803540779 0.027516776347883798 0.052218708979945107 0.13947716875695415 0.052779450897189127 0.010732779078505351 -0.001619328592171699 0.00025400185969589787 0.011887269587941573 -0.071688218892266911 0.062581285674806308 0.15015003223931012 -0.044392852616376099 0.075163913754553474 -0.071465604880224048 0.021679301732374642 0.013310293594416675 -0.068768925081360677 -0.014260414565746912 0.12738165176450708 -0.033971407504858109 0.060733129795617381 0.058169530622357267 0.12780632375216511 -0.052359489573562769 0.064537374083099661 0.010535073214971531 -0.018639551157722214
leaf_weight=848.31142886867747 232.56416672375053 101.29674269119278 709.05165231786668 91.295854756608605 100.95876529440284 10.212882981402801 81.925575776025653 54.135462734848261 84.286846517119557 18.178621935192496 37.632324431790039 11.272138508036731 24.217838425189257 5.1487492851447341 14.812527057249097 14.216276301071046 10.657731752609832 161.36177288927138 216.16084474558011 41.838801220990717 129.90216981666163 1.8047007471323002 36.822344018844888 8.7408863864839059 9.8605326972901803 2.6797840225044629 35.377352396491915 27.775251450017095 103.75316850282252 2.4618667315226039
leaf_count=331026 61105 1679 44020 1684 3273 167 3504 912 1343 297 1417 143 909 173 895 112 206 2350 1995 820 1336 12 2489 78 118 20 1031 1053 1218 23
internal_value=-0.00161402 0.0221207 0.0502033 -0.00358062 0.011332 -0.0294926 0.0164372 0.0649971 -0.00171766 0.0448312 -0.0436376 0.00518563 0.008606 -0.0507376 0.00578693 0.00290101 -0.00650891 0.00533154 0.000321905 -0.008723 -0.0259285 -0.0606579 0.0130947 -0.0158032 -0.0134665 -0.0134566 -0.0166201 0.0289775 0.0183234 0.108766
internal_weight=3228.72 2380.4 1137.5 1242.9 788.886 454.013 346.542 790.962 153.197 30.8534 300.815 264.617 253.345 252.525 19.9613 229.127 48.2901 687.927 526.566 310.405 173.546 43.6435 136.859 45.5632 111.157 122.344 119.664 81.9107 117.969 12.6747
internal_count=465408 134382 53668 80714 14037 66677 7683 45985 2881 487 63796 4179 4036 62173 1068 3127 1623 10764 8414 6419 2168 832 4251 2567 1797 2394 2374 1965 1330 190
is_linear=0
shrinkage=0.07


Tree=58
num_leaves=31
num_cat=0
split_feature=6 6 0 1 11 12 12 1 8 1 8 3 11 0 12 11 11 12 0 1 1 12 6 12 3 3 12 0 1 1
split_gain=988.731 297.053 109.07 60.8916 24.0609 22.2517 21.4338 19.7473 19.6226 15.1252 14.9346 14.0392 15.1106 14.1209 13.4568 22.1718 11.9427 11.8885 11.2255 10.3091 9.57698 10.319 13.4222 9.44295 9.74309 9.20959 8.66311 8.09142 8.73668 7.83595
threshold=49.890829086303718 77.095886230468764 89.512962341308608 65.80612945556642 1.0000000180025095e-35 6.5000000000000009 13.500000000000002 89.512962341308608 0.089572194963693633 91.704891204833999 0.73030304908752453 48.331480026245124 1.0000000180025095e-35 88.273490905761733 2.5000000000000004 1.0000000180025095e-35 1.0000000180025095e-35 3.5000000000000004 77.712417602539077 94.39203262329103 28.730158805847172 8.5000000000000018 98.270881652832045 12.500000000000002 98.437118530273452 79.823009490966811 13.500000000000002 47.413022994995124 35.368577957153327 69.860393524169936
decision_type=2 2 2 2 2 2 2 2 2 2 2 2 2 2 2 2 2 2 2 2 2 2 2 2 2 2 2 2 2 2
left_child=7 3 5 14 -4 10 19 26 -9 -6 29 20 -13 18 25 17 -10 -16 -14 -5 -7 22 -22 24 -21 -2 -1 28 -12 -3
right_child=1 2 4 6 9 11 -8 8 16 -11 27 12 13 -15 15 -17 -18 -19 -20 23 21 -23 -24 -25 -26 -27 -28 -29 -30 -31
leaf_value=-0.068154481296088698 -0.056206372308371125 -0.0067662423721907474 0.069967840725052091 0.00031018072409407698 0.002865609679610151 0.037432626779003372 0.065071500269821864 -0.04474405731037083 0.12686096455846718 0.062852507561491966 0.036823376836801432 0.058124265980730005 -0.096015994389931331 -0.13615180798231494 0.11655787661957054 -0.065795614484480527 -0.0613627699751082 -0.011312281496024508 0.047995328561340207 0.03158231919154484 -0.029518832171092982 0.018619333602750386 -0.21069968900489222 0.057722215683938864 -0.0056253840502923222 0.099070196681982581 0.26080659933728695 0.070242930979525858 -0.048449469359431341 0.029469422814861198
leaf_weight=817.21285485685803 89.543335613561794 174.10758940130472 610.87817589938641 622.06041586911306 45.789928125217557 17.073874548077583 29.642820135690272 24.614814485423267 6.3723890511319023 37.433578595519066 25.423911169171333 127.16494145430624 3.3066866863519015 3.4452365636825553 3.6483949953690162 41.697679270757362 2.2297460932750255 151.75246524950489 13.400297552347181 67.453247488476336 6.2561627421528119 8.7535831816494447 2.9474385529756546 27.148786773905158 70.555544412694871 1.9116071944590647 0.39245471358299155 24.34965336881578 7.6615328155457965 35.145453128032386
leaf_count=346852 21170 2612 40479 9998 782 158 1533 5613 73 1419 244 6610 35 34 160 8770 195 13888 110 947 49 121 24 563 983 34 2 960 112 878
internal_value=-0.00157354 0.0227467 0.0477661 -0.00312652 0.0651574 0.0208834 0.00663806 -0.0658471 -0.0129387 0.0298475 0.00799829 0.0397281 0.0491996 -0.00711675 -0.0307689 -0.0204717 0.0780718 -0.00831023 0.0194923 0.00443774 -0.00010257 -0.0357914 -0.0875417 0.019984 0.0125603 -0.0529608 -0.0679966 0.0396167 0.0170769 -0.000680219
internal_weight=3099.37 2248.55 1143.14 1105.41 694.102 449.036 816.861 850.822 33.2169 83.2235 266.688 182.348 147.317 20.1522 288.553 197.099 8.60214 155.401 16.707 787.218 35.0311 17.9572 9.2036 165.158 138.009 91.4549 817.605 57.4351 33.0854 209.253
internal_count=465408 112673 54627 58046 42680 11947 14024 352735 5881 2201 4806 7141 6789 179 44022 22818 268 14048 145 12491 352 194 73 2493 1930 21204 346854 1316 356 3490
is_linear=0
shrinkage=0.07


Tree=59
num_leaves=31
num_cat=0
split_feature=6 8 0 1 7 9 9 1 7 7 3 3 1 12 9 0 8 7 12 7 7 8 0 0 3 9 3 7 1 4
split_gain=910.051 276.678 110.797 56.1209 25.6547 24.834 18.5887 16.6715 14.9053 13.5793 13.4643 12.5322 12.4171 10.7546 17.5035 17.1455 15.5951 12.8502 11.3761 16.9143 24.6162 10.7478 10.5174 9.38293 10.6217 9.26082 8.93471 10.3501 8.85794 8.56262
threshold=49.890829086303718 0.32738095521926885 76.50690078735353 71.248622894287124 57.198879241943366 1.0000000180025095e-35 1.0000000180025095e-35 91.010101318359389 89.939987182617202 60.204614639282234 88.341892242431655 47.673160552978523 95.293468475341811 4.5000000000000009 1.0000000180025095e-35 69.631092071533217 1.0000000180025095e-35 61.920122146606452 5.5000000000000009 79.180648803710952 68.989799499511733 0.089572194963693633 75.716625213623061 71.346469879150405 61.462299346923835 1.0000000180025095e-35 28.097587585449222 93.484695434570327 29.459980010986332 1.0000000180025095e-35
decision_type=2 2 2 2 2 2 2 2 2 2 2 2 2 2 2 2 2 2 2 2 2 2 2 2 2 2 2 2 2 2
left_child=4 3 8 10 12 -5 7 29 -3 -7 13 26 -1 17 16 18 -15 -2 19 20 -16 -14 -6 24 28 -24 -10 -28 -19 -4
right_child=1 2 6 5 22 9 -8 -9 11 -11 -12 -13 21 14 15 -17 -18 23 -20 -21 -22 -23 25 -25 -26 -27 27 -29 -30 -31
leaf_value=-0.068873300509136856 -0.062293621109467311 -0.0018837336579201475 -0.046712208124651385 0.0045848646181610615 -0.059063985362866278 0.0012342226395462789 0.068338118046246371 0.0665819100248662 0.03520548188055575 0.060407467958140081 0.10423895070174032 0.05676695100051736 -0.039411630215307344 -0.010545480715160937 0.13092619190628338 -0.010021824091895169 -0.047871659138711227 0.027769312964928863 0.065550233943742875 0.058649437987188108 0.94596415671221723 0.090683770869171343 0.021180368966448329 -0.091105569443748938 0.072556630159748614 0.16915055362344242 0.044622268847402731 -0.039361160776484452 -0.049038840745359275 0.028265125406699378
leaf_weight=760.22991640004329 67.327041497221217 169.45408621989191 8.2134887017309648 668.67313698469661 6.2774355295114246 26.735435184556991 579.95207830611616 72.194602444767952 36.877902038395405 65.705007525160909 4.009905293583869 50.796532633714378 13.337836417369546 150.08756817737594 0.38762583583593258 22.694219866301864 86.433318228460848 12.027521627256649 12.524819635553284 0.89579978864639997 0.34158828295767307 4.0584999641869208 10.016595791326834 6.6171757003758094 7.7201740832533678 2.6132046913262448 10.233655313029884 24.179399218410254 18.9472436606884 81.736832092516124
leaf_count=346757 20480 3202 174 8493 2302 471 41003 4076 337 2725 40 2001 2924 11671 55 386 11093 655 631 6 5 132 582 127 161 38 80 204 1966 2631
internal_value=-0.00152497 0.0218272 0.0481154 -0.00177786 -0.0655764 0.00928619 0.0624801 0.0415276 0.0115509 0.0432935 -0.0233694 0.0301979 -0.0675352 -0.024695 -0.0171948 0.0276839 -0.0241858 -0.0428973 0.0881582 0.262409 0.512717 -0.00906086 0.0149895 -0.0140772 -0.000904641 0.0517966 0.0112668 -0.0143864 -0.0192142 0.0214188
internal_weight=2981.3 2184.77 1033.64 1151.13 796.533 761.114 742.097 162.145 291.542 92.4404 390.014 122.087 777.626 386.004 273.365 36.8441 236.521 112.639 14.1498 1.62501 0.729214 17.3963 18.9072 45.3121 38.6949 12.6298 71.291 34.4131 30.9748 89.9503
internal_count=465408 112673 53708 58965 352735 11689 47884 6881 5824 3196 47276 2622 349813 47236 23847 1083 22764 23389 697 66 60 3056 2922 2909 2782 620 621 284 2621 2805
is_linear=0
shrinkage=0.07


Tree=60
num_leaves=31
num_cat=0
split_feature=6 6 2 2 11 7 12 4 11 7 2 0 1 1 3 6 0 1 11 1 3 1 11 3 2 3 1 1 7 0
split_gain=837.207 254.875 115.962 52.3973 30.9836 24.6584 20.1343 18.6356 14.4945 13.1017 13.6662 21.5468 12.8227 13.5285 13.1979 12.7174 15.6973 19.1333 14.839 12.9352 13.4137 12.6681 15.8933 12.441 12.3809 21.5262 11.9698 11.194 11.1214 10.4737
threshold=49.890829086303718 77.095886230468764 79.431911468505874 68.801231384277358 1.0000000180025095e-35 57.198879241943366 13.500000000000002 1.0000000180025095e-35 1.0000000180025095e-35 80.076335906982436 85.540069580078139 76.253131866455092 83.424911499023452 22.401432991027836 71.20965957641603 66.866264343261733 89.022754669189467 95.293468475341811 1.0000000180025095e-35 75.582656860351577 72.481884002685561 89.512962341308608 1.0000000180025095e-35 19.560019493103031 36.51515197753907 32.690166473388679 91.704891204833999 80.901721954345717 68.013607025146499 70.064933776855483
decision_type=2 2 2 2 2 2 2 2 2 2 2 2 2 2 2 2 2 2 2 2 2 2 2 2 2 2 2 2 2 2
left_child=5 3 7 28 -4 21 9 12 -9 10 15 -12 13 -3 23 16 18 -18 19 20 -5 -1 -23 -15 -25 -26 -6 -17 29 -2
right_child=1 2 4 6 26 -7 -8 8 -10 -11 11 -13 -14 14 -16 27 17 -19 -20 -21 -22 22 -24 24 25 -27 -28 -29 -30 -31
leaf_value=-0.069145913041599019 -0.060038683216745728 0.029364599399727964 0.067706093565136571 0.014681633564628328 0.0090323395515445638 0.014019049012437584 0.062828863087634274 0.05501516779927438 -0.010046929484168205 0.053307445627684809 0.10576945211585742 0.0042948144651315063 0.06479705976245867 0.10018640196175888 0.063523813045889915 -0.066526486783476807 -0.063881489203412647 0.053765598556231239 -0.050861381551857605 0.039809182574957511 -0.042287815684296855 0.038089713578061686 -0.070270424048917243 -0.061167974417704128 0.039049419393504835 -0.025722555018950828 0.060940750127550951 0.019964965978060634 0.0021494967600131816 -0.01765051005336013
leaf_weight=700.42380620166659 96.340285773621872 52.452405527234077 605.04420748353004 62.226094912039116 68.001742977648973 18.722292181337252 27.265555582940578 68.626489043235779 22.207469744607806 23.525766165927052 10.430569255957378 603.35521390661597 15.006696013733743 4.4164943154901257 10.944786259904502 33.937109966063872 37.34428032534197 8.2745343632996065 21.188432032940909 51.95940626366064 30.022488192189485 12.374138229293749 14.293610210996121 28.143158122897148 33.045925558079034 105.10720584075898 32.015837647020817 9.3529687067493779 26.398932850919664 40.600353391375393
leaf_count=343971 30797 459 45061 6876 996 2922 1560 2826 245 585 263 6487 770 38 419 561 554 92 4656 570 996 895 4947 260 370 1803 1380 170 1585 2294
internal_value=-0.00148371 0.0208906 0.0455483 -0.00291922 0.0617399 -0.0653006 0.00357475 0.0119667 0.0391085 0.00176276 0.000365872 0.00601926 0.00207011 -0.00195075 -0.0109929 -0.013279 -0.00618884 -0.0425422 0.00383795 0.0118749 -0.00385919 -0.067343 -0.0199901 -0.0157703 -0.0188499 -0.0102292 0.0256483 -0.0478397 -0.0394517 -0.0474714
internal_weight=2873.05 2127.23 1045.01 1082.22 705.062 745.814 918.882 339.951 90.834 891.617 868.091 613.786 249.117 234.11 181.658 254.305 211.015 45.6188 165.396 144.208 92.2486 727.092 26.6677 170.713 166.296 138.153 100.018 43.2901 163.34 136.941
internal_count=465408 112673 54627 58046 47437 352735 23370 7190 3071 21810 21225 6750 4119 3349 2890 14475 13744 646 13098 8442 7872 349813 5842 2471 2433 2173 2376 731 34676 33091
is_linear=0
shrinkage=0.07


Tree=61
num_leaves=31
num_cat=0
split_feature=6 8 2 5 2 5 8 5 0 1 4 0 8 6 0 9 12 3 5 1 4 0 2 5 5 6 2 0 6 2
split_gain=770.205 237.744 108.067 46.7748 29.1273 27.5467 23.1915 22.4012 18.7667 18.3265 21.0754 19.0313 17.1306 16.4099 14.1268 11.743 10.8421 10.6475 10.8318 20.9949 15.9832 16.9787 14.9733 13.106 13.396 10.268 11.6947 22.0627 21.2798 12.1138
threshold=49.890829086303718 0.32738095521926885 80.243904113769545 0.31666667759418493 85.540069580078139 0.61250001192092907 0.040833333507180221 0.47222222387790685 90.521114349365249 94.804317474365249 1.0000000180025095e-35 60.097087860107429 0.24568965286016467 68.996032714843764 48.52813911437989 1.0000000180025095e-35 12.500000000000002 75.809822082519545 0.080128207802772536 46.488136291503913 1.0000000180025095e-35 74.601570129394545 77.459678649902358 0.31666667759418493 0.16025641560554507 80.170940399169936 96.34091949462892 90.521114349365249 50.099601745605476 84.273937225341811
decision_type=2 2 2 2 2 2 2 2 2 2 2 2 2 2 2 2 2 2 2 2 2 2 2 2 2 2 2 2 2 2
left_child=5 3 7 4 12 -1 -7 17 -8 10 -5 14 -2 16 -12 -4 -11 18 19 -3 22 23 -20 24 -22 26 27 28 -13 -29
right_child=1 2 15 9 -6 6 8 -9 -10 13 11 25 -14 -15 -16 -17 -18 -19 20 -21 21 -23 -24 -25 -26 -27 -28 29 -30 -31
leaf_value=-0.068538702805095011 -0.058910885308125542 0.00062277745176141401 0.044835269227856037 -0.035861768710016874 0.044019507686642645 -0.057480108139439989 0.57376905959310376 0.048537850553006343 0.037039096795280585 0.0056825007719433808 0.6090329766987117 0.019164993207620037 -0.0027187605723402787 0.06974406291243454 0.1155888628418956 0.068083973638665779 0.055901777747262717 0.069913025259872544 -0.043121737896287045 0.074947785762579461 0.052276558802524256 -0.14150620458041729 -0.23468259356049148 0.066963109517623604 -0.097384525931944466 0.04195615379593462 0.012392398076214931 -0.073763679806580718 -0.021876853934286688 -0.019708807091190807
leaf_weight=655.93125551380217 115.95180115592666 150.54687675856985 136.38956995401531 73.907401507487521 19.933884093770757 23.411127226194367 0.32464128592983144 68.515167406760156 19.071771027287468 118.94134267419577 0.30641494458541174 178.54805887932889 34.491476053139195 32.329780559055507 3.9374590748921037 485.0942050665617 25.599207391031086 11.278312599286435 35.536958336131647 21.251313820015639 5.4596133669838327 3.1548178214579812 2.1185935614630571 17.937797262798995 6.326423061080277 30.944716005586088 258.26200804533437 24.716465398436412 94.754335671197623 114.06261621043086
leaf_count=343594 35937 1901 6569 3261 582 8081 30 3505 1030 1334 10 3719 2762 1714 300 39422 623 547 590 477 88 77 27 408 97 833 2343 280 4301 966
internal_value=-0.00144094 0.0200066 0.0459271 -0.00170194 -0.0354925 -0.0649881 -0.0105823 0.0130229 0.0460224 0.00431823 -0.000297868 0.0034276 -0.046028 0.0246606 0.151216 0.0629819 0.0145767 0.00342826 0.000334013 0.00981673 -0.0227628 0.0128977 -0.0538994 0.0292858 -0.0280574 0.00253325 0.000713389 -0.00660614 0.00493573 -0.0293359
internal_weight=2769.04 2070.3 943.61 1126.69 170.377 698.739 42.8075 322.126 19.3964 956.31 779.439 705.532 150.443 176.87 4.24387 621.484 144.541 253.611 242.332 171.798 70.5342 32.8787 37.6556 29.7238 11.786 701.288 670.343 412.081 273.302 138.779
internal_count=465408 112673 53708 58965 39281 352735 9141 7717 1060 19684 16013 12752 38699 3671 310 45991 1957 4212 3665 2378 1287 670 617 593 185 12442 11609 9266 8020 1246
is_linear=0
shrinkage=0.07


Tree=62
num_leaves=31
num_cat=0
split_feature=6 8 2 1 5 11 5 8 5 7 3 0 3 11 3 3 7 7 0 2 0 5 5 2 8 5 0 1 2 2
split_gain=708.442 219.136 105.018 42.2499 27.2519 26.7385 22.7921 20.5762 20.536 19.9511 15.1012 15.5988 12.3275 11.6292 12.3272 10.7327 10.2044 10.1855 11.2965 10.2061 20.0459 9.93546 9.27388 16.0317 10.2595 9.19274 17.1783 16.0358 14.8447 33.7152
threshold=49.890829086303718 0.32738095521926885 80.243904113769545 71.248622894287124 0.61250001192092907 1.0000000180025095e-35 0.47222222387790685 0.040833333507180221 0.47222222387790685 68.989799499511733 60.107526779174812 79.277816772460952 77.003208160400405 1.0000000180025095e-35 69.860393524169936 77.459678649902358 61.920122146606452 69.860393524169936 71.346469879150405 85.86789703369142 75.716625213623061 0.81666666269302379 0.78888890147209179 97.801933288574233 0.65833333134651195 0.31666667759418493 70.659969329833999 68.020618438720717 69.804355621337905 75.716625213623061
decision_type=2 2 2 2 2 2 2 2 2 2 2 2 2 2 2 2 2 2 2 2 2 2 2 2 2 2 2 2 2 2
left_child=4 3 8 6 -1 -4 17 16 13 -5 11 -8 -9 14 -3 -10 -6 19 -19 25 -21 22 -7 -24 -25 -2 27 -27 -29 -30
right_child=1 2 5 9 7 21 10 12 15 -11 -12 -13 -14 -15 -16 -17 -18 18 -20 20 -22 -23 23 24 -26 26 -28 28 29 -31
leaf_value=-0.06840430972368286 -0.059685678688380484 0.0016845423174275428 0.067939097558685713 0.0034680669806239103 -0.064436479375618902 0.014227596515492359 0.10273733503765781 0.18373623774538086 0.057840024575232983 0.037049315102843705 -0.011164457257225601 0.0016110301926101391 0.020132065990286493 -0.068641363193979371 0.059568038977243686 -0.028335003929977232 0.23123250010876992 0.012612570154933039 -0.072772763105529395 0.12038479940303544 -0.040183001023997043 0.067643970584634963 -0.39257404978232546 0.072661219581538025 -0.25877808991483658 0.0093618573394244151 -0.058581588976001457 -0.070587646936817711 1.1478331300354125 0.17977716709283462
leaf_weight=612.74615086580161 110.28896008781157 221.27668124600314 513.8972653625533 646.20912957913242 21.569803483900618 50.365562915802002 12.85806358465925 2.594456190941858 57.514323088340461 100.12179498653859 117.73949250206351 17.849676152691245 17.337472663726658 10.562718311790375 19.627247776836157 8.0761799346655589 0.58754632622003455 35.578989988192916 9.6519589298404735 5.3611471257172552 13.166130055906249 17.657331405207515 0.7501290868967766 1.6457225456833842 0.63390378095209587 18.100929845357317 27.26498819864355 0.47650316776707657 0.22979291598312557 0.75710929627530277
leaf_count=343594 37199 3157 44025 8384 8078 981 134 181 3085 3305 1733 200 879 146 909 420 3 1363 196 128 527 891 17 56 21 2537 3104 73 31 51
internal_value=-0.00139871 0.0191334 0.0447895 -0.00160956 -0.0646617 0.0623742 -0.0209741 -0.0101757 0.0123469 0.00797306 0.000237539 0.043955 0.0414277 0.00324841 0.0064005 0.0472293 -0.0565962 -0.0352301 -0.00560805 -0.0428582 0.00627971 0.0221252 0.00707252 -0.111871 -0.0195033 -0.0486525 -0.022668 0.0273814 0.250265 0.405182
internal_weight=2672.5 2017.66 902.007 1115.65 654.835 584.95 369.324 42.0893 317.057 746.331 148.447 30.7077 19.9319 251.467 240.904 65.5905 22.1573 220.877 45.2309 175.646 18.5273 71.0526 53.3953 3.02976 2.27963 157.118 46.8293 19.5643 1.46341 0.986902
internal_count=465408 112673 53708 58965 352735 45991 47276 9141 7717 11689 2067 334 1060 4212 4066 3505 8081 45209 1559 43650 655 1966 1075 94 77 42995 5796 2692 155 82
is_linear=0
shrinkage=0.07


Tree=63
num_leaves=31
num_cat=0
split_feature=7 8 0 5 11 3 10 0 4 7 5 7 3 7 8 8 8 5 0 5 4 1 12 8 0 12 12 0 1 7
split_gain=651.244 213.115 97.9689 55.5105 35.6305 28.6875 22.2706 17.4411 17.0845 17.069 12.5885 12.279 12.2231 11.5321 11.7687 20.2519 10.7972 10.3652 11.9554 9.49008 25.37 23.695 12.3919 9.3849 18.5505 15.5091 8.98084 12.1499 8.96572 8.75413
threshold=49.693204879760749 0.32738095521926885 76.50690078735353 0.31666667759418493 1.0000000180025095e-35 68.703357696533217 1.0000000180025095e-35 95.80399322509767 1.0000000180025095e-35 63.300245285034187 0.81666666269302379 87.367481231689467 50.944742202758796 79.180648803710952 0.1012820526957512 0.18019481003284457 0.85092595219612133 0.080128207802772536 53.614982604980476 0.080128207802772536 1.0000000180025095e-35 39.489927291870124 11.500000000000002 0.11651583760976793 87.585617065429702 13.500000000000002 4.5000000000000009 69.631092071533217 90.521114349365249 52.062900543212898
decision_type=2 2 2 2 2 2 2 2 2 2 2 2 2 2 2 2 2 2 2 2 2 2 2 2 2 2 2 2 2 2
left_child=23 3 11 5 -4 9 8 26 28 -2 -6 16 -13 14 -10 -16 19 18 -11 21 -21 -3 -22 25 -25 -1 -8 -28 -5 -17
right_child=1 2 4 6 10 -7 7 -9 13 17 -12 12 -14 -15 15 29 -18 -19 -20 20 22 -23 -24 24 -26 -27 27 -29 -30 -31
leaf_value=-0.06947104206668292 -0.062823024029804553 -0.017165855951674129 0.066584676571757387 -0.049702860471249562 0.00024787588947071382 0.037202598433163515 -0.037525476469586316 0.066160734950647768 0.0051320800670677661 0.00091658694154857559 0.067597584449057987 0.0089384004784469808 0.053095936341483206 0.043782793338281625 -0.054257875547097392 -0.13782953742742687 0.072146691598772017 -0.049701519327906889 0.16192240883457762 -0.087490335024771923 0.038625837482151898 0.068019412330164675 -0.091397472371633731 -0.065982555885224448 0.051551309819742368 1.0219426531475635 0.1282730797970105 0.013467213972035317 0.019358417254552267 0.0087377701664085108
leaf_weight=541.95259401074145 112.96834843722172 64.558855216484517 509.37857033219188 46.897641639225185 59.70947783999145 22.032081287819892 14.807546868221833 46.729592991992831 637.82931307249237 24.395575157832358 17.609210815280676 87.563859166577458 47.312843292020261 32.741354400292039 47.547829618444666 2.0552667713491237 8.3457864392548782 21.11417651316151 2.4905324336141339 23.141723388573155 19.797456635162238 21.27222734503448 4.3876456758007398 21.266340022091757 9.5280949777225015 0.063805155456065132 4.9716710881330064 49.381733842426911 11.462438541464506 70.194662954425439
leaf_count=321778 49364 1090 45822 4006 1128 1581 665 2391 12588 1687 927 800 2159 767 2547 64 194 2215 39 400 417 639 92 9033 214 1 104 1064 169 1463
internal_value=-0.00136038 0.0173981 0.0436769 -0.00236515 0.0598638 -0.037711 0.00434041 0.0331241 0.000410109 -0.0479645 0.0155867 0.00931555 0.0244282 0.00310883 0.00135108 -0.0187798 -0.00508938 -0.0129952 0.015831 -0.00993022 -0.0350964 0.00394631 0.0150371 -0.0672069 -0.0296164 -0.0693426 0.0108024 0.0239684 -0.0361386 0.00456842
internal_weight=2583.51 2010.7 863.078 1147.62 586.697 183.001 964.619 115.891 848.729 160.969 77.3187 276.38 134.877 790.368 757.627 119.798 141.504 48.0003 26.8861 133.158 47.3268 85.8311 24.1851 572.811 30.7944 542.016 69.161 54.3534 58.3601 72.2499
internal_count=465408 134382 53668 80714 47877 54886 25828 4224 21604 53305 2055 5791 2959 17429 16662 4074 2832 3941 1726 2638 909 1729 509 331026 9247 321779 1833 1168 4175 1527
is_linear=0
shrinkage=0.07


Tree=64
num_leaves=31
num_cat=0
split_feature=7 8 2 5 11 2 7 9 5 0 4 11 1 0 7 8 8 2 8 0 5 5 9 7 5 2 1 2 7 0
split_gain=600.876 195.582 100.05 50.1697 27.4786 27.0586 22.4215 19.8824 18.8292 16.705 15.1587 11.0753 10.3418 10.3381 9.40635 10.0514 17.9681 9.57784 9.36803 16.882 9.20819 9.06825 8.87225 8.56859 8.49543 14.536 9.96294 13.742 8.47389 13.7414
threshold=49.693204879760749 0.32738095521926885 81.01672744750978 0.31666667759418493 1.0000000180025095e-35 85.540069580078139 63.300245285034187 1.0000000180025095e-35 0.47222222387790685 95.80399322509767 1.0000000180025095e-35 1.0000000180025095e-35 69.860393524169936 52.565790176391609 79.180648803710952 0.1012820526957512 0.18019481003284457 88.047618865966811 0.11651583760976793 87.585617065429702 0.11805555596947671 0.81666666269302379 1.0000000180025095e-35 61.298427581787116 0.080128207802772536 64.241622924804702 25.677655220031742 44.590642929077156 85.794998168945327 67.017543792724624
decision_type=2 2 2 2 2 2 2 2 2 2 2 2 2 2 2 2 2 2 2 2 2 2 2 2 2 2 2 2 2 2
left_child=18 3 8 5 -4 6 -2 10 11 -9 -5 12 28 -12 15 23 -17 -18 -1 -20 -7 -6 -10 -15 25 26 27 -8 29 -3
right_child=1 2 4 7 21 20 24 9 22 -11 13 -13 -14 14 -16 16 17 -19 19 -21 -22 -23 -24 -25 -26 -27 -28 -29 -30 -31
leaf_value=-0.069269703960622139 -0.064611688748815954 -0.0044556781783181001 0.067683494671759381 -0.034513340518464303 0.0059544106678807891 0.10396480820198932 0.027211937177368656 0.010088900652976227 0.0028706515509646022 0.065248227822259502 0.2412063317542095 -0.067830974689598852 0.063110515828731478 0.0033362397314986181 0.039914570255053072 -0.051514557702088203 -0.02486798945409056 0.026618410568449061 -0.065299011311747077 0.047716703383251562 0.004471086040137697 0.066893905538619888 0.061997738613085253 0.059112005778826256 -0.040085540431197143 0.12240463382778556 -0.044117281315981138 0.36781965000656236 0.015144367223408936 -0.092582824206152006
leaf_weight=505.92589397158008 105.99774726992473 98.900813023559749 448.64690322522074 56.900110955000855 52.337804114446044 7.1692697042599347 8.2762172529473936 68.849031960358843 17.21813880931586 44.158408705610782 0.89098626072518428 10.525402358733116 14.368302662856875 622.8786700341152 31.814019458834082 46.607039683498442 31.293847583932802 40.769260132219642 20.028941862983633 9.5715952810132858 12.514416545513084 15.511411777697502 44.7670160504058 13.795205021509899 22.147096649510786 5.2928644046187392 13.63204851769842 0.62418831209652204 114.18297692481428 9.5028107375837845
leaf_count=321779 50019 1736 43797 4175 1069 140 273 1833 455 2391 43 144 724 12175 766 2546 781 745 9033 214 708 891 3224 373 2294 61 1358 33 1496 132
internal_value=-0.00131949 0.0166384 0.0425465 -0.00223843 0.0614046 -0.0366283 -0.0463884 0.00406741 0.0110723 0.0316428 0.000379352 0.00243092 0.00555191 0.00289874 0.00262899 0.00105858 -0.0176451 0.00426012 -0.0670303 -0.0287544 0.0407091 0.0198862 0.0455735 0.00454477 -0.00773458 0.0180146 -0.00650654 0.0510989 0.00183642 -0.012181
internal_weight=2495.1 1959.57 825.962 1133.61 516.496 175.654 155.97 957.957 309.465 113.007 844.949 247.48 236.955 788.049 787.158 755.344 118.67 72.0631 535.526 29.6005 19.6837 67.8492 61.9852 636.674 49.9724 27.8253 22.5325 8.90041 222.587 108.404
internal_count=465408 134382 53668 80714 45757 54886 54038 25828 7911 4224 21604 4232 4088 17429 17386 16620 4072 1526 331026 9247 848 1960 3679 12548 4019 1725 1664 306 3364 1868
is_linear=0
shrinkage=0.07


Tree=65
num_leaves=31
num_cat=0
split_feature=7 7 2 5 11 2 9 0 1 3 5 5 7 2 4 5 2 5 3 7 2 5 4 1 9 1 0 11 0 1
split_gain=554.275 173.23 90.4326 52.2721 29.4278 27.8572 24.4783 18.5811 17.5452 13.5223 12.3518 50.4902 11.4394 17.6491 11.1828 14.6284 18.2398 12.5581 11.685 10.349 9.88114 20.6544 20.9271 17.1579 16.0962 11.0536 16.7147 10.2797 9.50148 8.95379
threshold=49.693204879760749 69.860393524169936 84.924243927001967 0.31666667759418493 1.0000000180025095e-35 85.540069580078139 1.0000000180025095e-35 95.80399322509767 88.047618865966811 68.703357696533217 0.78888890147209179 0.81666666269302379 50.110132217407234 89.825496673583999 1.0000000180025095e-35 0.38750000298023229 82.807880401611342 0.36931818723678594 85.028736114501967 55.585266113281257 49.65753364562989 0.080128207802772536 1.0000000180025095e-35 27.639257431030277 1.0000000180025095e-35 71.248622894287124 87.585617065429702 1.0000000180025095e-35 26.006441116333011 72.04651260375978
decision_type=2 2 2 2 2 2 2 2 2 2 2 2 2 2 2 2 2 2 2 2 2 2 2 2 2 2 2 2 2 2
left_child=-1 3 8 5 -4 9 12 14 10 28 20 -12 -5 -14 15 16 -8 -16 -17 -15 23 -22 25 -3 -24 -23 -27 -28 -2 -30
right_child=1 2 4 6 -6 -7 7 -9 -10 -11 11 -13 13 19 17 18 -18 -19 -20 -21 21 22 24 -25 -26 26 27 -29 29 -31
leaf_value=-0.066838739272674863 0.00029703205528816811 0.015177223224922388 0.067741031817224892 0.0036148916524725945 0.021969683354401033 0.046703707448837499 -0.063353891337318363 0.065422883768370299 0.063119160588696085 0.024453476774035195 -0.89484319485177188 0.15638245996022537 -0.040488090666491845 -0.045942109747143849 0.098223501046131229 0.052162796967369668 -0.38484996320405401 0.0094929951128354447 -0.16532112217838005 0.017485234884249919 0.057814684074923336 -0.048898036341403654 -0.0040236864630199031 -0.037806426563464571 0.050977313266195937 0.064106811721562684 0.07180246234295648 -0.15698753133126089 -0.062838199951006757 0.15714987465318156
leaf_weight=500.74300181854051 13.689745687064713 74.560153415892273 392.90924485400319 622.69238130818121 83.445814448408782 16.625930614420213 9.1408510195324197 50.806599159259349 31.903745384886861 11.370852474938145 0.36117882374673982 0.58892621845006943 80.67294500535354 15.525557445478624 9.9305120378267002 9.2769545086193812 0.95504571928177107 36.703102343948558 1.3921793913468707 67.006418467266485 50.457843687385321 38.6808407434728 49.667368938447908 50.053769870195538 54.881449030712247 11.785568366292866 1.3459935886785377 3.3755168374627829 121.44257429626305 0.91339541599154372
leaf_count=331026 2154 688 39887 9526 2222 886 550 3736 2435 1358 17 44 8865 914 253 221 33 1107 29 1456 1135 918 1215 857 3087 591 95 32 49967 104
internal_value=-0.00127774 0.0158909 0.039593 -0.00283783 0.059723 -0.0391915 0.00375827 0.0334574 0.0135119 -0.048879 0.00879822 -0.243237 -0.000708721 -0.017205 0.00936116 -0.0333687 -0.0937666 0.0283879 0.0237841 0.00555356 0.00951343 0.0187727 0.00644005 -0.00610476 0.0248483 -0.0284329 0.0195229 -0.0917648 -0.0550082 -0.061196
internal_weight=2412.91 1912.16 844.017 1068.15 476.355 164.042 904.103 118.205 367.662 147.417 335.759 0.950105 785.897 163.205 67.3986 20.765 10.0959 46.6336 10.6691 82.532 334.809 210.195 159.737 124.614 104.549 55.1879 16.5071 4.72151 136.046 122.356
internal_count=465408 134382 53223 81159 42109 54469 26690 5929 11114 53583 8679 61 20761 11235 2193 833 583 1360 250 2370 8618 7073 5938 1545 4302 1636 718 127 52225 50071
is_linear=0
shrinkage=0.07


Tree=66
num_leaves=31
num_cat=0
split_feature=7 7 2 5 11 2 9 2 1 7 4 0 0 5 3 3 5 9 3 5 1 11 1 4 0 2 9 1 7 9
split_gain=510.446 158.202 82.9342 45.822 27.9759 25.2276 23.6377 19.6704 18.1803 14.4371 10.4257 10.2376 10.0607 15.8118 16.2081 12.0909 16.9731 11.5661 10.2544 9.78905 9.5371 13.5315 9.37093 12.9108 17.0702 13.2644 11.4727 9.31504 9.1085 8.98501
threshold=49.693204879760749 70.627449035644545 84.924243927001967 0.31666667759418493 1.0000000180025095e-35 85.540069580078139 1.0000000180025095e-35 90.366767883300795 88.047618865966811 61.298427581787116 1.0000000180025095e-35 91.331184387207045 86.70682525634767 0.47222222387790685 77.459678649902358 81.872947692871108 0.58571431040763866 1.0000000180025095e-35 78.456192016601577 0.58571431040763866 89.009658813476577 1.0000000180025095e-35 80.217391967773452 1.0000000180025095e-35 71.834934234619155 85.540069580078139 1.5000000000000002 91.331184387207045 85.794998168945327 1.0000000180025095e-35
decision_type=2 2 2 2 2 2 2 2 2 2 2 2 2 2 2 2 2 2 2 2 2 2 2 2 2 2 2 2 2 2
left_child=20 3 8 5 -4 9 10 22 12 -2 11 -5 13 18 -15 17 -17 -14 29 -16 -1 -22 23 25 -25 -8 -26 -6 -21 -3
right_child=1 2 4 6 27 -7 7 -9 -10 -11 -12 -13 15 14 19 16 -18 -19 -20 28 21 -23 -24 24 26 -27 -28 -29 -30 -31
leaf_value=-0.068607461274867013 -0.061791845401214206 -0.036635701116357021 0.067408266501795891 -0.060793304736664326 0.0041762667013275209 0.041888328873265143 -0.049406392731831256 0.063253031095204221 0.066530027791966845 -0.015161365696956898 0.0013897646514744373 0.0059890794808031078 -0.058263603629113501 0.065343067089895193 0.025885980108460268 0.033467992919190254 -0.24739852885962391 0.068777848799343719 0.075904358028815969 -0.18637110330363182 0.04324142574403704 -0.072105873223721487 0.044194448575585993 0.11083809695402434 -0.030392030853380384 -0.34801876760507677 0.13891162463176793 0.055238589104406502 0.071959392135021838 0.0066452856491774764
leaf_weight=449.12648605031427 96.51556115411222 26.36882385564968 361.483915890567 26.900210292427801 52.172132077626884 17.945899481652305 14.11122243152931 55.504832070320845 29.128882442601025 49.077191793825477 743.9415376666002 19.330784372985363 9.2025585963856447 42.18244054634124 4.7459933161735517 1.6976026874035586 2.7820460787042975 5.6781944930553427 9.5462887031026167 2.8493744768202309 9.1918700920650735 10.884497832506895 22.040530057158321 6.9760688624810454 20.631299043307084 0.76859918399714011 2.1672605650965115 26.345657582394779 0.87391447089612473 216.2412953551393
leaf_count=325099 48712 886 39345 3623 861 904 666 4232 2400 5100 16910 411 128 1989 261 109 104 443 683 54 894 5033 890 150 446 23 58 1320 69 3605
internal_value=-0.00122735 0.0151741 0.038933 -0.00229983 0.059182 -0.0364209 0.00381622 0.0324672 0.0135709 -0.0460734 -0.000614645 -0.0328693 0.00878261 0.0119104 0.0476002 -0.0401386 -0.140962 -0.00978715 0.0047413 -0.0407709 -0.0664975 -0.0192947 0.00684673 -0.0115873 0.015021 -0.0648309 -0.0142978 0.0213096 -0.125737 0.00194116
internal_weight=2336.41 1867.21 791.299 1075.91 440.002 163.539 912.372 122.2 351.297 145.593 790.173 46.231 322.169 302.808 50.6517 19.3604 4.47965 14.8808 252.156 8.46928 469.203 20.0764 66.695 44.6545 29.7746 14.8798 22.7986 78.5178 3.72329 242.61
internal_count=465408 134382 52257 82125 41526 54716 27409 6465 10731 53812 20944 4034 8331 7547 2373 784 213 571 5174 384 331026 5927 2233 1343 654 689 504 2181 123 4491
is_linear=0
shrinkage=0.07


Tree=67
num_leaves=31
num_cat=0
split_feature=7 8 2 1 9 11 7 11 8 0 2 1 12 2 4 1 9 2 7 4 8 2 0 0 2 0 11 12 11 1
split_gain=470.449 154.103 84.6335 39.7589 43.1684 16.6761 13.5419 13.4176 11.1953 19.6705 11.1658 12.1691 10.5464 12.6136 11.5726 9.95928 18.1541 18.8516 9.87963 8.9829 10.0096 8.81377 8.76249 7.79957 7.43152 8.03525 7.42321 7.17333 6.79387 6.78562
threshold=49.693204879760749 0.41885964572429663 73.746868133544936 71.248622894287124 1.0000000180025095e-35 1.0000000180025095e-35 79.180648803710952 1.0000000180025095e-35 0.10762548446655275 87.585617065429702 49.65753364562989 35.043859481811531 2.5000000000000004 88.047618865966811 1.0000000180025095e-35 25.677655220031742 1.5000000000000002 31.698564529418949 64.722881317138686 1.0000000180025095e-35 0.37797619402408605 74.833332061767592 95.293468475341811 89.022754669189467 39.250699996948249 22.401432991027836 1.0000000180025095e-35 13.500000000000002 1.0000000180025095e-35 88.047618865966811
decision_type=2 2 2 2 2 2 2 2 2 2 2 2 2 2 2 2 2 2 2 2 2 2 2 2 2 2 2 2 2 2
left_child=8 3 10 5 19 6 12 -4 27 -10 11 24 13 14 15 16 -2 -18 22 20 29 -7 23 -6 25 -3 -11 -1 -12 -5
right_child=1 2 7 4 18 21 -8 -9 9 26 28 -13 -14 -15 -16 -17 17 -19 -20 -21 -22 -23 -24 -25 -26 -27 -28 -29 -30 -31
leaf_value=-0.069522563261782397 0.0031845015645787082 0.013794725807765749 0.065435247920024309 -0.043878637901106653 0.026855478296867619 -0.064126239073434357 0.033511775223745398 0.026814601534540017 -0.064516269608916127 0.086201617427562244 0.028520885269334145 -0.066118896469162247 -0.007872666043307391 0.10102341600061791 0.6253976491704748 -0.059188572859737797 1.3771270698806355 -0.070205460723584676 0.067102456269601859 0.0047476685419319438 -0.27535952102592359 -0.01899728367100605 0.063060440845976937 -0.054072518782725898 0.029480904164569499 -0.036648434971929135 -0.051514059741591019 0.44593986304348493 -0.041558041999279115 0.011858317668761617
leaf_weight=407.18033016391564 10.340846311417405 28.549784686416388 367.83304492337629 28.433237592922524 16.214109677704986 49.935785401728936 31.072840002598241 50.080519242212176 21.534507660428066 7.8770267815561947 87.655775500461459 16.023546220734715 228.83203531918116 3.000204586191102 0.12563101667910714 54.202766910893843 0.096635195193813028 0.081108846003189683 65.976364343427122 638.09071920672432 0.7827322306111445 36.856846581329592 16.686965846922249 9.1162969244178367 28.740135062718764 33.784085678402334 2.5351231057429686 0.13233168423175712 7.3467075899243346 17.163529554265551
leaf_count=317980 1842 240 42351 1695 282 23141 647 1591 12648 151 2687 152 18497 117 2 18765 18 39 5533 9793 20 5160 776 187 239 249 246 1 78 281
internal_value=-0.00118112 0.0144571 0.0428222 -0.000113509 0.00907523 -0.0176791 -0.0104543 0.0608072 -0.0662254 -0.0263223 0.00563203 -0.00986457 -0.0150591 -0.0392973 -0.0457893 -0.0470922 0.0152411 0.716675 0.0502062 0.00258569 -0.0271589 -0.044962 0.0236755 -0.00227014 3.28058e-05 -0.0135448 0.052671 -0.0693551 0.0231016 -0.0228981
internal_weight=2266.28 1827.02 620.014 1207.01 792.464 414.545 327.752 417.914 439.259 31.9467 202.1 107.098 296.679 67.8472 64.847 64.7214 10.5186 0.177744 107.994 684.47 46.3795 86.7926 42.0174 25.3304 91.074 62.3339 10.4121 407.313 95.0025 45.5968
internal_count=465408 134382 47587 86795 18567 68228 39927 43942 331026 13045 3645 880 39280 20783 20666 20664 1899 57 6778 11789 1996 28301 1245 469 728 489 397 317981 2765 1976
is_linear=0
shrinkage=0.07


Tree=68
num_leaves=31
num_cat=0
split_feature=6 6 2 5 2 7 5 12 4 0 8 9 12 4 5 0 0 8 6 12 9 7 7 9 5 7 2 5 8 5
split_gain=436.694 137.809 81.3639 28.9632 19.2951 18.1125 17.8952 17.3006 16.6465 13.7008 11.9933 11.6211 10.6875 15.9821 10.6439 13.3069 10.5783 10.4869 11.9343 14.5738 10.2594 10.0335 8.94331 9.51884 8.1861 8.10028 7.96165 7.92002 6.94716 6.94167
threshold=48.397369384765632 80.170940399169936 83.935482025146499 0.31666667759418493 85.540069580078139 64.722881317138686 0.61250001192092907 13.500000000000002 1.0000000180025095e-35 64.747306823730483 0.24568965286016467 1.0000000180025095e-35 4.5000000000000009 1.0000000180025095e-35 0.11805555596947671 47.856706619262702 27.072835922241214 0.30217391252517706 71.148777008056655 3.5000000000000004 1.0000000180025095e-35 44.321252822875984 65.396709442138686 1.0000000180025095e-35 0.11805555596947671 81.275405883789077 42.967033386230476 0.81666666269302379 0.83666664361953746 0.47222222387790685
decision_type=2 2 2 2 2 2 2 2 2 2 2 2 2 2 2 2 2 2 2 2 2 2 2 2 2 2 2 2 2 2
left_child=6 3 8 4 5 -2 22 9 10 -5 -3 27 13 -11 15 16 17 18 19 -7 -10 -8 -1 -24 -6 -14 -19 -4 -12 -27
right_child=1 2 11 7 24 14 21 -9 20 12 28 -13 25 -15 -16 -17 -18 26 -20 -21 -22 -23 23 -25 -26 29 -28 -29 -30 -31
leaf_value=-0.068712512389073221 -0.05995146087068428 -0.068101966310037565 0.027088202469167849 0.073948130630267866 0.099794636126742373 -0.012908142075677472 -0.061139528096061463 0.06116614346256323 0.009194964349984687 -0.050321117929482594 -0.00090200272773028635 0.067117572142322945 0.00085502960579620572 0.12398772293567085 -0.046636881987697158 0.11897854391147571 -0.046433040965409803 0.035322979874684933 0.31307099788798792 0.44194202668310378 0.057831257639070974 0.020583042903426333 -0.071468250121148727 0.24614794870322268 0.0019971602564240851 -0.057282099038676419 -0.14282778089049941 0.068814163888646432 0.030112677450630825 0.056870958294065271
leaf_weight=401.19793364498764 81.417058310820721 11.410962441703303 72.836451228708029 12.596172109246252 6.5430572832701754 2.3195198816247342 12.356128206360156 24.433581821620464 36.190639784093946 33.352140775765292 170.32900522835553 283.91890702955425 818.56567527074367 2.7933286908082655 18.983906137640588 5.4823209574678904 12.475376831833271 5.7062592781148851 1.2921840720809994 0.40551450522616495 51.484930804930627 18.211407219758257 0.93516227160580345 0.91448530950583518 11.681171670323236 2.9882579152472344 1.5666879992932079 32.119411526247859 44.67008737148717 20.635898502543569
leaf_count=336628 41220 339 3570 1266 155 171 6641 2327 734 2561 3019 36563 14984 53 1600 123 1143 123 43 18 3968 2395 164 31 505 57 20 2889 1235 863
internal_value=-0.0011433 0.0143102 0.0383575 -0.00158874 -0.0303335 -0.0398137 -0.0640883 0.00305485 0.0118585 0.00146116 0.00183026 0.0597602 0.000421626 -0.0368505 -0.00582038 0.0206724 -0.00200524 0.0470865 0.137861 0.0547785 0.0377552 -0.0124512 -0.0680045 0.0855646 0.0371095 0.00202129 -0.00305302 0.0398575 0.00554188 0.0424316
internal_weight=2199.81 1766.2 702.96 1063.24 147.873 129.649 433.615 915.365 314.086 890.931 226.41 388.875 878.335 36.1455 48.2318 29.2479 23.7655 11.2902 4.01722 2.72503 87.6756 30.5675 403.048 1.84965 18.2242 842.19 7.27295 104.956 214.999 23.6242
internal_count=465408 119549 52317 67232 45121 44461 345859 22111 9295 19784 4593 43022 18518 2614 3241 1641 1518 375 232 189 4702 9036 336823 195 660 15904 143 6459 4254 920
is_linear=0
shrinkage=0.07


Tree=69
num_leaves=31
num_cat=0
split_feature=6 6 2 1 11 5 5 1 5 3 7 4 5 2 8 0 11 11 3 2 3 0 5 2 1 3 5 0 2 4
split_gain=401.749 125.619 78.4698 27.1294 22.5207 17.8525 17.0971 16.3361 17.0776 14.7358 14.2869 14.0873 13.5578 20.1218 17.3335 20.2983 11.8066 11.7331 11.4888 20.3351 12.114 10.5333 10.0466 30.0225 15.2624 12.4842 11.145 26.8793 29.2481 12.5637
threshold=48.397369384765632 80.170940399169936 83.935482025146499 71.248622894287124 1.0000000180025095e-35 0.61250001192092907 0.47222222387790685 88.047618865966811 0.73214286565780651 60.107526779174812 64.722881317138686 1.0000000180025095e-35 0.095454547554254546 56.440422058105476 0.63961037993431102 52.565790176391609 1.0000000180025095e-35 1.0000000180025095e-35 32.690166473388679 36.51515197753907 19.560019493103031 79.277816772460952 1.0000000180025095e-35 64.241622924804702 26.747966766357425 25.176055908203129 0.31666667759418493 72.04651260375978 86.391696929931655 1.0000000180025095e-35
decision_type=2 2 2 2 2 2 2 2 2 2 2 2 2 2 2 2 2 2 2 2 2 2 2 2 2 2 2 2 2 2
left_child=5 3 7 6 -4 -1 22 8 11 21 -5 12 13 18 -14 -16 -13 -7 19 20 -3 -8 23 24 -2 -25 -24 28 29 -28
right_child=1 2 4 10 -6 17 9 -9 -10 -11 -12 16 14 -15 15 -17 -18 -19 -20 -21 -22 -23 26 25 -26 -27 27 -29 -30 -31
leaf_value=-0.067867049987855907 0.020514956316862499 0.026024835774376563 0.066881073213422959 0.0019645716422364754 0.02069688415365158 0.032305425605230691 0.093041374381683487 0.068375328412124486 -0.21726113565502864 -0.010739900714219002 0.029145955749665699 0.054364340540791492 -0.063601899606424123 0.061932953265308656 -0.13388661818207229 0.053993092669155016 -0.0062544686903953511 -0.055140271357970838 -0.039206856444327996 0.044489805324418291 -0.042017769843046053 0.0083712909899112953 -0.060056064671765545 -0.17299555033277469 -0.064128367255683161 0.10471096479369069 -0.073393520588362571 -0.05979426455198561 0.79675904952150978 0.04521542700622553
leaf_weight=376.55657109734602 16.317670017830096 19.495989053510129 304.60691221011803 602.91233914217446 62.320719800889492 14.89835792244412 12.682322507258506 22.690155655611306 1.6590040177106846 112.3109024472069 112.41986195580103 48.693816053215414 32.334049689816311 28.81982259079814 3.4315011650323894 15.752667251508681 23.266105365473777 15.178263680892996 31.904674140270799 44.367719320347533 37.447078703902662 16.652839874848723 73.282814106787555 0.84814914944581588 28.971517327358015 12.244195424253119 5.3668791393283817 37.478844120400026 0.24156451830640335 23.702302516088821
leaf_count=336823 2885 169 40960 8239 2062 1287 149 2210 89 1922 4867 3196 660 856 20 747 221 7749 399 421 307 217 29491 19 11758 489 961 3499 11 2725
internal_value=-0.00110589 0.013593 0.0371333 -0.00150209 0.0590369 -0.0637219 -0.0177783 0.0111958 0.00667791 0.000799024 0.00623633 0.00797913 -0.00104677 0.00889845 -0.0323265 0.0203868 0.034765 -0.0118243 -0.00257503 0.00896102 -0.0187216 0.0449763 -0.0310378 -0.0066419 -0.0336314 0.0867206 -0.0412059 -0.0205232 0.0296916 0.0233173
internal_weight=2138.86 1732.22 676.79 1055.43 366.928 406.633 340.1 309.863 287.172 141.646 715.332 285.513 213.554 162.035 51.5182 19.1842 71.9599 30.0766 133.215 101.311 56.9431 29.3352 198.454 58.3815 45.2892 13.0923 140.072 66.7896 29.3107 29.0692
internal_count=465408 119549 52317 67232 43022 345859 54126 9295 7085 2288 13106 6996 3579 2152 1427 767 3417 9036 1296 897 476 366 51838 15151 14643 508 36687 7196 3697 3686
is_linear=0
shrinkage=0.07


Tree=70
num_leaves=31
num_cat=0
split_feature=7 8 2 1 9 5 5 2 7 0 5 0 2 8 0 6 6 0 7 0 0 8 1 2 5 6 8 7 4 9
split_gain=371.516 118.65 76.1758 29.0955 31.3702 16.755 20.4302 22.0103 17.5243 12.0697 11.6763 21.8169 15.7179 11.6324 17.1332 14.6093 19.1311 10.5868 10.2469 10.1652 16.4148 11.7993 15.0869 10.6388 9.87298 9.75405 9.80867 9.69045 9.22746 10.0755
threshold=49.693204879760749 0.41885964572429663 73.746868133544936 76.63120269775392 1.0000000180025095e-35 0.43650794029235845 1.0000000180025095e-35 64.241622924804702 73.357315063476577 75.905715942382827 0.31666667759418493 70.659969329833999 81.302967071533217 0.10762548446655275 87.585617065429702 48.84608459472657 46.882476806640632 69.00656890869142 61.298427581787116 85.145786285400405 94.804317474365249 0.32738095521926885 85.145786285400405 98.386676788330092 0.31666667759418493 68.996032714843764 0.10435571894049646 54.180109024047859 1.0000000180025095e-35 1.0000000180025095e-35
decision_type=2 2 2 2 2 2 2 2 2 2 2 2 2 2 2 2 2 2 2 2 2 2 2 2 2 2 2 2 2 2
left_child=13 3 24 5 19 6 7 8 -2 -7 -8 12 28 -1 -15 16 -16 -14 -13 -5 21 23 -23 -21 -3 26 -22 -28 -12 -30
right_child=1 2 -4 4 -6 9 10 -9 -10 -11 11 18 17 14 15 -17 -18 -19 -20 20 25 22 -24 -25 -26 -27 27 -29 29 -31
leaf_value=-0.069168078430412686 -0.04487743928374311 -0.0032922759388339254 0.058833350800860579 0.034027028298455053 0.049526983732458091 0.052484759094231642 -0.054969046220461372 0.073410685009868484 0.033134350276680297 -0.0041154036819206043 -0.068349261989593582 -0.02029716503555996 0.053332888773228573 -0.063195007355156874 0.11516629702081241 0.0082249719569417595 0.66758653661751144 0.47163810903325609 -0.077923598093299115 -0.016211175084295093 0.0099337161769424837 -0.25622258542209508 -0.016770181914633333 0.087183891930889573 0.036976168657177705 0.042623849583373168 -0.12457776328073578 -0.015146714965581266 0.0076672911353056778 0.10763355121791959
leaf_weight=333.53867412055843 36.985885304864496 158.16948474687524 352.5401541874744 49.754407813539729 84.092502021463588 20.137064986862242 93.331049469183199 17.875037044286728 22.812189639545977 221.82139781012665 4.9235777562717038 37.862046725000255 0.551404941943473 18.405359145603146 1.6550912404200055 8.2724959389306587 0.37718818092253048 0.64121930976398289 25.171902656671591 168.21556351776235 277.85575942427386 2.2599999820813528 3.0018214331939816 5.0218527568504205 36.769786792807281 39.214241518639028 4.5794765604659906 29.557649635244161 16.89587386674248 6.981828835560008
leaf_count=317981 14388 1763 43942 1175 6279 498 40262 811 485 4449 1040 5864 37 12648 197 165 35 30 895 2197 2790 29 104 30 1882 1790 79 403 3040 120
internal_value=-0.00106861 0.0125222 0.039417 -6.75592e-05 0.00957375 -0.0127111 -0.024905 0.00525605 -0.015117 0.000595162 -0.0374759 -0.0199257 0.029217 -0.0654879 -0.0227331 0.049536 0.217695 0.278236 -0.0433096 0.00377565 0.000934194 -0.0163505 -0.119617 -0.0132139 0.00430323 0.00971905 0.00558326 -0.0298268 0.0189055 0.0368974
internal_weight=2079.27 1717.02 547.479 1169.54 663.553 505.99 264.032 77.6731 59.7981 241.958 186.359 93.0279 29.9939 362.249 28.7101 10.3048 2.03228 1.19262 63.0339 579.461 529.706 178.499 5.26182 173.237 194.939 351.207 311.993 34.1371 28.8013 23.8777
internal_count=465408 134382 47587 86795 14876 71919 66972 15684 14873 4947 51288 11026 4267 331026 13045 397 232 67 6759 8597 7422 2360 133 2227 3645 5062 3272 482 4200 3160
is_linear=0
shrinkage=0.07


Tree=71
num_leaves=31
num_cat=0
split_feature=7 12 6 2 1 10 5 5 3 0 6 8 0 5 0 7 12 6 3 3 3 3 3 12 1 0 6 1 6 12
split_gain=342.471 115.758 50.0288 34.4197 24.7624 17.0751 14.7276 22.9145 27.0738 14.137 12.301 11.6824 15.2286 10.7729 24.9165 12.3209 10.4028 9.70681 11.8752 15.6327 9.17031 9.12273 9.30997 8.93409 8.92644 16.3488 8.69355 8.43157 10.2844 10.9204
threshold=49.693204879760749 13.500000000000002 88.953113555908217 76.123405456542983 69.860393524169936 1.0000000180025095e-35 0.47222222387790685 1.0000000180025095e-35 56.77343940734864 39.314987182617195 59.711856842041023 0.10762548446655275 87.585617065429702 0.31666667759418493 64.565757751464858 61.920122146606452 6.5000000000000009 48.84608459472657 67.890834808349624 63.859338760375984 60.107526779174812 88.341892242431655 72.04651260375978 8.5000000000000018 68.020618438720717 68.801231384277358 56.021978378295906 93.127067565917983 68.996032714843764 12.500000000000002
decision_type=2 2 2 2 2 2 2 2 2 2 2 2 2 2 2 2 2 2 2 2 2 2 2 2 2 2 2 2 2 2
left_child=11 2 4 23 6 27 7 8 10 -3 -2 -1 -13 -9 -15 24 -7 18 19 -14 -8 22 26 -4 -16 -26 -22 -6 29 -29
right_child=1 9 3 -5 5 16 20 13 -10 -11 -12 12 17 14 15 -17 -18 -19 -20 -21 21 -23 -24 -25 25 -27 -28 28 -30 -31
leaf_value=-0.069083544083832243 -0.067285811676400339 -0.10803103490719224 0.00091192381792310623 0.053737722572403862 -0.002174228672523888 0.0020763531852569551 0.035914651390366578 -0.059189889829317492 0.10167288845299632 0.065745026407436444 0.00023377272923518345 -0.062403271902954707 -0.070868967768812574 0.057089400585317557 -0.030587524691949579 -0.086591031480736935 0.054569952851045496 0.0076462357504689096 0.10503254668808748 0.92172818215206664 -0.011190957619611978 0.12001980352071033 -0.045601566372709526 0.044333782737125939 0.54925314762418465 0.037756522374792365 0.04574642337327349 0.00073478736146534592 0.057884956473255429 0.05169204490807254
leaf_weight=311.35674018372083 16.328500919276848 2.3225304493680587 141.94179316284135 153.77887589810416 526.28304679540452 28.477617491385899 31.617723667062819 84.971170059288852 11.520186753361484 186.03984882263467 69.48066802660469 17.371172410086732 0.12336011521983836 15.235421013319863 31.54822602448985 20.797916955896653 52.788397654425353 8.2756114143412542 2.0932381715392694 0.21026664541568607 54.695037593366578 2.6873374492861322 27.171710576163605 27.758939989376813 0.33759719762019758 3.2916492038639262 17.295114089269191 130.44437049352564 24.16356836585328 24.473702535033226
leaf_count=317981 11524 25 2079 17300 9935 1013 582 39522 578 27617 3915 12648 49 1740 6039 838 3934 165 165 18 918 33 891 1274 35 546 409 1498 1700 437
internal_value=-0.00103464 0.0118843 0.00537719 0.0297509 -0.00134091 0.00579075 -0.0158378 -0.0257463 0.000912951 0.0636023 -0.0126144 -0.065184 -0.0219357 -0.0423598 -0.0222776 -0.0438798 0.0361749 0.043747 0.166851 0.554711 0.00298276 -0.0072405 -0.0106893 0.00801469 -0.0186277 0.0853366 0.00248784 0.00229015 0.01541 0.00878493
internal_weight=2024.88 1685.45 1497.09 323.48 1173.61 786.631 386.978 253.511 97.3294 188.362 85.8092 339.43 28.0736 156.182 71.2108 55.9754 81.266 10.7025 2.42686 0.333627 133.467 101.849 99.1619 169.701 35.1775 3.62925 71.9902 705.365 179.082 154.918
internal_count=465408 134382 106740 20653 86087 18517 67570 64737 16017 27642 15439 331026 13045 48720 9198 7458 4947 397 232 67 2833 2251 2218 3353 6620 581 1327 13570 3635 1935
is_linear=0
shrinkage=0.07


Tree=72
num_leaves=31
num_cat=0
split_feature=7 12 7 2 9 2 5 5 8 5 7 11 2 8 5 5 2 4 5 12 12 5 2 5 2 9 2 8 12 8
split_gain=315.774 108.68 44.849 24.4058 31.5192 19.6568 17.3761 12.8991 13.3433 13.1443 19.6308 12.6169 12.0653 11.6968 13.4799 10.1225 14.8771 8.7296 13.3264 23.6403 16.1148 23.7573 11.6454 11.1402 10.4036 9.53858 9.46434 8.96088 8.78753 8.49191
threshold=49.693204879760749 13.500000000000002 84.866104125976577 85.540069580078139 1.0000000180025095e-35 65.419578552246108 0.94444444775581371 0.78888890147209179 0.71825397014617931 0.31666667759418493 61.298427581787116 1.0000000180025095e-35 52.114353179931648 0.10762548446655275 0.41428571939468389 0.080128207802772536 63.453348159790046 1.0000000180025095e-35 0.5634920895099641 10.500000000000002 6.5000000000000009 0.61250001192092907 71.516754150390639 0.38750000298023229 76.689495086669936 1.0000000180025095e-35 70.521389007568374 0.19292803853750232 5.5000000000000009 0.37797619402408605
decision_type=2 2 2 2 2 2 2 2 2 2 2 2 2 2 2 2 2 2 2 2 2 2 2 2 2 2 2 2 2 2
left_child=13 2 3 6 -5 -4 7 8 9 10 -2 -7 -3 -1 -15 16 -12 23 19 24 22 -22 28 29 27 -25 -23 -19 -20 -11
right_child=1 12 5 4 -6 11 -8 -9 -10 17 15 -13 -14 14 -16 -17 -18 18 20 -21 21 26 -24 25 -26 -27 -28 -29 -30 -31
leaf_value=-0.068994096191959897 -0.058955766804543189 -0.088516864935901426 0.0060408024153781725 0.0031271393265589389 0.055410450220725653 0.057005662259332741 0.060091497045511477 -0.15286203711783369 0.052948316089391823 -0.054532983324517295 -0.01208936196133378 0.016557949139338012 0.065334342477286256 -0.065260150675124765 0.033418093083266265 -0.044389521173459061 0.068843431696335694 -0.0033392727798047857 0.19291425924080211 -0.04201055147145949 0.059954197564841764 0.11641411041290589 -0.059965257278472225 -0.040795901655305451 0.052854350654398308 0.04296765322365826 -0.067880253719343198 0.052838527285662143 -0.0045332548628783447 -0.17733205850891418
leaf_weight=290.67042007524287 71.361476167046931 2.5339515395462504 103.34401753381826 615.09585857996717 62.214350717957132 121.96220462536439 15.781261370982973 3.2801736157853147 14.342431008350102 12.396926256653385 70.113214866723865 54.753069503698498 174.38531509414315 15.187761585228147 12.258074220502747 34.370889983954839 13.229075456853023 57.791155189974234 1.2068468248471589 31.76009018404875 22.908637995948084 1.5051154093816901 47.574493670486845 17.355967685231011 44.293190065189265 10.810802936437538 14.709991906769572 18.32436269056052 13.021711668232456 3.549430545186623
leaf_count=317981 48707 21 1221 10086 5764 15002 675 34 472 2027 3098 1688 27621 12389 656 3615 240 5985 29 1368 392 20 1327 1664 1850 334 244 598 258 42
internal_value=-0.000999961 0.0112843 0.00507427 -0.000825754 0.00792962 0.0302915 -0.0122367 -0.0145018 -0.0135953 -0.0155579 -0.0299869 0.0444734 0.0631308 -0.0648695 -0.0211877 -0.0124251 0.00075725 -0.00637864 -0.00137016 0.0117112 -0.0210931 0.0140622 -0.0433479 -0.0351144 0.0258813 -0.00864627 -0.0507737 0.0101852 0.012214 -0.0818663
internal_weight=1972.09 1653.98 1477.06 1197 677.31 280.059 519.687 503.906 500.626 486.283 189.075 176.715 176.919 318.116 27.4458 117.713 83.3423 297.209 253.096 152.169 100.927 39.1237 61.8031 44.1131 120.409 28.1668 16.2151 76.1155 14.2286 15.9464
internal_count=465408 134382 106740 88829 15850 17911 72979 72304 72270 71798 55660 16690 27642 331026 13045 6953 3338 16138 12071 9801 2270 656 1614 4067 8433 1998 264 6583 287 2069
is_linear=0
shrinkage=0.07


Tree=73
num_leaves=31
num_cat=0
split_feature=7 12 6 2 1 9 6 7 0 8 12 5 0 2 7 5 5 1 12 3 0 2 0 1 6 3 3 2 12 3
split_gain=291.14 101.917 40.738 32.0615 20.1139 17.7748 14.2344 11.8189 11.7395 11.6619 12.7207 10.6765 13.1393 17.9368 10.2775 9.37896 15.6087 17.454 15.1607 9.28676 9.74175 9.23641 14.3477 9.39583 9.2147 8.66247 8.87523 8.99423 8.59305 8.05843
threshold=49.693204879760749 13.500000000000002 88.953113555908217 79.431911468505874 71.248622894287124 1.0000000180025095e-35 49.890829086303718 92.805229187011733 39.314987182617195 0.10762548446655275 6.5000000000000009 0.47222222387790685 72.04651260375978 82.68365859985353 64.722881317138686 0.31666667759418493 1.0000000180025095e-35 52.851875305175788 4.5000000000000009 60.107526779174812 79.772727966308608 74.833332061767592 64.565757751464858 68.703357696533217 61.874477386474616 88.341892242431655 72.04651260375978 81.754161834716811 8.5000000000000018 83.910789489746108
decision_type=2 2 2 2 2 2 2 2 2 2 2 2 2 2 2 2 2 2 2 2 2 2 2 2 2 2 2 2 2 2
left_child=9 2 4 28 6 -6 -2 11 -3 -1 -11 12 13 15 -7 16 17 -8 -17 20 -13 22 -20 -24 -14 26 -21 -28 -4 -30
right_child=1 8 3 -5 5 14 7 -9 -10 10 -12 19 24 -15 -16 18 -18 -19 21 25 -22 -23 23 -25 -26 -27 27 -29 29 -31
leaf_value=-0.068899362981420534 -0.060740806839753678 -0.087280127126047422 0.00095825951035668426 0.053799734742483375 0.0019827623343192601 0.01058405390621237 -0.016394792011344819 0.074606712780835041 0.064943474956321107 -0.052193783340490164 0.053127860529988039 0.077866280998202544 -0.02659672755346696 0.071726897707906051 0.063362115705613717 -0.10607805452753574 -0.058530705507900745 0.12392567288303794 0.065791515049904492 0.0024520740473794205 0.00029874589719587261 0.11376630947445519 -0.076235018601874996 0.10948782617966386 -0.089055944081348579 0.1131234988384666 -0.082592267357516791 -0.0076528664221428228 0.045891322030845276 -0.26370405037014827
leaf_weight=271.37901220761705 29.465926374250557 2.5206731390207997 146.16659799451008 130.20388850104064 676.93226805934682 34.250830566510558 72.184775555040687 7.8820498674176624 163.71905810432509 18.599153177638076 8.0517637727316451 14.654149133712055 25.621486323187128 11.447079578065312 38.290233178064227 4.3916955438908181 48.948939281282946 4.6217076050816095 11.861521901562815 81.27056353027001 17.299436469562352 5.6498616499593473 8.613132272846995 1.5795273723779235 21.110111788380891 2.880372618790715 14.207171383081006 17.531631582416594 30.306859042029831 0.41763923969119687
leaf_count=317981 26323 25 2442 16473 12520 986 10749 229 27617 12535 510 191 3845 481 3822 596 21295 284 743 1072 215 354 1037 99 529 30 443 244 1698 40
internal_value=-0.00096367 0.0107071 0.00478541 0.0274368 -0.00125974 0.00551168 -0.0139086 -0.0101966 0.0626353 -0.0645601 -0.0203741 -0.0120336 -0.0219529 -0.0128829 0.0384425 -0.0190187 -0.0276387 -0.00795123 0.014756 0.00246059 0.0358718 0.0339109 0.0134534 -0.0474541 -0.0548115 -0.00675168 -0.00980705 -0.0411978 0.0080318 0.041683
internal_weight=1922.06 1624.03 1457.79 307.095 1150.69 749.473 401.221 371.755 166.24 298.03 26.6509 363.873 216.03 169.298 72.5411 157.851 125.755 76.8065 32.0957 147.843 31.9536 27.704 22.0542 10.1927 46.7316 115.89 113.009 31.7388 176.891 30.7245
internal_count=465408 134382 106740 20653 86087 17328 68759 42436 27642 331026 13045 42207 40012 35638 4808 35157 32328 11033 2829 2195 406 2233 1879 1136 4374 1789 1759 687 4180 1738
is_linear=0
shrinkage=0.07


Tree=74
num_leaves=31
num_cat=0
split_feature=7 12 6 3 1 6 11 5 7 12 3 3 3 0 12 1 11 5 3 4 4 3 11 7 9 0 0 0 6 5
split_gain=268.309 95.4925 36.9763 34.8448 21.4614 21.7478 19.3283 15.8744 14.3371 14.3538 13.0923 12.1937 10.8202 10.6703 10.4123 10.3211 13.1803 9.6761 9.40548 9.25261 8.68383 8.37629 8.28378 7.36442 7.34995 12.0369 7.30619 12.9703 12.518 9.0123
threshold=49.693204879760749 13.500000000000002 92.356376647949233 48.17045974731446 93.127067565917983 68.996032714843764 1.0000000180025095e-35 0.47222222387790685 92.805229187011733 2.5000000000000004 81.53021621704103 32.049383163452156 77.003208160400405 39.314987182617195 12.500000000000002 82.793453216552749 1.0000000180025095e-35 0.2264957278966904 92.390407562255874 1.0000000180025095e-35 1.0000000180025095e-35 98.529094696044936 1.0000000180025095e-35 65.396709442138686 1.5000000000000002 19.139194488525394 95.293468475341811 92.893215179443374 81.661396026611342 0.78888890147209179
decision_type=2 2 2 2 2 2 2 2 2 2 2 2 2 2 2 2 2 2 2 2 2 2 2 2 2 2 2 2 2 2
left_child=15 2 4 11 6 14 8 10 9 19 -8 -4 20 -3 21 -1 -17 -13 -11 24 -9 -6 -5 -22 -2 -26 27 -14 -29 -28
right_child=1 13 3 22 5 -7 7 12 -10 18 -12 17 26 -15 -16 16 -18 -19 -20 -21 23 -23 -24 -25 25 -27 29 28 -30 -31
leaf_value=-0.06830775461076373 -0.033082719093341151 -0.077843212306953458 0.013828187949317795 0.059231863439790665 0.016941954896382127 0.063566589497866199 -0.061301974845599849 -0.03637421381816338 0.062459355322296427 0.00057965074358022183 0.039157840011847855 -0.057494019719211947 -0.033980241415847851 0.064505083558927132 0.050623693055297889 0.03296727760990021 -0.071632415330981677 0.058825254391692561 0.04499606556803188 0.12791732368298744 -0.0084683313762942709 -0.017788692099199102 0.015538922647378698 0.05922882774729759 1.0311909773699393 0.057446243605792133 0.0083441775225495483 -0.10270434202689942 -0.40209690381676511 -0.096315038446166054
leaf_weight=255.73230997862993 92.525678661186248 2.624357344582676 59.10684293648228 117.86248446488753 73.012143202824518 44.42353005381301 63.333156598731875 11.040919780614784 17.616571679711342 678.86365104315337 7.0658303095260626 25.27916795946658 28.960546663263813 153.65198539337143 24.138337837066501 11.669977643992752 11.944538489275146 4.0681672412902108 24.193459651898593 1.8634464284405101 12.260259359260088 63.726011935854331 25.941689601168036 22.008760245516896 0.063543422031215768 2.952284584811423 32.022936847177334 3.1020151712000366 0.87799023650586594 4.6122662585694334
leaf_count=319491 21594 25 593 15215 901 4941 28367 528 1014 25948 215 249 1266 27617 490 1954 9581 251 441 34 1195 845 961 259 17 439 763 87 16 111
internal_value=-0.00092779 0.0101417 0.00450497 0.0300853 -0.000410591 0.0202104 -0.00462989 -0.0250446 -6.20584e-06 -0.00138095 -0.051219 -0.00448537 -0.0090056 0.0621146 0.00823823 -0.0642191 -0.0199406 -0.0413697 0.0021081 -0.0265645 0.0176148 0.000755941 0.0513498 0.0350091 -0.0295775 0.077963 -0.0263416 -0.0502637 -0.16875 -0.00483212
internal_weight=1876.54 1597.2 1440.92 232.258 1208.66 205.3 1003.36 185.285 818.079 800.462 70.399 88.4542 114.886 156.276 160.876 279.347 23.6145 29.3473 703.057 97.405 45.3099 136.738 143.804 34.269 95.5415 3.01583 69.5758 32.9406 3.98001 36.6352
internal_count=465408 134382 106740 17269 89471 7177 82294 32807 49487 48473 28582 1093 4225 27642 2236 331026 11535 500 26389 22084 1982 1746 16176 1454 22050 456 2243 1369 103 874
is_linear=0
shrinkage=0.07


Tree=75
num_leaves=31
num_cat=0
split_feature=7 12 7 1 9 1 11 1 11 0 2 11 0 12 12 7 2 12 2 2 0 7 1 12 9 2 7 7 2 12
split_gain=247.179 89.3231 33.7292 19.8291 18.8865 16.9455 16.0666 10.3951 11.8351 10.3418 9.18807 10.5481 10.2266 8.71694 7.3322 7.82649 7.26525 7.22204 7.74954 7.10129 7.61716 7.33877 28.1712 6.95876 8.67351 7.21816 6.95816 6.86552 11.5888 6.77221
threshold=49.693204879760749 13.500000000000002 85.794998168945327 69.860393524169936 1.0000000180025095e-35 90.521114349365249 1.0000000180025095e-35 77.836257934570327 1.0000000180025095e-35 75.147060394287124 39.250699996948249 1.0000000180025095e-35 27.072835922241214 6.5000000000000009 6.5000000000000009 43.147575378417976 74.833332061767592 5.5000000000000009 80.810150146484389 85.540069580078139 82.807880401611342 75.099998474121108 83.910789489746108 2.5000000000000004 1.5000000000000002 88.047618865966811 64.722881317138686 44.009569168090827 95.293468475341811 5.5000000000000009
decision_type=2 2 2 2 2 2 2 2 2 2 2 2 2 2 2 2 2 2 2 2 2 2 2 2 2 2 2 2 2 2
left_child=7 2 3 6 -5 10 23 -1 14 -3 12 -12 -4 17 -9 -16 -8 18 -6 20 -19 -22 -23 24 25 26 -2 28 -17 -25
right_child=1 9 5 4 13 -7 16 8 -10 -11 11 -13 -14 -15 15 27 -18 19 -20 -21 21 22 -24 29 -26 -27 -28 -29 -30 -31
leaf_value=-0.068887097180689319 -0.059412293307911465 -0.025399703555876552 0.013859526786069807 0.0019523193792740125 0.087781748790145081 0.064948078550974106 -0.069348966903926557 -0.047645717174584427 -0.066875570697597003 0.065531332610653872 0.036821788469327162 -0.0048462993491208426 -0.060398162628779818 0.052850250697236631 -0.034831058920358204 0.8685115869022072 -0.020539786196854395 0.0091299451434095867 -0.0065883097007836565 0.060348007571688449 -0.083870890107780371 -0.82181278990182227 0.070843933030384693 0.018565366662609953 0.078251571898812752 0.078521466987886396 -0.016305315560783462 0.080016729305985385 0.12787439275446805 -0.0081267019895623627
leaf_weight=231.48388541827444 31.59322464390425 6.4080454278737298 27.324401650577784 689.99266487272689 7.8308965208707404 48.270787282846868 32.235770190833136 5.0690767469932352 16.070583617663942 140.57378307776526 118.62136503262445 39.742683742661029 13.615875195711849 56.479713201057166 3.0864471993991156 0.14868582983035583 27.856187017634511 4.3925989046692866 9.3606867144117114 3.1100671696476629 5.1198919482994825 0.31141424644738425 0.39041411317884922 61.040593386336695 3.7869206817122167 2.8809669094625852 43.766282025258988 5.8896942370920442 0.34078792133368552 196.55093351495452
leaf_count=312354 18515 257 227 13849 251 7127 22833 1922 15259 27385 9074 710 89 5814 1010 50 4851 109 658 286 117 12 41 3947 447 153 2048 382 49 15582
internal_value=-0.000884756 0.00961266 0.0042511 -0.000690014 0.00582751 0.0277357 -0.0133593 -0.063818 -0.0254782 0.061567 0.018723 0.0263649 -0.010837 0.036563 0.0202938 0.0566771 -0.046723 0.00641807 0.036398 -0.032263 -0.0604613 -0.112969 -0.325244 -0.00745591 -0.0252123 -0.0302201 -0.0343772 0.100952 0.352855 -0.00180157
internal_weight=1833.35 1571.26 1424.27 1176.7 776.988 247.575 399.711 262.089 30.6053 146.982 199.304 158.364 40.9403 86.9957 14.5347 9.46562 60.092 30.516 17.1916 13.3244 10.2143 5.82172 0.701828 339.619 82.0274 78.2405 75.3595 6.37917 0.489474 257.592
internal_count=465408 134382 106740 89513 21137 17227 68376 331026 18672 27642 10100 9784 316 7288 3413 1491 27684 1474 909 565 279 170 53 40692 21163 20716 20563 481 99 19529
is_linear=0
shrinkage=0.07


Tree=76
num_leaves=31
num_cat=0
split_feature=7 12 6 3 1 6 11 6 8 7 12 1 3 0 12 0 3 4 11 3 0 6 1 0 12 7 1 3 12 0
split_gain=227.732 83.5088 30.4768 31.6735 17.7524 20.0515 15.7811 13.7158 12.719 12.2838 11.7508 11.6899 11.148 9.89317 9.51122 8.44623 8.33013 8.23351 7.94857 7.22588 7.04783 15.4201 22.0004 11.8599 11.4949 10.8935 8.68628 9.4302 7.59989 7.17321
threshold=49.693204879760749 13.500000000000002 92.356376647949233 48.17045974731446 93.127067565917983 68.996032714843764 1.0000000180025095e-35 54.007299423217781 0.10762548446655275 92.805229187011733 2.5000000000000004 64.326763153076186 32.049383163452156 75.147060394287124 12.500000000000002 53.093112945556648 92.390407562255874 1.0000000180025095e-35 1.0000000180025095e-35 99.541282653808608 89.022754669189467 68.996032714843764 52.223320007324226 93.957649230957045 12.500000000000002 50.110132217407234 75.582656860351577 72.481884002685561 12.500000000000002 78.319625854492202
decision_type=2 2 2 2 2 2 2 2 2 2 2 2 2 2 2 2 2 2 2 2 2 2 2 2 2 2 2 2 2 2
left_child=8 2 4 12 6 14 9 -8 -1 10 17 -10 -4 -3 19 -14 20 -2 -5 -6 26 23 -23 24 25 -22 27 28 -12 -28
right_child=1 13 3 18 5 -7 7 -9 11 -11 16 -13 15 -15 -16 -17 -18 -19 -20 -21 21 22 -24 -25 -26 -27 29 -29 -30 -31
leaf_value=-0.068639070447062592 -0.02751114924903296 -0.023227812443792316 0.012715224839528288 0.0576437360434921 0.015246721767317358 0.06270195439101138 -0.059532565626126091 -0.012789985796012798 -0.070030793192311216 0.059167937726602372 0.0087433616804644364 0.028503668449919736 -0.057538574663311325 0.065152904057893535 0.048952375354436091 0.043345432911955299 0.042741721343266405 0.12438329457683751 0.014067644468559241 -0.017103820344721868 -0.012661786832309032 -0.72615431389883378 0.060676002787234951 -0.0026318538453049055 -0.10266345920976505 -0.09306686527787783 0.090037270500289368 -0.027136129293040993 -0.13332193088075456 0.01938240678964176
leaf_weight=222.07123773440253 92.010311818739865 6.5127224754542103 58.424878606107086 107.96615938609466 73.759171896381304 40.334971845149994 39.374306045065168 140.60741335561033 10.550432561023628 16.778538392856717 185.56812390318373 13.383910556614863 23.995172248221937 131.80494962772354 23.134797762148082 4.8961938316933802 23.487079901620746 1.7825031545944501 25.321616781875491 62.49828237737529 61.011186658055522 0.17570606805384414 19.36347389081493 239.71937614062335 10.312514658086 9.5487232898594794 7.617070331121794 49.082449739449657 1.8636620879406098 93.074148812913336
leaf_count=317981 22050 257 593 15215 924 4941 25342 7465 11839 1014 18154 1206 220 27385 490 280 441 34 961 822 445 23 2213 1642 54 167 183 1537 30 1500
internal_value=-0.000845983 0.00908418 0.00399836 0.0278973 -0.000427953 0.0186114 -0.00426372 -0.0230158 -0.0634137 -0.000104175 -0.00135572 -0.014931 -0.00487349 0.0609915 0.00745412 -0.0404419 0.00175838 -0.0246244 0.0493653 0.000408243 0.000337261 -0.00677238 0.0536004 -0.0104519 -0.033632 -0.0235428 0.00750858 0.000178063 0.00733079 0.0247273
internal_weight=1796.03 1550.03 1411.71 220.604 1191.1 199.727 991.377 179.982 246.006 811.395 794.616 23.9343 87.3162 138.318 159.392 28.8914 700.824 93.7928 133.288 136.257 677.336 340.131 19.5392 320.592 80.8724 70.5599 337.205 236.514 187.432 100.691
internal_count=465408 134382 106740 17269 89471 7177 82294 32807 331026 49487 48473 13045 1093 27642 2236 500 26389 22084 16176 1746 25948 4544 2236 2308 666 612 21404 19721 18184 1683
is_linear=0
shrinkage=0.07


Tree=77
num_leaves=31
num_cat=0
split_feature=6 12 6 0 10 1 1 6 1 12 11 5 0 0 12 4 5 3 3 11 5 8 12 5 0 3 1 12 5 5
split_gain=208.625 75.6326 26.3823 29.3648 18.0455 20.9436 14.6336 19.2279 12.1205 9.80318 10.9236 11.404 9.46545 9.26134 9.2277 9.18787 9.76572 17.922 9.13906 8.59214 8.47779 8.47393 11.7812 9.84486 7.8292 7.77852 12.5419 18.1626 8.98677 8.3796
threshold=48.397369384765632 13.500000000000002 92.356376647949233 56.98051834106446 1.0000000180025095e-35 62.115564346313484 93.127067565917983 68.996032714843764 62.575302124023445 2.5000000000000004 1.0000000180025095e-35 0.47222222387790685 75.147060394287124 82.167320251464858 12.500000000000002 1.0000000180025095e-35 1.0000000180025095e-35 56.77343940734864 81.53021621704103 1.0000000180025095e-35 0.61250001192092907 0.24568965286016467 6.5000000000000009 0.095454547554254546 47.856706619262702 77.459678649902358 87.20676422119142 4.5000000000000009 0.41428571939468389 0.58571431040763866
decision_type=2 2 2 2 2 2 2 2 2 2 2 2 2 2 2 2 2 2 2 2 2 2 2 2 2 2 2 2 2 2
left_child=4 2 6 -4 20 -6 9 14 -7 15 21 18 -3 -13 -8 16 17 -2 -12 -5 -1 -11 23 24 -23 28 27 -27 -25 -29
right_child=1 12 3 19 5 8 7 -9 -10 10 11 13 -14 -15 -16 -17 -18 -19 -20 -21 -22 22 -24 25 -26 26 -28 29 -30 -31
leaf_value=-0.069763293565990675 -0.022109093846447585 -0.021429902572678836 -0.001689926954666838 0.059927341916698879 -0.07005602390584198 0.60964393340905354 -0.00034681664774897415 0.062161984357412423 0.06305318935472741 -0.001018257659834301 -0.059849838245158229 0.053820731719387366 0.064423215201944911 -0.012753890476241229 0.048584473940974864 0.12692837109564845 -0.050185077055209339 0.093303200419923585 0.036031997733724015 0.012867319125280652 -0.020632192791042562 0.010619991213081083 0.043398323749740376 -0.036414552635291392 0.091814065702242639 -0.51551864463400499 0.077845747398279042 0.017041717903118522 0.048177065376802587 -0.18158108695313421
leaf_weight=210.23299611976836 51.229859989252873 6.6309260465204707 97.270659967791289 93.312284517101943 9.6357570685795526 0.20283290446968649 131.95744950172957 38.158258997835219 9.9701639931881783 578.97382059344091 38.865374409302603 11.446296609181443 123.30202901270241 97.064893098024186 22.039058838970959 1.9552695383317757 46.50257615087321 7.5667016055085687 5.5690597866196176 23.874420652166009 18.743740788311698 36.599293694831431 54.982685684575699 20.24685875535943 6.9193911778274915 0.58799998927861352 1.5507581508718429 1.7541782045736907 8.8409294439479691 2.55921173049137
leaf_count=321163 13821 258 1501 14820 13834 73 1582 4945 1843 18927 12379 464 27389 2400 479 36 12965 291 128 948 8946 674 4112 426 340 47 151 100 292 74
internal_value=-0.000801991 0.00898531 0.00417752 0.0267409 -0.0601965 0.00390048 2.52955e-05 0.0176784 0.0739513 -0.00346019 -0.00098769 -0.0179628 0.0600418 -0.00573127 0.00665594 -0.0234229 -0.0262147 -0.00725635 -0.0478328 0.0503398 -0.0657415 0.00265356 0.0185135 0.0012069 0.0235297 -0.0261274 -0.0956604 -0.150556 -0.0107038 -0.100805
internal_weight=1758.55 1509.76 1379.83 214.457 248.785 19.8088 1165.37 192.155 10.173 973.215 865.961 152.946 129.933 108.511 153.997 107.254 105.299 58.7966 44.4344 117.187 228.977 713.015 134.041 79.0586 43.5187 35.5399 6.45215 4.90139 29.0878 4.31339
internal_count=465408 119549 91902 17269 345859 15750 74633 7006 1916 67627 40514 15371 27647 2864 2061 27113 27077 14112 12507 15768 330109 25143 6216 2104 1014 1090 372 221 718 174
is_linear=0
shrinkage=0.07


Tree=78
num_leaves=31
num_cat=0
split_feature=7 12 7 11 5 8 0 4 8 12 8 0 12 6 7 9 0 5 0 4 0 7 5 0 0 0 12 11 0 5
split_gain=194.505 72.5576 24.7968 13.8297 14.7233 12.5572 13.5094 11.9965 10.4922 9.53257 14.3937 18.8987 18.7863 13.7433 12.5573 10.783 9.08524 8.48616 14.0817 11.1356 8.31293 8.28843 7.99164 10.078 9.75973 8.92524 10.5322 7.29127 7.60146 8.37994
threshold=49.693204879760749 13.500000000000002 85.794998168945327 1.0000000180025095e-35 0.47222222387790685 0.098387096077203764 87.585617065429702 1.0000000180025095e-35 0.81534090638160717 4.5000000000000009 0.19292803853750232 89.512962341308608 5.5000000000000009 50.099601745605476 53.869184494018562 1.0000000180025095e-35 75.147060394287124 1.0000000180025095e-35 52.97661209106446 1.0000000180025095e-35 93.419914245605483 52.062900543212898 0.2264957278966904 90.521114349365249 94.804317474365249 99.473682403564467 11.500000000000002 1.0000000180025095e-35 68.457099914550795 0.095454547554254546
decision_type=2 2 2 2 2 2 2 2 2 2 2 2 2 2 2 2 2 2 2 2 2 2 2 2 2 2 2 2 2 2
left_child=5 2 3 8 -5 -1 -7 27 9 17 13 12 -12 22 20 -16 -3 18 -2 -19 -15 -6 -11 -24 -25 -26 -27 28 29 -4
right_child=1 16 7 4 21 6 -8 -9 -10 10 11 -13 -14 14 15 -17 -18 19 -20 -21 -22 -23 23 24 25 26 -28 -29 -30 -31
leaf_value=-0.069050481198669716 -0.0097326592359967632 -0.019492465573255957 0.014525872871769405 -0.048081449453726582 -0.078588252329592309 -0.060704951850788162 0.038823219512996554 0.043171145673718596 0.066098835798153011 -0.054039002939965046 0.11864285963337148 0.058265005246962695 -0.0052165468803015451 -0.064657091855570836 -0.05005017558491788 0.018671391527460581 0.064333750487568314 -0.043508331904554429 0.092235138839431074 0.10215974218098786 -0.21371396346945487 -0.00040676889620808805 0.017639394933378596 -0.024195088563899347 0.055726934464305204 -0.01696534587724018 0.009815978032252079 -0.043843292981857428 0.052096613355202909 -0.050494015772611957
leaf_weight=189.97949928801972 79.975370123749599 6.7012601536698631 88.722084970679134 56.382976111432072 7.0482302601449183 15.685099870606793 11.642826519324442 97.616616078885272 12.621887761633841 11.593326639325822 6.5180352473398662 52.934132137801498 75.553011719195638 5.8642453813226876 24.48173049534671 20.603433545213193 116.03608541190624 52.409024720953312 7.2367840589140533 2.7041497793979934 2.6672119153663516 115.98910501413047 197.89973307494074 76.162295613903552 15.321907683275638 106.88190888601821 220.17799644172192 10.9501536199823 22.946392592974007 10.906812991946934
leaf_count=312255 13424 257 1760 28491 1352 18062 709 11439 1378 8141 256 6472 2469 385 1135 583 27385 10727 462 117 29 3511 7313 526 121 812 1809 210 3661 157
internal_value=-0.000761784 0.0081775 0.00359722 -0.000604361 -0.0184598 -0.0626685 -0.0183018 0.02452 0.00269289 0.00185836 0.00477188 0.0256538 0.0046203 0.000636096 -0.0333815 -0.0186452 0.059757 -0.0148593 -0.00127147 -0.0363611 -0.111257 -0.00488542 0.00354024 0.00462312 -0.00153135 0.00351017 0.00106395 0.0108846 0.0157737 0.00740786
internal_weight=1722.21 1504.91 1382.17 1151.03 179.42 217.307 27.3279 231.142 971.606 958.984 816.659 135.005 82.071 681.654 53.6166 45.0852 122.737 142.325 87.2122 55.1132 8.53146 123.037 628.037 616.444 418.544 342.382 327.06 133.525 122.575 99.6289
internal_count=465408 134382 106740 89513 33354 331026 18771 17227 56159 54781 30051 9197 2725 20854 2132 1718 27642 24730 13886 10844 414 4863 18722 10581 3268 2742 2621 5788 5578 1917
is_linear=0
shrinkage=0.07


Tree=79
num_leaves=31
num_cat=0
split_feature=6 12 6 2 5 5 6 11 2 2 5 12 5 12 12 1 0 12 5 12 2 1 5 2 1 2 0 6 2 5
split_gain=176.259 65.7032 21.3308 27.556 17.8903 12.4549 15.0147 10.5428 10.0031 9.94954 16.8655 11.352 10.5059 10.3999 8.42542 8.05979 22.942 12.1386 16.2216 16.8796 11.2716 11.0149 28.483 11.9684 10.3076 9.93748 9.8768 9.72884 9.10435 8.44019
threshold=48.397369384765632 13.500000000000002 92.356376647949233 61.257406234741218 0.58571431040763866 0.81666666269302379 68.996032714843764 1.0000000180025095e-35 84.924243927001967 96.34091949462892 0.78888890147209179 12.500000000000002 0.70714285969734203 11.500000000000002 12.500000000000002 89.512962341308608 89.022754669189467 6.5000000000000009 0.58571431040763866 9.5000000000000018 89.512962341308608 75.905715942382827 0.58571431040763866 87.007671356201186 79.337715148925795 90.595520019531264 75.905715942382827 58.079877853393562 84.273937225341811 1.0000000180025095e-35
decision_type=2 2 2 2 2 2 2 2 2 2 2 2 2 2 2 2 2 2 2 2 2 2 2 2 2 2 2 2 2 2
left_child=4 2 5 -4 -1 9 14 -6 -3 10 11 15 -13 -12 -7 16 17 21 19 -19 -20 23 28 29 -18 -21 -25 -24 -23 -2
right_child=1 8 3 -5 7 6 -8 -9 -10 -11 13 12 -14 -15 -16 -17 24 18 20 25 -22 22 27 26 -26 -27 -28 -29 -30 -31
leaf_value=-0.067397930604523523 -0.00072460121858992173 0.0060347114536629465 -0.0050701055887002727 0.046822418125616022 0.025451446129140996 0.0007255995158656236 0.063997400179941516 -0.054491294672870658 0.066798964765005145 0.0084207653179583768 -0.20259358513716635 -0.069919282486313794 0.066579394889358767 -0.017690140243328555 0.053538370452062126 0.016757262752205147 -0.014286767218515467 0.051211337106556197 0.067995783244790983 -0.025169445976782494 -0.13671521046359633 0.071980287474496502 -0.015608920069080805 0.098510534390260668 -0.058381475593934321 0.037704638467508912 -0.016728603849295972 -0.10969419668138587 0.0083232637251391926 -0.026273605956881621
leaf_weight=187.85704040445853 98.225214803649578 15.305139756528659 87.89514188747853 116.73907274473459 17.634804268134758 107.28048355341889 28.929370084544644 14.924513683770781 100.07808004505932 276.77975393511588 3.4734480925253584 21.776083806122191 3.1644583917222908 2.6109014665707946 17.170693794265389 77.380197393591516 50.075399610563181 26.818117313960101 31.57505408115685 63.886827356880531 1.3753643054515112 30.502854775171727 21.192155299999289 8.2278185085742717 53.976946554728784 15.259853126888627 6.5417900594766243 7.2201248784549525 17.226518238079734 178.48586226749467
leaf_count=326793 15839 1926 916 16353 3934 1310 3935 15132 25721 4432 44 397 41 38 413 2044 929 946 536 2677 14 739 394 359 831 188 379 130 424 37594
internal_value=-0.000724398 0.00803286 0.00371121 0.0245334 -0.0590954 3.32741e-06 0.0185717 -0.0111926 0.0587388 -0.00285679 -0.00719812 -0.00620769 -0.0526003 -0.123248 0.00801225 -0.00452584 -0.00722306 -0.00107328 0.0165547 0.00321581 0.0594511 -0.00773445 0.0159728 -0.0139273 -0.0371608 -0.013047 0.0474685 -0.0395179 0.0490052 -0.0172044
internal_weight=1689.59 1469.17 1353.79 204.634 220.416 1149.16 153.381 32.5593 115.383 995.775 718.995 712.911 24.9405 6.08435 124.451 687.97 610.59 506.538 138.915 105.965 32.9504 367.622 76.1417 291.481 104.052 79.1467 14.7696 28.4123 47.7294 276.711
internal_count=465408 119549 91902 17269 345859 74633 5658 19066 27647 68975 64543 64461 438 82 1723 64023 61979 60219 4361 3811 550 55858 1687 54171 1760 2865 738 524 1163 53433
is_linear=0
shrinkage=0.07


Tree=80
num_leaves=31
num_cat=0
split_feature=6 12 6 2 10 1 5 6 3 12 3 2 3 12 1 1 6 5 2 0 1 3 1 1 8 2 12 5 2 3
split_gain=161.763 61.1216 18.9898 25.7617 17.82 17.5189 10.9754 14.2425 11.3578 11.3697 10.8008 9.91544 11.6456 22.296 26.9439 9.83884 94.0182 9.01059 8.19502 16.534 13.6729 13.1251 15.6223 12.3347 11.9455 19.9824 10.5145 9.78009 10.6483 9.39648
threshold=48.397369384765632 13.500000000000002 92.356376647949233 75.905715942382827 1.0000000180025095e-35 62.115564346313484 0.81666666269302379 68.996032714843764 88.341892242431655 11.500000000000002 94.570026397705092 84.924243927001967 83.910789489746108 15.500000000000002 86.70682525634767 83.424911499023452 30.807500839233402 0.61250001192092907 96.34091949462892 90.521114349365249 91.331184387207045 82.793453216552749 74.601570129394545 82.413585662841811 0.32738095521926885 95.040985107421889 11.500000000000002 0.63068181276321422 95.040985107421889 85.349594116210952
decision_type=2 2 2 2 2 2 2 2 2 2 2 2 2 2 2 2 2 2 2 2 2 2 2 2 2 2 2 2 2 2
left_child=4 2 6 -4 17 -6 10 8 -8 -10 18 12 -3 14 -14 16 -7 -1 19 23 21 26 -23 -2 -24 29 -21 28 -28 -26
right_child=1 11 3 -5 5 15 7 -9 9 -11 -12 -13 13 -15 -16 -17 -18 -19 -20 20 -22 22 24 -25 25 -27 27 -29 -30 -31
leaf_value=-0.069684096506907323 -0.0064935958015887515 0.021035367421532208 0.0025983212677697654 0.053755760118422015 -0.070047166702915831 3.6191285386701781 0.057528343827876298 0.063463981666648406 -0.038042470731440542 0.01305387855063548 0.041929691124815233 0.066540342004313816 -1.1020380605875186 0.070348443123776638 0.070382789091667231 0.011042460675459166 0.11897091529248195 -0.016972001185114383 0.006570190316222066 -0.047342447358867182 0.0034728337189999393 0.12647687501078117 -0.068048254175935019 0.023283206662692867 -0.40315838191724146 -0.54993097114737144 -0.069679863783924781 0.048953041905227201 0.087595065104114744 -0.039406319667569183
leaf_weight=172.02236608980456 464.14420448301826 14.324434581445527 118.66236783470958 81.267644853331149 7.9807075350545373 0.037946852506136497 18.853684683097526 27.192366800270975 29.826840011402965 74.981046815868467 25.909145088866353 93.662253719987348 0.23810762329958457 0.5069857316557318 0.16098806774243712 6.0297589333495125 4.1607971139019355 17.507378276262898 266.65150612662546 31.644672635011375 46.83783120138105 1.9231037921272207 43.369434671709314 79.900424460473005 0.43589789047837246 0.671573529485613 9.538592667027844 15.368335059145464 2.7083098288858301 1.7252135544549672
leaf_count=321163 59624 1747 2702 14567 13834 36 236 3935 389 1098 922 25721 30 114 35 159 1721 8946 4172 566 1215 29 475 1492 21 30 93 181 20 135
internal_value=-0.000688519 0.00758544 0.00349169 0.0233928 -0.0584602 0.00768324 6.62403e-06 0.0175963 0.00751024 -0.00148742 -0.0026714 0.0580225 0.00564082 -0.237735 -0.629104 0.0683318 0.150604 -0.0648149 -0.00386899 -0.00785546 -0.0280865 -0.0418517 -0.069008 -0.00212046 -0.0771448 -0.216416 -0.0197979 0.0117657 -0.0348997 -0.112775
internal_weight=1658.24 1450.5 1341.61 199.93 207.739 18.2092 1141.68 150.854 123.662 104.808 990.828 108.893 15.2305 0.906081 0.399096 10.2285 4.19874 189.53 964.919 698.268 154.223 107.385 48.1252 544.045 46.2021 2.83268 59.2599 27.6152 12.2469 2.16111
internal_count=465408 119549 91902 17269 345859 15750 74633 5658 1723 1487 68975 27647 1926 179 65 1916 1757 330109 68053 63881 2765 1550 690 61116 661 186 860 294 113 156
is_linear=0
shrinkage=0.07


Tree=81
num_leaves=31
num_cat=0
split_feature=6 12 8 1 6 5 0 11 6 12 3 12 5 1 5 3 8 0 6 0 5 4 8 1 6 0 0 0 5 12
split_gain=150.026 57.973 17.717 16.6319 30.7693 14.7047 9.05734 8.97736 10.2773 9.36858 9.76146 8.3752 7.76479 11.3842 8.01029 11.401 8.82925 10.2664 7.73241 16.5993 7.67541 6.75763 6.5695 13.0916 6.71045 6.52422 8.40547 6.494 6.95208 11.789
threshold=46.882476806640632 13.500000000000002 0.83666664361953746 92.031745910644545 68.996032714843764 0.61250001192092907 88.273490905761733 1.0000000180025095e-35 54.007299423217781 2.5000000000000004 22.792207717895511 12.500000000000002 0.78888890147209179 90.054946899414077 0.47222222387790685 80.735492706298842 0.11834733933210374 82.167320251464858 64.536544799804702 81.120250701904311 0.81666666269302379 1.0000000180025095e-35 0.24568965286016467 71.248622894287124 61.874477386474616 87.026645660400405 86.817276000976577 95.80399322509767 0.5634920895099641 10.500000000000002
decision_type=2 2 2 2 2 2 2 2 2 2 2 2 2 2 2 2 2 2 2 2 2 2 2 2 2 2 2 2 2 2
left_child=5 2 3 7 11 -1 -3 9 -9 10 -2 -5 14 20 15 -10 -16 18 19 -18 -14 -12 -11 24 -24 26 -7 28 29 -19
right_child=1 6 -4 4 -6 25 -8 8 12 22 21 -13 13 -15 16 -17 17 27 -20 -21 -22 -23 23 -25 -26 -27 -28 -29 -30 -31
leaf_value=-0.066650287012126622 0.027944921568547526 0.004691455844552452 0.040927051977455595 -0.0025675212669176786 0.062596160150473742 -0.070172405671613605 0.06563054388933845 -0.05840170877934598 -0.048224744156768223 -0.00071032998836879956 -0.030613295564879291 0.040565208756400746 -0.11276958814152917 -0.2885164132644612 0.061722213742553302 0.044689944082649119 0.086862279498283942 0.073420466867091902 0.040324314084956098 0.71919912694675692 0.076476243173069627 0.11191526951817565 0.12987065546376803 0.044404358889356468 0.0020453006367543215 -0.0073710961331706548 1.1003483267337459 0.01007933154172027 -0.051188873631246148 -0.046759852371932545
leaf_weight=166.07535853245645 18.345694676507264 13.79353661672212 57.929066660813987 151.15605004114332 57.684436074458063 0.060678318724970093 89.468203271506354 24.975997221394209 36.440621232381091 555.86934275104431 89.512185659783427 25.827659792965278 2.7461623996496192 1.1380615653470156 11.489017836283891 7.8681685511255628 0.88216892187483498 7.1765453752595958 9.588487172033636 0.26438038144260645 1.7003505174070594 1.6602276402991254 2.0392406210885374 51.713122968329117 152.87369408493396 20.819049364770763 0.059574801998678595 35.885837425943464 27.919050774769858 9.0343905990011972
leaf_count=326858 1518 1747 6310 1814 9912 54 25903 17845 6382 19901 23957 546 39 27 314 158 76 140 107 10 44 45 189 7007 4340 8820 2 692 530 121
internal_value=-0.000685604 0.00694973 0.00306001 0.00135132 0.0181977 -0.0596805 0.0574904 -0.0024169 -0.016785 0.000501321 -0.0186434 0.00372694 -0.00995274 -0.0909642 -0.00686561 -0.0317253 0.00390811 -0.00341112 0.0608678 0.232671 -0.0404018 -0.0280179 0.0032511 0.0139082 0.00372797 -0.00440149 0.509717 -0.0120349 -0.0300178 0.00644371
internal_weight=1632 1444.98 1341.72 1283.79 234.668 187.015 103.262 1049.12 177.109 872.014 109.518 176.984 152.133 5.58457 146.549 44.3088 102.24 90.7509 10.735 1.14655 4.44651 91.1724 762.495 206.626 154.913 20.9393 0.120253 80.0158 44.13 16.2109
internal_count=465408 129674 102024 95714 12272 335734 27650 83442 26485 56957 25520 2360 8640 110 8530 6540 1990 1676 193 86 83 24002 31437 11536 4529 8876 56 1483 791 261
is_linear=0
shrinkage=0.07


Tree=82
num_leaves=31
num_cat=0
split_feature=7 12 7 1 2 8 5 12 2 6 6 12 4 11 5 2 8 2 11 5 11 6 5 7 8 7 12 2 1 8
split_gain=143.952 54.3185 17.557 26.9748 14.6831 10.9672 10.6223 10.2077 9.31968 9.01204 8.96382 8.43408 10.4569 8.37021 8.03358 16.6853 9.65521 8.09379 11.6846 7.92431 7.91503 9.67051 6.42588 6.55091 6.34153 6.22956 5.89628 5.81241 14.2321 5.73736
threshold=49.15727615356446 13.500000000000002 69.860393524169936 91.010101318359389 63.085796356201179 0.098387096077203764 0.069047622382640853 6.5000000000000009 87.007671356201186 40.868062973022468 86.180370330810561 4.5000000000000009 1.0000000180025095e-35 1.0000000180025095e-35 0.78888890147209179 93.127067565917983 0.75595238804817211 87.939392089843764 1.0000000180025095e-35 0.47222222387790685 1.0000000180025095e-35 83.75235748291017 0.47222222387790685 52.062900543212898 0.41885964572429663 68.013607025146499 13.500000000000002 63.245613098144538 43.159538269042976 0.092329546809196486
decision_type=2 2 2 2 2 2 2 2 2 2 2 2 2 2 2 2 2 2 2 2 2 2 2 2 2 2 2 2 2 2
left_child=5 2 4 9 10 26 25 -7 -3 -4 19 12 27 -9 17 16 -16 -11 -19 -2 21 -13 -22 24 -24 -6 -1 28 -8 -25
right_child=1 8 3 -5 6 7 11 13 -10 14 -12 20 -14 -15 15 -17 -18 18 -20 -21 22 -23 23 29 -26 -27 -28 -29 -30 -31
leaf_value=-0.069189937076796923 -0.054925280161418011 0.010392812139904737 0.29224570173656161 0.058597778453016711 0.085177248950137785 -0.051191191433770683 1.3211534393810127 0.082404264412176853 0.066994796608505436 0.0031831422794566461 0.027522692163964226 0.0021261129435582375 0.10943758733038243 -0.089205822858289166 -0.15017664537033176 0.0039356754198222399 -0.50695354063520026 0.05889650239981685 0.0028525571243005012 0.01369620668259868 -0.051993576856725079 0.067450530512351323 -0.069656464144221733 0.043343915409812604 -0.63863302871148186 -0.063215448460600523 0.36094679905546967 -0.044752092053417132 0.067651376571415817 -0.011481174982352767
leaf_weight=146.15475398482522 50.088687741110334 17.328156515257433 0.5440284472424527 59.048883135663345 10.399212797317885 15.20390407627565 0.050249673833603903 6.4778596273681597 80.342818522825837 279.6451750191045 10.143950275843961 691.21798897796543 2.3866941475425838 1.7740704956813713 1.6492203150410198 4.9261663530487567 0.4798077584709971 34.562704336596653 38.57136881724 9.8708827181835641 21.578753071808023 11.285686581628395 5.8169034693564745 11.269353578623848 0.097594954073428997 1.5994087760336686 0.15632385015487571 36.536811853176914 0.38014285813551396 55.000347042165231
leaf_count=309990 36565 2553 17 10976 841 16785 21 245 25091 8990 205 16257 52 579 65 512 39 6778 718 336 12445 1707 1301 835 1 55 1 9863 157 1428
internal_value=-0.000653295 0.00655866 0.00287766 0.0147425 -0.00254492 -0.0616067 1.44228e-06 -0.017171 0.0569528 0.00755667 -0.0333329 -0.000937563 -0.0325711 0.0455101 0.00712626 -0.066834 -0.230582 0.00860538 0.0293386 -0.0436284 0.000625863 0.00317555 -0.0184772 -0.00845785 -0.0790451 0.0653966 -0.0687304 -0.0417395 0.214002 -0.00215801
internal_weight=1604.59 1434.82 1337.15 419.427 917.723 169.767 847.619 23.4558 97.671 360.378 70.1035 835.621 39.3539 8.25193 359.834 7.05519 2.12903 352.779 73.1341 59.9596 796.267 702.504 93.763 72.1842 5.9145 11.9986 146.311 36.9672 0.430393 66.2697
internal_count=465408 137808 110164 28095 82069 327600 44963 17609 27644 17119 37106 44067 10093 824 17102 616 104 16486 7496 36901 33974 17964 16010 3565 1302 896 309991 10041 178 2263
is_linear=0
shrinkage=0.07


Tree=83
num_leaves=31
num_cat=0
split_feature=7 12 7 1 8 8 11 5 5 5 1 1 11 11 3 3 1 11 3 1 3 12 5 3 12 3 6 5 12 3
split_gain=132.708 50.3313 16.2866 12.2728 19.567 10.8289 10.5098 9.62376 9.44918 8.46881 8.4597 8.00155 7.31709 7.03327 6.50343 15.1785 7.22608 9.97342 5.52569 5.86042 5.18167 6.38278 5.51108 11.2803 9.87792 7.03619 6.66761 6.41665 12.8702 10.9666
threshold=49.15727615356446 13.500000000000002 92.805229187011733 69.860393524169936 0.41885964572429663 0.098387096077203764 1.0000000180025095e-35 0.47222222387790685 0.47222222387790685 0.20714285969734195 64.747306823730483 90.521114349365249 1.0000000180025095e-35 1.0000000180025095e-35 28.097587585449222 47.673160552978523 90.054946899414077 1.0000000180025095e-35 83.910789489746108 68.020618438720717 74.115688323974624 1.5000000000000002 0.76388889551162731 94.570026397705092 12.500000000000002 84.660633087158217 68.996032714843764 0.5634920895099641 6.5000000000000009 77.836257934570327
decision_type=2 2 2 2 2 2 2 2 2 2 2 2 2 2 2 2 2 2 2 2 2 2 2 2 2 2 2 2 2 2
left_child=5 2 3 6 9 -1 18 -8 -7 -5 -3 14 -10 -6 -4 -16 -17 -18 -2 -20 21 -11 23 27 25 -24 -27 -22 29 -29
right_child=1 10 11 4 13 8 7 -9 12 20 -12 -13 -14 -15 15 16 17 -19 19 -21 22 -23 24 -25 -26 26 -28 28 -30 -31
leaf_value=-0.068636995939930043 -0.0060128066025106394 -0.014159373703810221 0.052054404179805468 0.080980143119969469 0.060309454218747074 -0.062805841376649421 -0.057463378975398438 0.0050526362201928033 0.057783523595998407 -0.085566558361624898 0.062523800358256762 0.070541348498831383 -0.073472600951385941 0.0096643228158848331 -0.036081550930667422 0.035669469441275831 0.070291261054462109 -0.4002155840386562 0.11254198094937475 -0.041299632753855918 0.0052540706250425763 0.017968118416780435 0.048331728738026637 0.044815185299277173 0.048162382180321511 -0.0087963812020421858 0.055718831001132021 0.022994775227104126 -0.0054483378061723556 -0.054101119168605272
leaf_weight=136.60825771137024 368.62848330635461 7.6895241239108136 23.338111997582018 6.6459118073398704 40.849931568605825 11.088103371585023 37.925333279476035 17.695721908123232 8.9866037875181046 2.9961744447937226 84.678325957385823 18.192316667409614 2.7082950590411192 20.021748889703304 23.923400602536276 47.823386899195611 0.43880025460384686 0.44424844346940517 3.8417124298866829 1.7734238886041565 134.43752016744111 111.33643516231677 14.281909754616207 21.282014825614169 27.854927730222698 102.64458429132355 8.4994774928782117 10.896471074811414 228.3117095992493 53.08518210760667
leaf_count=309991 42939 721 302 483 9382 16622 28246 1254 284 514 26923 4263 703 877 368 5865 111 14 280 48 3191 3192 321 438 1074 1351 1154 268 2983 1246
internal_value=-0.000622985 0.00617725 0.00269996 0.000321063 0.0055376 -0.0611858 -0.00918263 -0.037574 -0.0165082 0.00232545 0.05614 0.0279769 0.0273873 0.0436514 0.0199081 0.00957857 0.0320057 -0.166414 -0.00496302 0.0639543 0.00159499 0.0152549 -0.00100236 -0.00492223 0.0104547 0.00208051 -0.00386273 -0.00740275 -0.0132241 -0.0409712
internal_weight=1578.93 1419.54 1327.17 1213.01 783.144 159.391 429.865 55.6211 22.783 722.272 92.3679 114.16 11.6949 60.8717 95.9679 72.6298 48.7064 0.883049 374.244 5.61514 715.626 114.333 601.294 448.013 153.281 125.426 111.144 426.731 292.293 63.9817
internal_count=465408 137808 110164 99241 26474 327600 72767 29500 17609 16215 27644 10923 987 10259 6660 6358 5990 125 43267 328 15732 3706 12026 8126 3900 2826 2505 7688 4497 1514
is_linear=0
shrinkage=0.07


Tree=84
num_leaves=31
num_cat=0
split_feature=7 12 7 2 10 1 5 0 1 2 11 2 1 2 5 1 5 0 11 12 12 5 5 1 0 7 5 0 10 1
split_gain=122.356 46.5795 14.6072 11.371 20.3303 10.7724 10.7322 17.3815 15.6339 9.88913 9.60894 9.50999 9.44755 6.67709 9.62558 8.53234 6.29209 11.9452 10.2146 8.50608 7.46064 15.8265 7.65845 6.56762 9.30988 10.4315 8.6223 7.70959 15.2675 7.58553
threshold=49.15727615356446 13.500000000000002 89.939987182617202 85.540069580078139 1.0000000180025095e-35 82.793453216552749 0.94444444775581371 89.022754669189467 82.793453216552749 75.582656860351577 1.0000000180025095e-35 87.007671356201186 89.512962341308608 84.273937225341811 0.58571431040763866 84.660633087158217 0.43650794029235845 81.302967071533217 1.0000000180025095e-35 5.5000000000000009 7.5000000000000009 0.58571431040763866 0.61250001192092907 68.020618438720717 67.017543792724624 58.189270019531257 0.31666667759418493 68.801231384277358 1.0000000180025095e-35 68.703357696533217
decision_type=2 2 2 2 2 2 2 2 2 2 2 2 2 2 2 2 2 2 2 2 2 2 2 2 2 2 2 2 2 2
left_child=5 2 3 6 -5 -1 7 8 16 -4 -7 -3 -9 14 -10 -16 18 19 23 -18 22 -22 -19 24 25 26 -2 28 29 -25
right_child=1 11 9 4 -6 10 -8 12 13 -11 -12 -13 -14 -15 15 -17 17 20 -20 -21 21 -23 -24 27 -26 -27 -28 -29 -30 -31
leaf_value=-0.067621643497912415 -0.061613923500338633 0.0076257875682064413 0.0074738074669502344 0.0023810495868786361 0.048514535165189311 0.033928055068192672 0.054263458555524662 -0.067684878409416449 0.096203427686476162 0.043336542393651249 -0.070871075767548017 0.066496178485044161 0.0013174157472959733 -0.021434867508655142 -0.054423217813820222 0.060399639218193232 0.087129178216288738 -0.036527561869847437 -0.049607976466169379 0.014798333684820204 -0.063529376198847229 0.05860228643040772 0.14781857766751122 0.21557776659678313 -0.048332809217751675 0.00064905303652728903 0.017481914315449324 0.012476081765754576 0.015418686247601621 0.76409556266305645
leaf_weight=132.01286620594328 26.767442769632908 16.598376688780263 88.138348934939131 604.6114693863201 50.734271025517955 10.362161132798066 13.21198258991353 36.049140048358822 14.039666254946498 65.806201939238235 7.3122447964269659 70.788711955072358 13.313483127276411 6.8392992687877259 5.423765239043858 7.6349920130742248 9.3457444784580712 46.604665165214101 36.461389793694252 53.989952552772593 7.9459113152115632 15.039372179366181 1.1310529569163907 0.24365276910248457 33.149054052482825 141.14860071137082 9.0319228302687389 29.481735062465305 0.96679176291218027 0.25059648364549503
leaf_count=316140 25741 2553 2055 11429 7343 1941 847 1102 418 11906 9519 25091 406 133 104 176 385 1799 29018 1519 223 304 15 55 4897 7120 1149 1968 29 23
internal_value=-0.00058745 0.00582342 0.00254044 -0.000140847 0.00595252 -0.0607506 -0.00800052 -0.00966287 -0.00529592 0.0228039 -0.00942938 0.0553143 -0.0490744 0.0403691 0.0559677 0.0127096 -0.00906153 0.0033913 -0.0150773 0.0254714 -0.016383 0.0163819 -0.0321597 -0.00985396 -0.0142883 -0.00791046 -0.0416586 0.0202545 0.177211 0.49369
internal_weight=1554.43 1404.75 1317.36 1163.42 655.346 149.687 508.07 494.858 445.496 153.945 17.6744 87.3871 49.3626 33.9377 27.0984 13.0588 411.558 134.057 277.501 63.3357 70.721 22.9853 47.7357 241.04 210.097 176.948 35.7994 30.9428 1.46104 0.494249
internal_count=465408 137808 110164 96203 18772 327600 77431 76584 75076 13961 11460 27644 1508 831 698 280 74245 4245 70000 1904 2341 527 1814 40982 38907 34010 26890 2075 107 78
is_linear=0
shrinkage=0.07


Tree=85
num_leaves=31
num_cat=0
split_feature=7 12 8 2 9 5 5 8 2 6 7 7 8 2 8 6 5 11 2 6 12 7 6 5 11 2 6 5 5 2
split_gain=112.619 43.359 14.0326 12.1001 20.0491 11.0685 18.4902 10.334 9.40958 7.71984 10.8278 6.56138 6.70555 6.05538 5.82684 5.80341 5.36858 5.05507 4.81495 10.1008 4.61751 4.44735 7.91224 5.08969 5.61551 4.45303 4.95492 4.4244 12.5557 12.5615
threshold=48.397369384765632 13.500000000000002 0.83666664361953746 85.540069580078139 1.0000000180025095e-35 0.84523808956146251 0.73214286565780651 0.13840996474027636 87.007671356201186 48.397369384765632 65.396709442138686 84.016807556152358 0.48999999463558203 60.120481491088874 0.12060606107115747 85.349594116210952 0.81666666269302379 1.0000000180025095e-35 86.72955703735353 97.067424774169936 13.500000000000002 85.794998168945327 82.78556060791017 0.47222222387790685 1.0000000180025095e-35 39.250699996948249 87.545619964599624 0.31666667759418493 1.0000000180025095e-35 63.453348159790046
decision_type=2 2 2 2 2 2 2 2 2 2 2 2 2 2 2 2 2 2 2 2 2 2 2 2 2 2 2 2 2 2
left_child=7 2 3 5 15 6 9 20 18 10 -2 -8 -13 -4 -6 -5 17 -17 -3 -20 -1 27 -23 24 25 26 -24 28 29 -11
right_child=1 8 13 4 14 -7 11 -9 -10 21 -12 12 -14 -15 -16 16 -18 -19 19 -21 -22 22 23 -25 -26 -27 -28 -29 -30 -31
leaf_value=-0.067663545040343345 -0.061107741423270134 0.010822665012327178 0.013188436904267655 0.0014785533845034517 -0.02350274187645093 0.054242672845305505 -0.079056229436139838 0.0084122810894461091 0.06621646572677467 -0.013010265718042337 0.16260868494753494 -0.08910565964706231 -0.38536728754321448 0.060610188096418605 0.05287078816209529 0.061894209013148335 0.070499014511405805 -0.0015554589476785485 0.070225567838193559 -1.0880453239211925 0.27995694601850796 0.067692607584474859 0.050558961862340698 0.037383764413971989 -0.068402967683175733 0.013887206924312905 -0.03409577418859621 -0.002764175962501109 -0.044252022688100037 0.057655738610442354
leaf_weight=124.64227993242093 19.323300312680662 16.340673662256453 25.659743001218885 585.94152244084398 5.3844842903199597 14.1956418970949 8.4240084420889598 9.5492396836343669 66.319332335144281 83.721439900051337 1.1216183501528565 0.74449118459597119 0.75296343001537025 27.159593081334606 53.834103236207739 8.1279263549949956 10.865792050026355 25.317769367713481 0.094700016081332161 0.060436095576733351 0.18751922249793906 9.8457004136871529 3.9519000910222557 16.231036216253415 6.4231542171910396 43.560731278732419 23.738439435139298 268.73716934776166 55.541573539696401 14.453797371446852
leaf_count=315313 32160 2502 332 9872 134 1165 114 4012 25093 12687 182 9 40 5978 10145 1735 2163 833 30 21 1 198 28 1305 107 1139 160 11501 25849 600
internal_value=-0.00056827 0.00532377 0.00222545 0.000743969 0.00698472 -0.00679469 -0.00835148 -0.0617724 0.0544487 -0.00663262 -0.0488345 -0.103057 -0.238075 0.0375726 0.0459265 0.00332575 0.0277517 0.013864 0.00713774 -0.381 -0.0671413 -0.00499292 0.00799275 0.00173339 -0.00571621 -6.51164e-05 -0.022014 -0.00818209 -0.017654 -0.0026065
internal_weight=1530.25 1395.87 1313.06 1260.24 689.472 570.767 556.571 134.379 82.8151 546.65 20.4449 9.92146 1.49745 52.8193 59.2186 630.253 44.3115 33.4457 16.4958 0.155136 124.83 526.205 103.751 93.9053 77.6742 71.2511 27.6903 422.454 153.717 98.1752
internal_count=465408 146082 118436 112126 24882 87244 86079 319326 27646 85916 32342 163 49 6310 10279 14603 4731 2568 2553 51 315314 53574 2937 2739 1434 1327 188 50637 39136 13287
is_linear=0
shrinkage=0.07


Tree=86
num_leaves=31
num_cat=0
split_feature=7 12 7 1 2 0 2 1 3 12 7 6 12 2 7 2 7 6 6 2 2 3 1 3 4 5 0 6 7 1
split_gain=103.772 40.0358 12.5486 20.2713 18.6665 10.5666 9.29473 9.0521 8.16981 8.57387 16.6491 8.15566 7.26518 14.7442 8.08758 7.8798 8.95324 6.85572 11.0053 10.3949 6.87911 9.28561 6.67642 7.27689 9.94676 7.43932 6.65385 7.04131 6.57423 9.01249
threshold=48.397369384765632 13.500000000000002 64.722881317138686 91.010101318359389 63.085796356201179 42.94755935668946 84.924243927001967 89.009658813476577 83.910789489746108 15.500000000000002 92.340286254882827 61.874477386474616 12.500000000000002 97.01425933837892 90.336727142333999 92.031745910644545 83.177082061767592 50.099601745605476 55.468318939208991 91.734970092773452 64.346244812011733 68.783603668212905 80.901721954345717 77.836257934570327 1.0000000180025095e-35 0.5634920895099641 72.04651260375978 64.536544799804702 98.421009063720717 82.793453216552749
decision_type=2 2 2 2 2 2 2 2 2 2 2 2 2 2 2 2 2 2 2 2 2 2 2 2 2 2 2 2 2 2
left_child=7 2 4 11 -2 -6 8 -1 -3 10 -10 -4 -13 14 15 -14 -17 -7 -19 20 21 -20 23 24 -22 26 27 -26 -16 -30
right_child=1 6 3 -5 5 17 -8 -9 9 -11 -12 12 13 -15 28 16 -18 18 19 -21 22 -23 -24 -25 25 -27 -28 -29 29 -31
leaf_value=-0.066672843681633079 -0.044275075920657138 0.017894847730104975 0.045675206236549387 0.048291821754727612 0.12231828437293105 0.0020650327002924339 0.064963379572009095 0.0035745602277286875 -0.078277781128594348 0.070284158739757852 -0.80173972393952497 0.0049814821021211091 -0.08005575199478808 0.03799872157020482 0.072959689985441709 -0.15079126406683016 -0.43050839050385981 -0.050944601974836648 0.050868920176635246 0.026452216282514523 -0.073677147164837448 0.51407535867211474 0.0079393926547812847 -0.095190144313106184 -0.058357825747254288 0.082241046535908344 -0.050823700758222214 0.09385774902051075 0.070835989146159017 -0.53668547417965307
leaf_weight=116.60335010362905 50.753159282816341 13.328358443686737 23.402978717407677 62.428935674251989 3.4200356359360731 633.06343414689763 64.145080040674657 9.7392075926181843 0.44230130454525241 0.41469264263287187 0.24068497307598591 380.08782195637468 3.5162129104137403 5.9548116261139503 1.7121023130603137 1.7285871217027309 0.82991260546259571 32.292592141719069 2.1470620556792706 35.673621082911268 13.093645910208577 0.23529914114624251 21.099405315006152 9.2338175525655952 2.3331456127925838 4.6277595749124876 10.95550295372959 4.116420584556181 0.24967199121601868 0.22976057440973818
leaf_count=313560 39455 1747 1813 12081 411 34845 25720 5766 36 114 29 17884 156 674 185 53 37 5139 320 1321 1091 20 545 305 1040 107 677 192 42 43
internal_value=-0.000533107 0.00501932 0.00209359 0.0110869 -0.00315285 -0.000450398 0.0535457 -0.0612578 0.00277735 -0.180784 -0.333226 0.00552646 0.00314356 -0.0459788 -0.106474 -0.148062 -0.241524 -0.000996488 -0.0152676 -0.00413787 -0.0202232 0.0966185 -0.0244755 -0.0398933 -0.0253572 0.00335832 -0.0176155 0.0387934 0.00880253 -0.220309
internal_weight=1508.1 1381.76 1303.19 480.141 823.045 772.292 78.5711 126.343 14.426 1.09768 0.682986 417.712 394.309 14.2211 8.26625 6.07471 2.5585 768.872 135.808 103.516 67.8421 2.38236 65.4597 44.3603 35.1265 22.0328 17.4051 6.44957 2.19153 0.479433
internal_count=465408 146082 118436 32968 85468 46013 27646 319326 1926 179 65 20887 19074 1190 516 246 90 45602 10757 5618 4297 340 3957 3412 3107 2016 1909 1232 270 85
is_linear=0
shrinkage=0.07


Tree=87
num_leaves=31
num_cat=0
split_feature=7 12 7 11 7 0 1 5 1 1 6 0 0 6 4 0 0 1 5 11 6 6 5 6 11 7 12 5 1 0
split_gain=95.4164 36.9784 11.7867 9.55653 11.0747 9.16244 8.86643 7.92987 7.4956 7.36916 25.0449 11.1794 8.21492 8.13231 7.36897 6.89816 6.52421 12.4027 6.3585 7.65976 12.7655 6.234 6.22057 5.85858 5.64518 5.61673 7.81174 5.30801 6.5766 4.72938
threshold=48.397369384765632 13.500000000000002 92.805229187011733 1.0000000180025095e-35 52.470642089843757 92.031745910644545 89.009658813476577 0.47222222387790685 90.521114349365249 76.63120269775392 64.536544799804702 85.145786285400405 88.067794799804702 50.099601745605476 1.0000000180025095e-35 86.70682525634767 86.70682525634767 78.611557006835952 0.73214286565780651 1.0000000180025095e-35 91.693202972412124 43.256237030029304 0.080128207802772536 68.996032714843764 1.0000000180025095e-35 68.013607025146499 6.5000000000000009 0.58571431040763866 79.337715148925795 83.09690093994142
decision_type=2 2 2 2 2 2 2 2 2 2 2 2 2 2 2 2 2 2 2 2 2 2 2 2 2 2 2 2 2 2
left_child=6 2 3 9 -5 -3 -1 22 18 -2 11 27 16 -13 -9 -15 -12 -18 -4 -20 -21 -8 -6 -19 -23 -17 -27 -11 29 -29
right_child=1 5 8 4 7 -7 21 14 -10 10 12 13 -14 15 -16 25 17 23 19 20 -22 24 -24 -25 -26 26 -28 28 -30 -31
leaf_value=-0.066329042934762758 -0.003545240504096788 0.0063601124347874545 0.021088555570047268 -0.066741822494153571 0.039613125792408617 0.065617614351439091 -0.050979536198210051 -0.045148464452980826 0.070472351061183797 0.053235020650839508 0.026268873360936494 0.0019721876409928931 0.063459043199848672 0.10111232110366794 0.0059237474504175479 -0.056441902577231716 -0.32090462029432859 -0.21242936351105249 0.036571411895146948 0.072791727377564869 -0.25881600921879233 0.10739556947451172 -0.043965139945556973 0.071009201184535936 -0.064978847658969108 -0.20560182951080261 0.081606496087361771 -0.00018733478346085063 -0.033870954155611262 0.15946743670328656
leaf_weight=109.26422518622712 478.87312263951753 16.377995832357556 86.40195848653093 17.911318353901152 4.9120416369696605 58.290253003593534 5.0247139117564057 15.74835127382539 14.842596782837061 29.630435968982056 12.215651840902863 384.63889310095692 48.858485693344846 1.6927905343472982 114.42432808887679 24.347921474371109 0.82115461560897474 0.46988192200660694 2.0639745325315735 0.86525479890406165 1.6604120749980209 3.4574455210240558 39.07739935212885 1.4917971165850756 1.2739902539760803 0.54812390310689751 3.0247124787420034 1.8570048858528019 8.8232511870446597 1.7811838511843232
leaf_count=313560 49194 3053 6041 21163 1107 24593 5301 571 4263 474 1217 3395 10628 16 3545 358 17 7 550 26 43 66 15310 260 399 14 114 30 82 11
internal_value=-0.000498513 0.00471833 0.0019606 -2.84979e-05 -0.0143283 0.0526199 -0.06062 -0.00893797 0.0243476 0.00272066 0.00848876 0.00274323 0.0495483 -0.000749205 -0.000254992 -0.0360963 0.00423334 -0.0924948 0.0168237 -0.0634636 -0.145212 0.00331835 -0.0346324 0.00311703 0.0609819 -0.0444151 0.0375447 0.0371145 -0.00121647 0.0779764
internal_weight=1490.67 1371.65 1296.98 1191.15 192.073 74.6682 119.02 174.162 105.834 999.074 520.201 456.344 63.857 414.252 130.173 29.6135 14.9985 2.78283 90.9916 4.58964 2.52567 9.75615 43.9894 1.96168 4.73144 27.9208 3.57284 42.0919 12.4614 3.63819
internal_count=465408 146082 118436 107513 41696 27646 319326 20533 10923 65817 16623 4494 12129 3897 4116 502 1501 284 6660 619 69 5766 16417 267 465 486 128 597 123 41
is_linear=0
shrinkage=0.07


Tree=88
num_leaves=31
num_cat=0
split_feature=7 12 7 2 2 9 5 0 1 3 5 3 0 0 3 2 3 5 1 5 1 4 9 5 5 3 0 12 1 1
split_gain=87.9234 34.0294 10.4401 9.15392 8.62784 15.941 8.6971 15.4408 12.5796 8.6441 11.6134 19.4859 11.3435 9.21779 11.2114 11.2819 10.6555 9.05742 8.63767 8.45813 15.3601 12.6933 14.4462 11.9451 15.0258 11.3927 10.6137 10.7695 8.44623 8.32532
threshold=48.397369384765632 13.500000000000002 92.805229187011733 87.007671356201186 85.540069580078139 1.0000000180025095e-35 0.94444444775581371 89.022754669189467 82.793453216552749 81.53021621704103 0.43650794029235845 72.481884002685561 86.319076538085952 83.424911499023452 63.859338760375984 69.282051086425795 61.462299346923835 0.58571431040763866 89.512962341308608 1.0000000180025095e-35 51.808279037475593 1.0000000180025095e-35 1.0000000180025095e-35 0.31666667759418493 0.38750000298023229 76.028167724609389 73.746868133544936 12.500000000000002 89.009658813476577 47.124916076660163
decision_type=2 2 2 2 2 2 2 2 2 2 2 2 2 2 2 2 2 2 2 2 2 2 2 2 2 2 2 2 2 2
left_child=28 2 4 -3 6 -6 7 8 9 10 19 12 13 14 -12 -16 -15 -17 -9 20 -2 -21 23 25 29 -23 27 -24 -1 -25
right_child=1 3 -4 -5 5 -7 -8 18 -10 -11 11 -13 -14 16 15 17 -18 -19 -20 21 -22 22 26 24 -26 -27 -28 -29 -30 -31
leaf_value=-0.065960979228402397 -0.0072707063451335971 0.0052770449046574538 0.023107299306357406 0.06528848544931512 0.0022045243442376 0.043437817445343051 0.051074418754457243 -0.063116727651338508 0.036506583506617278 -0.060804188354977876 0.055175553957447367 -0.026487675125042694 -0.054440695825292477 -0.055404704372340706 -0.069996316962703739 -0.008981384960326971 0.13392343926458025 0.092576225522276498 0.0014576915856923034 -0.052928048856143405 0.081931907578436505 -0.069611207688293764 0.071660629881966378 0.11407355090282606 -0.060039849615754176 0.26805460327253094 -0.04389104101838924 -0.17149408260084892 0.0031415028477981438 0.0090064538451342501
leaf_weight=102.42604066291824 128.87881297507556 16.118420683313161 104.00765714934096 54.794998552883044 610.27711992984405 49.682935946184443 12.461568773956968 36.120661646098597 34.570167861034861 14.34811601412366 37.517553219309775 41.828460581746185 6.7906793701113193 1.7565327463962592 8.6234230761474482 12.273479488678278 8.5301820231834409 6.6261463229020583 14.117137526627628 51.350542211264838 10.207995205273617 26.229154770931931 18.761126353114385 4.2770693617058013 15.993070174532475 0.49891998368548129 6.3637035658757659 0.93712137208785762 9.4682381486927607 27.173573012842098
leaf_count=313560 17928 2553 10923 25093 12919 8636 971 1230 949 564 1067 1721 270 111 318 462 306 164 472 21465 886 27445 936 555 3368 43 299 15 5766 4413
internal_value=-0.000466346 0.00443713 0.00184227 0.0516481 -2.22818e-05 0.00530864 -0.00670787 -0.00810938 -0.00411435 -0.00738797 -0.00553947 0.0124011 0.0322099 0.0400214 0.0302832 -0.00364847 0.101594 0.0266244 -0.0449709 -0.0131896 -0.000723861 -0.0246276 -0.0101291 -0.0258817 -0.00479692 -0.0633082 0.0347025 0.0600928 -0.0601137 0.0232949
internal_weight=1473.01 1361.12 1290.2 70.9134 1186.2 659.96 526.235 513.774 463.536 428.966 414.618 123.946 82.118 75.3273 65.0406 27.523 10.2867 18.8996 50.2378 290.671 139.087 151.584 100.234 74.1718 47.4437 26.7281 26.062 19.6982 111.894 31.4506
internal_count=465408 146082 118436 27646 107513 21555 85958 84987 83285 82336 81772 4419 2698 2428 2011 944 417 626 1702 77353 18814 58539 37074 35824 8336 27488 1250 951 319326 4968
is_linear=0
shrinkage=0.07


Tree=89
num_leaves=31
num_cat=0
split_feature=7 12 8 8 1 5 8 11 7 5 1 0 1 12 1 1 1 0 0 0 1 8 0 7 8 8 8 1 8 5
split_gain=80.7436 31.2875 11.1942 11.136 9.15989 9.15116 13.4645 8.21888 9.37055 8.35596 6.34036 6.00613 9.24751 5.76916 5.58402 5.31405 5.19616 4.94688 9.8034 8.59338 7.80536 8.41283 7.53064 5.40604 5.22239 7.99787 4.82138 4.81441 20.2905 8.03563
threshold=48.397369384765632 13.500000000000002 0.13840996474027636 0.83666664361953746 86.70682525634767 0.81666666269302379 0.28869047760963445 1.0000000180025095e-35 54.589801788330085 0.78888890147209179 94.804317474365249 51.89995193481446 35.043859481811531 12.500000000000002 92.031745910644545 82.413585662841811 68.870674133300795 85.880397796630874 95.293468475341811 92.893215179443374 90.054946899414077 0.13423423469066623 93.127067565917983 77.204086303710952 0.41885964572429663 0.36602871119976049 0.13188406080007556 67.769271850585952 0.55050507187843334 0.47222222387790685
decision_type=2 2 2 2 2 2 2 2 2 2 2 2 2 2 2 2 2 2 2 2 2 2 2 2 2 2 2 2 2 2
left_child=2 3 -1 5 -3 7 13 10 -9 16 -2 12 -5 14 -7 -11 27 23 19 20 21 26 -21 -18 25 -23 -19 29 -29 -10
right_child=1 4 -4 11 -6 6 -8 8 9 15 -12 -13 -14 -15 -16 -17 17 18 -20 22 -22 24 -24 -25 -26 -27 -28 28 -30 -31
leaf_value=-0.066278584466183371 5.805115547382767e-05 0.016519397088187501 0.016299804285884484 0.036184890647965089 0.070157206232617397 0.059103114549001537 0.067234176226075984 -0.059712486425427452 -0.044390528118161077 -0.26383569116293509 0.043270524345168912 0.061421645625856822 -0.058221816702097605 0.046029990651593931 -0.0018913534285746878 -0.065903967759673832 -0.00015675518062448692 0.029709273366143304 0.015769456671081126 -0.21757850343082305 0.05045316109908643 -0.055097591753078691 -0.058406375563973843 0.06227981398189722 0.014312292775187059 -0.22624952018553349 0.28817484854636494 -0.057597798707402371 -0.67884595147626048 0.024671998984871282
leaf_weight=96.764267846127041 881.36008720195969 24.519175451016054 8.7730119471380004 19.982619353570048 42.890348362503573 7.8989061268512151 21.895937810651958 20.795006476953859 23.820046156848548 0.76373858284205098 16.957767707062885 22.159112988039851 6.8190692074131212 16.981016595906112 106.74071357375942 5.1226609582081437 15.738382696144983 4.4230622097384211 43.895122934016399 1.9362740188953456 6.8277456335490561 15.739343952620407 5.8772462527849711 11.958100251387803 4.6014123726636162 1.4621304161846627 0.38437228079419572 3.4551201369322366 0.27836216241121281 12.633698944177011
leaf_count=315314 60910 7098 4012 301 20548 81 6111 26683 10002 9 1364 5797 212 651 2068 128 1243 324 957 32 123 285 156 135 94 9 18 281 5 457
internal_value=-0.000451034 0.00416557 -0.0594141 0.00171864 0.0506473 0.000417065 0.0164071 -0.00185999 -0.0155252 -0.00974306 0.000873784 0.0344582 0.0121653 0.00795165 0.00231129 -0.0915849 -0.00659497 0.00110266 -0.00725634 -0.0317577 -0.0163136 -0.0334448 -0.0978509 0.0268006 -0.0519266 -0.0696456 0.0503746 -0.0282094 -0.103917 -0.0204557
internal_weight=1453.45 1347.92 105.537 1280.51 67.4095 1231.55 153.517 1078.03 179.712 158.917 898.318 48.9608 26.8017 131.621 114.64 5.8864 153.03 112.843 85.1467 41.2516 33.4381 26.6103 7.81352 27.6965 21.8029 17.2015 4.80743 40.1872 3.73348 36.4537
internal_count=465408 146082 319326 118436 27646 112126 8911 103215 40941 14258 62274 6310 513 2800 2149 137 14121 3376 1998 1041 853 730 188 1378 388 294 342 10745 286 10459
is_linear=0
shrinkage=0.07


Tree=90
num_leaves=31
num_cat=0
split_feature=7 12 8 8 2 2 5 12 4 6 6 5 8 2 12 2 2 6 6 11 2 6 8 7 4 8 7 5 6 6
split_gain=74.2745 28.7036 10.7695 10.0217 9.17493 8.43563 21.8341 12.6741 11.8387 10.4254 10.344 13.4242 8.79749 17.0439 5.95476 14.2185 5.8877 5.27452 6.79674 5.71906 5.25779 5.25219 6.3386 4.80509 4.72413 6.82607 4.80221 4.7152 5.97985 7.68615
threshold=48.397369384765632 13.500000000000002 0.13840996474027636 0.83666664361953746 87.007671356201186 69.504829406738295 0.087121214717626586 4.5000000000000009 1.0000000180025095e-35 92.356376647949233 59.711856842041023 0.47222222387790685 0.30217391252517706 45.867485046386726 5.5000000000000009 71.010189056396499 60.120481491088874 95.529048919677749 96.315685272216811 1.0000000180025095e-35 70.659969329833999 97.309360504150405 0.48999999463558203 94.923065185546889 1.0000000180025095e-35 0.13188406080007556 59.163263320922859 0.94444444775581371 43.256237030029304 44.713190078735359
decision_type=2 2 2 2 2 2 2 2 2 2 2 2 2 2 2 2 2 2 2 2 2 2 2 2 2 2 2 2 2 2
left_child=2 3 27 5 -3 10 -7 8 -8 14 11 12 -2 -14 15 20 -5 19 -19 24 -9 23 -23 -20 26 -26 -12 -1 -29 -30
right_child=1 4 -4 16 -6 6 7 9 -10 -11 17 -13 13 -15 -16 -17 -18 18 21 -21 -22 22 -24 -25 25 -27 -28 28 29 -31
leaf_value=-0.069328522705252693 -0.060580820472507749 0.002953170784867295 0.015090543238179058 0.0093221824827705718 0.064617638474762026 0.068278965621615395 -0.044902144327291546 0.16702455278792155 0.098211372986692594 0.037122499469890963 -0.059262711832916891 0.0042775277265626041 -0.070164397190564221 1.7593969820088338 0.00069761646917224172 0.019033373149478543 0.058710513354741964 -0.087285037960037157 0.070135889874174628 -0.039372455674287217 0.5152223576256324 0.043890741487137619 -0.053207728281779769 -0.042901741871125193 0.2433767260740797 0.030881565392370629 0.0051215349508080743 -0.046908482628926267 0.49294348148754036 0.049623891369492107
leaf_weight=86.79253658131347 41.611577038333053 15.630403812043367 8.811262759176314 24.451648619957268 48.537089186836965 24.796206928935135 40.870739277714165 1.9088341912429343 3.0431974884122601 43.097038159146905 5.9526278622506643 27.199563694011886 0.071718590741510435 0.038260181667283177 819.22006280955975 28.543094066611957 22.908629807177931 7.2862782345619044 5.829740223707633 14.320780281326732 0.23911265525384795 4.2328219255432513 14.857795142102985 2.6943130323197693 0.77204110193997877 18.273297624662519 122.35709460987709 2.6924966138321902 0.24368141978629843 0.89719872441492043
leaf_count=312577 50233 2553 4012 332 25093 1990 7742 164 206 8645 1750 994 36 20 32246 1368 5978 107 92 1651 21 43 215 45 28 664 3866 2545 76 116
internal_value=-0.000420321 0.00391516 -0.0587898 0.00161534 0.0495969 0.000395985 0.00344531 0.00172944 -0.0349845 0.00353486 -0.0106496 -0.0339843 -0.0589283 0.566316 0.00183171 0.0321035 0.0332118 -0.00246835 -0.0271473 0.0028591 0.205786 -0.0112797 -0.0316788 0.0344066 0.0069634 0.0394955 0.00213458 -0.0659729 0.0100023 0.144313
internal_weight=1438.18 1338.74 99.4372 1274.58 64.1675 1227.22 961.718 936.922 43.9139 893.008 265.498 68.9211 41.7216 0.109979 849.911 30.691 47.3603 196.577 34.9009 161.676 2.14795 27.6147 19.0906 8.52405 147.355 19.0453 128.31 90.6259 3.83338 1.14088
internal_count=465408 146082 319326 118436 27646 112126 52382 50392 7948 42444 59744 51283 50289 56 33799 1553 6310 8461 502 7959 185 395 258 137 6308 692 5616 315314 2737 192
is_linear=0
shrinkage=0.07


Tree=91
num_leaves=31
num_cat=0
split_feature=7 7 2 11 8 2 6 5 8 5 5 11 7 5 7 6 8 2 2 0 0 0 2 6 5 0 7 7 7 2
split_gain=68.3671 17.2925 27.3349 23.397 10.3878 9.02512 8.28559 7.08531 6.90241 6.42293 12.6068 5.80054 6.58166 4.98605 7.34258 5.2194 11.7874 15.7537 10.3251 8.39184 6.7657 8.56917 5.89091 5.8321 5.52172 5.94965 5.49706 24.6179 5.46505 5.10377
threshold=48.397369384765632 69.860393524169936 87.939392089843764 1.0000000180025095e-35 0.13840996474027636 63.085796356201179 68.996032714843764 0.47222222387790685 0.45804196596145635 0.81666666269302379 0.78888890147209179 1.0000000180025095e-35 52.062900543212898 0.074175827205181136 68.013607025146499 50.099601745605476 0.16064515709877017 90.595520019531264 64.346244812011733 90.521114349365249 91.331184387207045 91.024166107177749 95.713413238525405 56.021978378295906 0.63068181276321422 86.526824951171889 58.189270019531257 58.674652099609382 58.189270019531257 85.540069580078139
decision_type=2 2 2 2 2 2 2 2 2 2 2 2 2 2 2 2 2 2 2 2 2 2 2 2 2 2 2 2 2 2
left_child=4 5 9 -4 -1 6 7 -2 11 10 -3 13 -13 14 -7 19 23 18 -18 22 21 29 26 -17 25 -25 -15 -28 -27 -21
right_child=1 2 3 -5 -6 8 -8 -9 -10 -11 -12 12 -14 15 -16 16 17 -19 -20 20 -22 -23 -24 24 -26 28 27 -29 -30 -31
leaf_value=-0.065732031815610187 -0.061908623595533605 0.0022885931666366708 0.062026616963964672 0.0037012775067830662 0.013974940421368893 0.07819204681482296 0.0079426956128247263 0.0098213837693433732 0.050322161366526397 0.066435877673319557 -0.18077700764898788 -0.06753740846435248 -0.010377963741128286 0.011929338731413674 -0.15024991112824215 -0.081561475254116056 0.14110456783126882 0.051699505732809091 -0.024970205647428186 -0.098816717776581964 -0.00061867459359918743 -0.12378917619176309 0.096861672398403875 0.0044310159894469063 0.047798375147753022 -0.1723736553340936 0.7861979664089942 0.03983919448768173 -0.029040991798134314 0.0073465409054688634
leaf_weight=84.835815354934311 31.476338421140099 281.79959887429141 89.656490428023972 53.998428260441869 8.8472711998911091 7.209306876116897 20.776263622858096 8.5888809580937941 13.144064815016462 7.5673221825854844 1.8554065406788129 11.236708556272786 81.207354040729115 193.49032173139858 0.76233826158568252 15.065021021611757 1.9012287476798508 21.510441807680763 52.153806381305913 2.8171218425850411 396.22621023992542 4.867088178638368 4.2096491970005436 5.4587947388936282 4.2373786489479235 2.5858831759542227 0.24416040687356089 1.9146908078109843 2.6283322060480714 10.449218164198099
leaf_count=315314 39405 11327 37489 2114 4012 471 1345 349 2692 2227 66 11643 11906 14898 26 1262 134 2403 1941 39 3332 39 26 369 118 20 48 279 36 78
internal_value=-0.000408352 0.00366567 0.0151151 0.0401027 -0.0582046 -0.00190277 -0.0279297 -0.0465317 -2.52109e-06 0.00278911 0.00109115 -0.000809021 -0.0173258 0.00128911 0.0563459 0.000679334 -0.0137009 0.00103301 -0.019129 0.00315028 -0.0025322 -0.0443438 0.0149316 -0.0508438 -0.0198076 -0.0466485 0.0131687 0.12425 -0.100124 -0.0151973
internal_weight=1422.72 1329.04 434.877 143.655 93.6831 894.161 60.8415 40.0652 833.319 291.222 283.655 820.175 92.4441 727.731 7.97165 719.759 105.541 75.5655 54.055 614.218 414.36 18.1334 199.859 29.9754 14.9104 10.673 195.649 2.15885 5.21422 13.2663
internal_count=465408 146082 53223 39603 319326 92859 41099 39754 51760 13620 11393 49068 23549 25519 497 25022 6283 4478 2075 18739 3488 156 15251 1805 543 425 15225 327 56 117
is_linear=0
shrinkage=0.07


Tree=92
num_leaves=31
num_cat=0
split_feature=7 12 8 1 8 5 8 1 2 1 8 11 7 5 2 8 2 1 12 12 12 2 1 1 1 0 1 7 8 2
split_gain=62.8057 24.2222 10.004 9.53356 8.55334 7.5758 12.1264 6.68294 6.6536 7.4926 23.0464 6.33742 8.56024 6.64558 6.13267 18.2641 5.56744 7.03465 5.83536 8.13188 5.21728 5.01072 6.66318 5.49786 4.97323 4.93667 4.9332 4.88462 4.72654 7.04296
threshold=48.397369384765632 13.500000000000002 0.13840996474027636 86.70682525634767 0.83666664361953746 0.81666666269302379 0.28869047760963445 96.720428466796889 96.824596405029311 86.391696929931655 0.78019323945045482 1.0000000180025095e-35 55.585266113281257 0.78888890147209179 96.60919570922853 0.70710784196853649 65.142410278320327 26.747966766357425 8.5000000000000018 7.5000000000000009 12.500000000000002 65.599384307861342 28.730158805847172 88.273490905761733 92.031745910644545 29.128787994384769 99.473682403564467 85.794998168945327 0.54006412625312816 95.861873626708999
decision_type=2 2 2 2 2 2 2 2 2 2 2 2 2 2 2 2 2 2 2 2 2 2 2 2 2 2 2 2 2 2
left_child=2 4 26 8 5 7 20 11 9 14 -11 -2 -13 21 -3 -16 17 -6 19 25 24 22 27 -24 -7 -19 -1 -14 29 -15
right_child=1 3 -4 -5 16 6 -8 -9 -10 10 -12 12 13 28 15 -17 -18 18 -20 -21 -22 -23 23 -25 -26 -27 -28 -29 -30 -31
leaf_value=-0.069198830929342398 0.00016915197609429115 -0.004136368327463902 0.01294527681785366 0.070132640530648271 0.055342022022907868 0.056707146527176774 0.066774604689360903 0.06675919055849748 0.062861537872160131 0.070724192633258742 -1.1476924734154093 -0.056320704776021635 -0.070764417449601325 -0.14232618152341309 0.070125323227187356 -1.7802381934496962 0.059786726661040727 -0.13331146560116658 0.079106034713885165 -0.1316457766255876 0.044418162358945662 -0.0019042939961646625 -0.060769281404490616 0.34523196981352056 -0.0018400624158056314 0.013488659678585976 0.014394595593444415 0.77989703714592118 -0.20518887973122452 0.026581373911163018
leaf_weight=75.877819655070198 885.73781870974926 14.138341013458556 8.8811358995444589 35.617113003507257 10.220342431217434 7.6178730939864172 19.32773044903297 6.9247413650155059 8.130276130512355 0.22517607407644469 0.11487689078785479 21.022125563395093 0.0555759736453173 2.2100559866521499 0.084572605905123832 0.037830492365173995 19.273368800291792 1.2912305966019619 2.4885988696478298 3.3682321058586231 16.28986182261724 135.37071482941974 11.5586961460649 0.16577515006065446 106.47210522514069 8.5886590760201198 3.6244760794215827 0.081699401140213013 1.195182363502681 2.6722200228832662
leaf_count=312616 61792 2551 4012 20548 171 81 6111 521 4375 73 29 28705 57 22 48 22 5863 11 102 41 651 7098 4904 2 2068 122 2698 1 32 81
internal_value=-0.000389606 0.00343464 -0.0575166 0.0475283 0.00139588 0.000284732 0.0150309 -0.00178427 0.0121097 -0.0161509 -0.340882 -0.00223202 -0.0144318 -0.00868789 -0.00840756 -0.501757 0.0312858 0.0101236 -0.019244 -0.0377185 0.00736033 -0.00572689 -0.0493518 -0.0550287 0.00206918 -0.00569706 -0.0653878 0.435507 -0.0804211 -0.0498779
internal_weight=1408.66 1320.28 88.3834 58.3482 1261.93 1216.7 149.708 1066.99 22.7311 14.6008 0.340053 1060.07 174.332 153.31 14.2607 0.122403 45.2304 25.9571 15.7367 13.2481 130.38 147.232 11.8617 11.7245 114.09 9.87989 79.5023 0.137275 6.07746 4.88228
internal_count=465408 146082 319326 27646 118436 112126 8911 103215 7098 2723 102 102694 40902 12197 2621 70 6310 447 276 174 2800 12062 4964 4906 2149 133 315314 58 135 103
is_linear=0
shrinkage=0.07


Tree=93
num_leaves=31
num_cat=0
split_feature=7 12 8 0 8 3 5 8 0 2 3 3 5 0 5 0 11 5 3 2 2 12 5 5 4 0 3 7 7 7
split_gain=57.7491 22.3544 9.64891 8.77279 7.7168 7.82756 12.9659 12.0038 6.60621 5.923 5.84156 8.83316 5.02797 4.91569 4.80278 4.7062 4.55012 7.73321 7.72727 10.3893 7.92552 12.2163 6.64186 5.72797 5.70233 5.29486 5.23907 5.59934 5.97533 6.24805
threshold=48.397369384765632 13.500000000000002 0.13840996474027636 92.031745910644545 0.83666664361953746 91.010101318359389 0.81666666269302379 0.38675214350223547 91.024166107177749 89.825496673583999 47.856706619262702 40.778533935546882 0.70714285969734203 92.612083435058608 0.94444444775581371 52.565790176391609 1.0000000180025095e-35 0.47222222387790685 76.23956680297853 96.178188323974624 94.804317474365249 11.500000000000002 0.73214286565780651 0.069047622382640853 1.0000000180025095e-35 78.611557006835952 78.979854583740249 55.585266113281257 94.146202087402358 95.255413055419936
decision_type=2 2 2 2 2 2 2 2 2 2 2 2 2 2 2 2 2 2 2 2 2 2 2 2 2 2 2 2 2 2
left_child=2 4 14 -3 5 6 16 8 -7 12 11 -6 13 -10 -1 -13 -2 23 24 20 22 -22 25 -18 -19 -20 -21 -28 -29 -30
right_child=1 3 -4 -5 10 7 -8 -9 9 -11 -12 15 -14 -15 -16 -17 17 18 19 26 21 -23 -24 -25 -26 -27 27 28 29 -31
leaf_value=-0.069126158667615512 -0.0016068125599721958 0.0011888391037148708 0.011994513053349667 0.063503110688440362 0.026381186840525456 0.078424083687227766 0.045380806433823362 0.063632000312222825 0.05120587848710921 0.0075924822346032294 0.059686518995425993 -0.12183634952151309 -0.14987158621547439 -0.063253460228389208 0.0128714018833737 0.072919527107064841 0.029948325986394787 -0.02506339135171053 0.2387510800723566 -0.079809287303008555 -0.39028148900415494 -0.071951163653633909 -0.13296075348577244 -0.046517698429329062 0.032803492236783797 -0.028716833311489061 -0.095984995124849343 0.037199739149448525 -0.26521317993881 -0.015843719975610192
leaf_weight=70.803830404460314 807.2950278626522 15.207882837508803 8.9129560513829329 40.689231730997562 20.923218247713525 6.1522890528722192 27.080487923405599 20.18283239658922 2.8127252365229634 185.04520714312093 18.777317106374539 3.3302130131050935 1.9086691560805764 5.3085248271527234 3.6821797204902387 0.74375712685286988 5.4057842906331635 11.151162019144975 0.36777232144959882 2.9888673713430753 0.79721254965988864 2.2805386521504261 3.121472165832528 42.849477070049034 33.149819056183333 26.123306011562818 1.9868342469562801 24.341337923193354 0.62132370285689775 2.3713381513953209
leaf_count=312577 58295 3053 4012 24593 429 103 2109 6624 53 4516 5762 31 46 79 2737 88 2635 652 27 94 29 48 71 32614 1717 1638 262 414 19 81
internal_value=-0.000353327 0.00323432 -0.0568364 0.0465493 0.00130834 0.000266625 -0.00238968 0.012167 0.00700516 0.00475275 0.0301825 0.00801981 -0.0476384 -0.0236115 -0.0650726 -0.0862811 -0.00373045 -0.0146117 -0.00430733 -0.0196729 -0.0474951 -0.154406 -0.0363834 -0.0379516 0.0182376 -0.0250036 0.00847707 0.0174767 0.0257239 -0.0676167
internal_weight=1396.41 1313.01 83.399 55.8971 1257.12 1213.34 991.932 221.41 201.227 195.075 43.7745 24.9972 10.0299 8.12125 74.486 4.07397 964.851 157.556 109.301 65 32.6903 3.07775 29.6126 48.2553 44.301 26.4911 32.3097 29.3208 27.334 2.99266
internal_count=465408 146082 319326 27646 118436 112126 100705 11421 4797 4694 6310 548 178 132 315314 119 98596 40301 5052 2683 1813 77 1736 35249 2369 1665 870 776 514 100
is_linear=0
shrinkage=0.07


Tree=94
num_leaves=31
num_cat=0
split_feature=7 7 1 8 1 2 6 3 6 8 1 3 2 6 2 6 11 1 6 6 8 9 1 6 6 3 11 4 8 7
split_gain=53.0557 13.5894 29.5123 9.30878 8.46388 8.37779 7.55873 6.11292 9.83093 8.97509 22.9909 7.1054 5.47882 5.44884 5.15314 5.09471 5.07071 4.72535 4.85492 4.99567 11.3618 4.36885 4.34179 5.5772 5.13169 4.32143 4.26573 5.83146 7.75896 5.05811
threshold=48.397369384765632 69.860393524169936 91.010101318359389 0.13840996474027636 56.294013977050788 97.01425933837892 58.079877853393562 65.345367431640639 90.967365264892592 0.43167701363563543 52.027397155761726 63.100687026977546 83.047893524169936 92.921337127685561 85.86789703369142 59.711856842041023 1.0000000180025095e-35 99.473682403564467 43.256237030029304 44.076908111572273 0.029857398010790352 1.5000000000000002 64.326763153076186 48.84608459472657 46.882476806640632 58.280590057373054 1.0000000180025095e-35 1.0000000180025095e-35 0.22902098298072818 71.480709075927749
decision_type=2 2 2 2 2 2 2 2 2 2 2 2 2 2 2 2 2 2 2 2 2 2 2 2 2 2 2 2 2 2
left_child=3 4 5 17 6 15 12 8 9 -7 -11 -12 -2 -6 -14 25 -9 -1 -19 20 -20 -16 -5 24 -24 -3 -4 28 -28 -29
right_child=1 2 26 22 13 7 -8 16 -10 10 11 -13 14 -15 21 -17 -18 18 19 -21 -22 -23 23 -25 -26 -27 27 29 -30 -31
leaf_value=-0.069049562318909963 -0.050326590766292749 -0.059734461600364934 0.068725960503064398 -0.067786917163372873 9.2416636005147782e-07 -0.065352439783286267 0.00092134072637764671 0.068009692942197053 0.070547217767133616 -1.3411395713560792 0.071666989265582903 -0.62839378510601929 0.10944859949719557 0.063991545069984071 -0.025899083727978743 0.00062946204031779057 0.018278072553624593 -0.044434214206969906 1.3771137196059426 0.082124012098531568 -0.070536341757857793 0.19513384234060829 0.056536452561399317 0.011903324458362842 0.36339950411090211 0.1179854905760928 -0.30986739035542565 -0.15478709235579841 0.0090472411094478181 0.051491652466219381
leaf_weight=66.103948491858318 42.700554334602202 0.85182327736401831 46.659586933557875 2.4724656946200394 781.1421609656245 3.0981237442465495 42.429562178440392 20.39229301083833 2.6597988347057253 0.099172956310212501 0.2445662209065631 0.10012645984534174 1.8693393891444419 6.5751870096428311 10.283933571743543 308.09233987145126 19.800975280813873 2.4705495326197702 0.048366090806666651 1.1264394064783116 0.058936696848832071 0.45767741388408545 0.63734571044915334 5.3734245578525588 0.45959482438047417 3.1482681964407675 0.56168284546583613 0.6126197646372028 1.1175768906250594 11.836432788288219
leaf_count=312616 47800 194 24921 3720 35799 107 6412 9222 970 16 48 25 476 1793 576 15669 494 2510 39 132 17 3 51 213 28 117 12 45 86 1297
internal_value=-0.000327571 0.00304021 0.013422 -0.0561244 -0.00187569 0.00577446 -0.0213045 0.0335288 -0.0311563 -0.107529 -0.401915 -0.131687 -0.0383539 0.000535063 0.00218544 0.00164855 0.0435097 -0.0647383 0.0121965 0.125598 0.581983 -0.0164813 0.0111162 0.0412668 0.185106 0.0801399 0.0585222 0.0248236 -0.0976241 0.0413406
internal_weight=1383.48 1304.73 419.275 78.7511 885.458 358.487 97.7411 46.3951 6.20179 3.54199 0.443866 0.344693 55.3115 787.717 12.611 312.092 40.1933 69.8082 3.70429 1.23374 0.107303 10.7416 8.94283 6.47037 1.09694 4.00009 60.7879 14.1283 1.67926 12.4491
internal_count=465408 146082 53223 319326 92859 26862 55267 10882 1166 196 89 73 48855 37592 1055 15980 9716 315314 2698 188 56 579 4012 292 79 311 26361 1440 98 1342
is_linear=0
shrinkage=0.07


Tree=95
num_leaves=31
num_cat=0
split_feature=7 12 0 8 8 1 6 0 1 2 12 2 2 0 1 12 1 4 2 9 7 0 8 12 1 6 6 0 0 6
split_gain=48.9032 19.1981 9.68227 8.90228 7.64468 6.91078 17.5623 5.82185 6.8544 6.61644 5.64335 5.87953 5.60988 12.9847 8.88815 8.18351 7.52898 7.46923 12.4914 10.0717 9.14737 8.36594 7.53189 8.43475 7.20444 8.12692 7.15851 6.73175 9.56499 6.70272
threshold=48.397369384765632 15.500000000000002 56.98051834106446 0.13840996474027636 0.83666664361953746 93.127067565917983 73.20508193969728 51.89995193481446 35.043859481811531 49.65753364562989 12.500000000000002 98.130676269531264 96.34091949462892 90.521114349365249 89.512962341308608 12.500000000000002 91.331184387207045 1.0000000180025095e-35 90.595520019531264 1.0000000180025095e-35 64.722881317138686 78.611557006835952 1.0000000180025095e-35 5.5000000000000009 82.413585662841811 50.099601745605476 82.78556060791017 92.893215179443374 93.419914245605483 83.75235748291017
decision_type=2 2 2 2 2 2 2 2 2 2 2 2 2 2 2 2 2 2 2 2 2 2 2 2 2 2 2 2 2 2
left_child=3 4 -3 -1 5 12 10 8 -6 -10 11 -7 13 14 15 17 -15 18 20 22 -2 -21 -19 -24 25 -23 -22 -14 -29 -28
right_child=1 2 -4 -5 7 6 -8 -9 9 -11 -12 -13 27 16 -16 -17 -18 19 -20 21 26 24 23 -25 -26 -27 29 28 -30 -31
leaf_value=-0.064426464502278763 -0.037130596227428501 -0.094800310664460541 0.063660260353782347 0.010247846873343755 0.030135723461210438 0.012682764246378217 0.061354927326439719 0.059644345769137866 -0.13871096131313404 0.0020904267474776833 0.039124458360157835 -0.016642236833117077 0.061293490509924081 -0.031644486341842172 0.066671661628973061 -0.057093251853935323 0.0075624472915715628 0.0092456451952765816 0.076017148657514466 0.058064955646956906 0.018783865213786773 0.1635719855823784 0.058822913054672722 -0.020555645815626834 0.063804649913124775 -0.029700707706339226 -0.097635338114323234 -0.18510343527023643 0.0055074086029463197 -0.010064199725705663
leaf_weight=65.48959477977769 56.073187939880881 2.0063252970576277 32.429011082742363 8.883837515691992 19.115158618427817 67.844180721091107 30.582066838047467 18.714855120517313 2.6247442364692679 4.3382749874144793 18.83271789905848 66.181873974855989 10.666636636742622 116.8068361722253 9.5230213266040646 12.695343480620066 30.206023265986005 187.56090522560407 8.1008217867492913 30.754076491721207 46.868571499595419 1.1333232744364128 7.0748468727251739 90.026146041142056 7.2326573530444866 17.961721028084867 4.4235764015465966 1.2963668322190631 262.13778742024442 134.54884043720085
leaf_count=315314 37915 43 20556 4012 310 1059 11584 6763 11 204 955 1021 279 3096 435 798 1279 20653 965 1668 2766 80 1936 19010 871 1002 85 32 8082 2624
internal_value=-0.000304453 0.00285914 0.0544278 -0.0555067 0.00145349 0.000409478 0.0129318 0.0298545 0.00847594 -0.0509853 0.00324389 -0.00179788 -0.00180975 -0.00490255 -0.000428239 -0.00148538 -0.0235888 -0.000292393 -0.00948695 0.00643422 -0.0123502 0.0332701 0.00105297 -0.0147721 0.00430654 -0.0182296 -0.00487326 0.00677683 0.00456941 -0.0128516
internal_weight=1372.13 1297.76 34.4353 74.3734 1263.32 1218.53 183.441 44.793 26.0782 6.96302 152.859 134.026 1035.09 760.99 613.977 604.454 147.013 591.759 250.015 341.744 241.914 57.0818 284.662 97.101 26.3277 19.095 185.841 274.101 263.434 138.972
internal_count=465408 146082 20599 319326 125483 118195 14619 7288 525 215 3035 2080 103576 95183 90808 90373 4375 89575 44355 45220 43390 3621 41599 20946 1953 1082 5475 8393 8114 2709
is_linear=0
shrinkage=0.07


Tree=96
num_leaves=31
num_cat=0
split_feature=7 12 0 12 3 6 5 6 9 3 3 5 2 0 2 3 5 2 12 7 7 0 2 5 3 0 6 6 5 3
split_gain=44.8524 17.8406 8.70732 7.46554 7.01975 16.9403 12.9113 6.16696 9.96249 6.57533 6.68792 5.62245 6.50035 5.07727 14.5621 11.4939 16.9931 25.4129 11.5361 15.443 27.0592 11.4889 9.49442 8.64013 31.2407 9.77231 13.2845 11.2031 8.02938 7.86658
threshold=47.285013198852546 15.500000000000002 56.98051834106446 12.500000000000002 91.010101318359389 68.996032714843764 0.81666666269302379 48.397369384765632 1.0000000180025095e-35 62.316371917724616 84.660633087158217 0.58571431040763866 88.989898681640639 86.319076538085952 96.34091949462892 82.793453216552749 0.5634920895099641 91.331184387207045 13.500000000000002 90.94474029541017 93.484695434570327 91.024166107177749 87.298336029052749 0.43650794029235845 72.481884002685561 83.424911499023452 58.079877853393562 52.088176727294929 0.38750000298023229 76.028167724609389
decision_type=2 2 2 2 2 2 2 2 2 2 2 2 2 2 2 2 2 2 2 2 2 2 2 2 2 2 2 2 2 2
left_child=3 4 -3 -1 6 11 7 8 -2 -10 -11 -6 -13 22 15 -15 17 -17 -18 -20 -21 -19 23 28 25 26 -25 -27 29 -9
right_child=1 2 -4 -5 5 -7 -8 13 9 10 -12 12 -14 14 -16 16 18 21 19 20 -22 -23 -24 24 -26 27 -28 -29 -30 -31
leaf_value=-0.061178570957370282 -0.063989728769228968 -0.084396262503054084 0.063221379430662278 0.089909041239584403 0.039654380428878921 0.053931906955320234 0.04592964831369728 -0.00587876854011483 -0.070057788262611345 0.12316927778826724 -0.084009270196792357 -0.072453971981953677 0.0020917626176856739 -0.0062660122839201761 0.004793234159740898 0.043803177895270259 -0.058860892393378036 -0.026450237706826772 -0.057277009569031589 -1.4174619224436922 -0.20574123577050199 -0.15666900556565166 0.03689325038690433 0.0042933666485729461 -0.024705077828392354 0.15653740283228595 0.066240178117193071 0.038678458257213617 -0.046299288262653962 0.03594580479873568
leaf_weight=62.718345190049149 18.092995807048286 2.0925302873365572 30.445755739114247 1.644524451548931 18.965611938925576 39.713982479530387 27.729460271715652 295.05728264673962 2.0147345564764683 3.7540358451369684 0.95839343688567158 5.944495103089138 160.15313342952868 126.08914750440454 244.65628005673352 22.852851939911488 55.360031236516079 8.790138650510924 0.51007757848128576 0.1410178035730496 0.25110233307350427 5.3347716435673638 37.818683100864291 40.193165644654073 58.168386017641751 7.1185965975746539 29.349653175100684 8.8838020964176376 22.194404023030074 23.813750500252354
leaf_count=302888 41769 43 20557 1385 213 13880 2960 46865 5254 540 12 68 2672 4054 8400 1169 1328 324 115 19 51 74 2152 654 1643 85 1399 538 2762 1535
internal_value=-0.000281774 0.00254983 0.0537281 -0.0573182 0.00123229 0.0124489 -0.001194 -0.00248598 -0.0369476 0.0357833 0.0810342 0.00354673 -0.000576167 -0.001619 -0.0069484 -0.0200459 -0.0386805 -0.00181912 -0.0629073 -0.311201 -0.641511 -0.075632 0.00311267 0.000477372 0.0148738 0.0417864 0.0304372 0.0911075 -0.00558882 -0.00275525
internal_weight=1360.81 1296.45 32.5383 64.3629 1263.91 224.777 1039.13 1011.4 24.8202 6.72716 4.71243 185.063 166.098 986.583 463.985 219.329 93.24 36.9778 56.2622 0.902198 0.39212 14.1249 522.598 484.779 143.714 85.5452 69.5428 16.0024 341.065 318.871
internal_count=465408 161135 20600 304273 140535 16833 123702 120742 47575 5806 552 2953 2740 73167 15534 7134 3080 1567 1513 185 70 398 57633 55481 4319 2676 2053 623 51162 48400
is_linear=0
shrinkage=0.07


Tree=97
num_leaves=31
num_cat=0
split_feature=7 12 0 8 8 3 6 5 3 1 12 12 6 10 2 1 7 1 8 8 2 7 6 12 3 2 5 0 1 6
split_gain=41.1163 16.4614 7.87604 6.88838 6.83402 6.32604 13.8636 11.3367 5.77432 6.90359 5.60872 6.17384 5.29144 9.17392 5.66205 6.23723 5.19195 5.15063 4.89852 7.61572 6.57383 5.54261 5.23399 4.36534 4.22947 13.1187 27.0845 19.342 12.7159 12.6858
threshold=47.285013198852546 15.500000000000002 56.98051834106446 0.83666664361953746 0.11651583760976793 91.010101318359389 68.996032714843764 0.81666666269302379 47.856706619262702 26.747966766357425 8.5000000000000018 7.5000000000000009 48.397369384765632 1.0000000180025095e-35 69.804355621337905 81.872947692871108 88.581016540527358 74.601570129394545 0.10435571894049646 0.1490740776062012 88.493064880371108 52.062900543212898 51.445278167724616 13.500000000000002 77.836257934570327 96.34091949462892 0.5634920895099641 91.024166107177749 76.63120269775392 50.099601745605476
decision_type=2 2 2 2 2 2 2 2 2 2 2 2 2 2 2 2 2 2 2 2 2 2 2 2 2 2 2 2 2 2
left_child=4 3 -3 5 23 7 17 12 9 -5 11 16 13 -2 -15 -16 -11 -7 -19 22 -21 -22 -20 -1 28 26 27 -26 -14 -28
right_child=1 2 -4 8 -6 6 -8 -9 -10 10 -12 -13 24 14 15 -17 -18 18 19 20 21 -23 -24 -25 25 -27 29 -29 -30 -31
leaf_value=-0.066299684271776321 -0.06345301649938484 -0.075521987677218724 0.062756605893085113 0.049224489092285224 0.0071393056561713563 0.10613727458888317 0.05148775719491893 0.043370147902699559 0.05905037834728135 0.09398057190195272 0.079759602916637515 -0.12401172728276073 -0.0030287752204476333 -0.070063339386141732 0.12567239693720558 -0.045560579888439652 -0.039399116311113397 0.0065243360910712239 0.0065017116177820463 -0.19840625765705899 -0.14761704811947957 0.026768968211994381 -0.10737394355322419 0.26672638755570349 0.016589418911385424 0.0073014054976094367 -0.026462411940810022 -0.088248562695607505 0.026978439768775946 -0.077309560627520729
leaf_weight=53.427701815176988 17.007516867932285 2.171646331902596 28.590353433392011 10.849652001401411 7.2897755318990667 2.3565182716120026 34.782131884945557 26.068373090092791 17.909903217572719 1.7913613612763564 2.1415335456840685 3.3503390355035654 521.74187221459579 1.8868682608153893 3.3710890903166728 1.5089061722683252 7.0897930627688766 157.58634506020462 2.7583511152770388 0.74428092571906646 0.95764116407371958 13.24551871686708 6.9883956585545093 0.19356583058833976 87.027582809867454 144.19257008138811 64.495116998601588 9.571431625983676 79.778645645506913 38.332128348120023
leaf_count=298645 41769 43 20557 249 5627 19 11924 2559 6704 32 165 34 55095 5173 612 21 104 2095 58 12 26 650 93 1 3516 4321 711 238 2472 1883
internal_value=-0.00025363 0.00240346 0.0529948 0.00116589 -0.0564523 0.000189507 0.010948 -0.00218303 0.0286559 0.00707366 -0.0247444 -0.0430413 -0.00340863 -0.036025 0.0329112 0.0727268 -0.0124959 0.00331113 0.0019818 -0.0270065 0.00438434 0.0150111 -0.0751469 -0.0650975 -0.00258818 -0.00878373 -0.0204139 0.00620164 0.000951031 -0.0454173
internal_weight=1349.21 1288.3 30.762 1257.53 60.911 1214.4 219.419 994.982 43.1326 25.2227 14.373 12.2315 968.914 23.7744 6.76686 4.88 8.88115 184.637 182.281 24.6942 14.9474 14.2032 9.74675 53.6213 945.139 343.619 199.426 96.599 601.521 102.827
internal_count=465408 161135 20600 140535 304273 133247 14877 118370 7288 584 335 170 115811 47575 5806 633 136 2953 2934 839 688 676 151 298646 68236 10669 6348 3754 57567 2594
is_linear=0
shrinkage=0.07


Tree=98
num_leaves=31
num_cat=0
split_feature=7 12 0 1 0 6 7 3 1 6 6 1 9 1 0 0 7 1 0 6 1 1 3 12 8 7 7 6 6 0
split_gain=37.7744 15.1774 7.15928 6.77242 8.2974 12.2729 6.35485 12.6437 7.69655 8.5157 5.26964 5.70472 7.32271 5.69672 5.18633 14.0465 9.35472 7.98385 6.44739 6.02657 13.4381 11.9 8.94031 5.84737 4.66013 4.49258 4.48338 4.48002 7.31297 7.17081
threshold=47.285013198852546 15.500000000000002 56.98051834106446 82.793453216552749 83.424911499023452 30.807500839233402 64.722881317138686 93.419914245605483 56.294013977050788 60.705402374267585 63.069993972778327 87.20676422119142 1.0000000180025095e-35 78.611557006835952 85.880397796630874 93.127067565917983 66.859344482421889 71.248622894287124 92.893215179443374 84.650035858154311 69.614067077636733 67.769271850585952 85.857143402099624 5.5000000000000009 0.2788888961076737 68.989799499511733 83.177082061767592 50.099601745605476 55.468318939208991 90.521114349365249
decision_type=2 2 2 2 2 2 2 2 2 2 2 2 2 2 2 2 2 2 2 2 2 2 2 2 2 2 2 2 2 2
left_child=3 6 -3 -1 5 -5 8 10 9 -2 13 14 -13 -8 17 16 24 -12 19 22 21 -21 -18 -19 -16 -15 -24 29 -29 -10
right_child=1 2 -4 4 -6 -7 7 -9 27 -11 11 12 -14 25 15 -17 18 23 -20 20 -22 -23 26 -25 -26 -27 -28 28 -30 -31
leaf_value=-0.065724135340326867 -0.038488911577144937 -0.067872710570677453 0.062266138462405335 1.5024561937328798 -0.0055463880066628024 -0.070363255693392093 0.059912449984846537 0.051075492982656463 0.013139689238411268 0.014124325281760157 -0.00075354916711759424 0.0054214277020149812 0.065841908405682437 -0.039063479349183777 0.18213126149822514 0.0083279544558788055 -0.063762699699101671 0.094010571668149301 -0.22819923672934828 0.071673878732166352 -0.0013530861692560522 -0.5269168156003613 -0.13303650026229985 0.021001863863328508 -0.029427465842717805 0.041439157346341106 -0.3202248201764169 -0.04377004395915645 -0.0032091885127606698 -0.0032207420962219501
leaf_weight=49.029221244520159 54.532960986180115 2.2444223263300982 26.860136755742133 0.044432738723115928 8.4143606416764651 0.053679194155847654 16.796236864262031 30.729621058446355 193.39996556729602 20.832380031817593 246.54841909563402 28.45478886377532 15.015351308858952 7.1840257275616732 1.132321799173954 40.267536061233841 10.687569592846563 6.7304393762024111 1.1777674379991356 0.25143511849455435 10.190367631847037 0.46130937652196735 1.5587623240426176 26.69835457962472 0.92858012171927828 6.443482710281387 1.0488232746720312 28.433891938067973 93.088147688496974 408.64858215479762
leaf_count=293518 59791 43 20557 18 10553 184 1935 11073 23662 3253 7433 2249 6413 114 17 5838 237 421 24 47 1106 25 40 2343 33 119 31 3891 5122 5318
internal_value=-0.000234788 0.00225874 0.0522304 -0.0557177 0.00191623 0.641932 0.00109638 0.00772648 -0.00265716 -0.0239456 0.00456667 0.00238402 0.0262917 0.0326286 -0.000605126 -0.0179907 -0.0566171 0.00359908 -0.0682654 -0.0604811 -0.0219056 -0.315752 -0.0921162 0.0357012 0.0868093 -0.000999489 -0.208327 -0.0004398 -0.0126997 0.00203483
internal_weight=1337.89 1280.35 29.1046 57.5417 8.51247 0.0981119 1251.24 452.305 798.936 75.3653 421.576 391.152 43.4701 30.4237 347.682 67.7045 27.4369 279.977 25.376 24.1983 10.9031 0.712744 13.2952 33.4288 2.0609 13.6275 2.60759 723.571 121.522 602.049
internal_count=465408 161135 20600 304273 10755 202 140535 39498 101037 63044 28425 26257 8662 2168 17595 7398 1560 10197 1510 1486 1178 72 308 2764 50 233 71 37993 9013 28980
is_linear=0
shrinkage=0.07


Tree=99
num_leaves=31
num_cat=0
split_feature=7 12 8 2 8 2 6 0 12 4 10 2 4 8 0 0 1 0 8 1 2 7 2 8 8 2 7 2 2 4
split_gain=34.6649 13.9807 6.93625 6.56649 6.05214 5.40945 8.39726 8.27501 7.67527 9.19505 7.91989 8.78899 7.16253 17.2677 5.71751 9.76836 5.58536 5.52577 5.33197 8.49865 8.32355 7.78662 12.4556 13.1533 13.9319 24.9147 9.15686 9.51325 8.04887 5.88866
threshold=47.285013198852546 15.500000000000002 0.11651583760976793 49.65753364562989 0.83666664361953746 69.504829406738295 64.536544799804702 64.747306823730483 4.5000000000000009 1.0000000180025095e-35 1.0000000180025095e-35 89.825496673583999 1.0000000180025095e-35 0.30217391252517706 83.424911499023452 84.889995574951186 57.93287658691407 19.139194488525394 0.44722221791744238 29.459980010986332 36.51515197753907 68.989799499511733 40.289855957031257 0.26794873178005224 0.33974359929561621 37.617923736572273 75.099998474121108 42.206478118896491 65.599384307861342 1.0000000180025095e-35
decision_type=2 2 2 2 2 2 2 2 2 2 2 2 2 2 2 2 2 2 2 2 2 2 2 2 2 2 2 2 2 2
left_child=2 4 -1 -3 5 6 12 17 9 -9 -10 -12 -2 14 -14 -16 -13 -7 19 20 -8 22 23 -22 25 -25 -23 -28 -24 -20
right_child=1 3 -4 -5 -6 7 18 8 10 -11 11 16 13 -15 15 -17 -18 -19 29 -21 21 26 28 24 -26 -27 27 -29 -30 -31
leaf_value=-0.064515540361891874 -0.062123544259831194 -0.093417617690842808 0.0095769730567202022 0.059494897237301149 0.027334502967762481 -0.1632946290165033 0.011321969890265723 -0.036169395045789629 0.00044092978359358298 0.097669462665628856 0.0053576061045860742 -0.092209857347505753 -0.025192242522593972 1.2484154054113517 0.17811057316643442 -0.0079125478820628124 0.05523241842347236 0.041182657207168634 -0.016344616819958534 -0.0054095285749740313 -0.071980457904226081 -0.058296739292603768 -0.071784361131324123 1.312212268431713 0.25446802710671834 0.24023243320559728 0.022525645972566056 0.18672555125709778 0.27562546203277671 0.046220893850903888
leaf_weight=47.45839972680551 22.239770943881012 1.4526519700884843 7.119998456342727 26.105539460899308 41.433888018596917 0.66087039171543338 18.777456290728882 39.820112784262164 780.19942150625866 2.6848695769440374 58.237697371747345 1.3077519977523469 43.406874779975624 0.052999569103120758 1.9078816357796302 5.0296386706322664 33.725428119738353 32.220570780977141 95.56853893189691 50.539929944672622 0.33213483588769976 2.6090891405474377 1.0343789732432922 0.20197411347180583 0.8154902053065598 0.22412903956137598 3.8992682051612064 3.1062516318634152 0.47767847817158315 7.9873476652428499
leaf_count=298646 35471 8 5627 20592 7288 9 493 7857 28690 204 5820 144 28231 3 115 274 12526 8151 976 3423 57 86 141 17 23 31 41 32 4 428
internal_value=-0.000218995 0.00211762 -0.0548498 0.0514345 0.00102905 0.000126087 -0.00885693 0.00257062 0.00133206 -0.0277153 0.00274557 0.0220236 -0.029034 -0.014432 -0.0157614 0.0432455 0.0497286 0.037073 -0.000959223 0.0123734 0.0409253 0.0846936 0.181443 0.319296 0.423965 0.748354 0.0536422 0.095332 0.0379669 -0.0115189
internal_weight=1330.64 1276.06 54.5784 27.5582 1248.5 1207.07 258.211 948.857 915.975 42.505 873.47 93.2709 72.6372 50.3974 50.3444 6.93752 35.0332 32.8814 185.574 82.0178 31.4779 12.7004 3.08579 1.57373 1.24159 0.426103 9.61461 7.00552 1.51206 103.556
internal_count=465408 161135 304273 20600 140535 133247 69846 63401 55241 8061 47180 18490 64094 28623 28620 389 12670 8160 5752 4348 925 432 273 128 71 48 159 73 145 1404
is_linear=0
shrinkage=0.07


Tree=100
num_leaves=31
num_cat=0
split_feature=7 12 0 0 7 6 2 6 6 7 3 2 11 7 2 0 3 2 0 0 2 2 2 7 7 3 3 8 2 8
split_gain=31.7535 12.8875 6.86268 6.17616 5.62627 6.64834 6.0528 5.55377 10.9895 37.7958 5.41697 8.81588 5.24624 9.74156 5.46963 5.00441 5.27777 11.6058 23.592 33.5872 12.1397 7.3541 8.5687 4.35772 12.7795 25.5574 5.3422 4.12716 4.35427 19.5786
threshold=47.285013198852546 15.500000000000002 88.493064880371108 56.98051834106446 92.805229187011733 90.34647369384767 91.010101318359389 43.256237030029304 43.341543197631843 46.024723052978523 29.300813674926761 55.848154067993171 1.0000000180025095e-35 52.062900543212898 65.599384307861342 81.872947692871108 86.70682525634767 87.007671356201186 87.298336029052749 86.319076538085952 88.493064880371108 87.298336029052749 90.595520019531264 95.670913696289077 95.255413055419936 70.064933776855483 85.028736114501967 0.81534090638160717 85.540069580078139 0.1863425895571709
decision_type=2 2 2 2 2 2 2 2 2 2 2 2 2 2 2 2 2 2 2 2 2 2 2 2 2 2 2 2 2 2
left_child=2 4 -1 -3 12 -6 10 -4 9 -9 -7 -12 27 -14 -15 -13 17 23 19 20 -19 -20 -23 24 26 -26 -17 28 -2 -30
right_child=1 3 7 -5 5 6 -8 8 -10 -11 11 15 13 14 -16 16 -18 18 21 -21 -22 22 -24 -25 25 -27 -28 -29 29 -31
leaf_value=-0.067053766809360246 -0.0043181702674377886 -0.059147420708646661 -0.052789897351306382 0.061224196194887927 0.05620611452758964 0.029535629483164915 0.047943333419972235 -0.070470326032858563 0.036077934259085391 3.5573234408838657 -0.054288677391352479 0.036954765356146453 -0.068659013746318887 -0.053950899837177206 -0.0032846130500944863 -0.0013416338845762344 0.071027286453203414 -1.2288295955277633 -0.42581372597565087 -2.3575320333797838 0.070931710998141898 0.071563298654316709 -0.61003741817741708 0.028482421942932348 0.071048444598270893 -1.5105967574950607 -0.28068891401969381 0.037254988517402866 0.0007767959852480864 0.045638207083624129
leaf_weight=40.969695264255279 420.43679183629865 2.2896252833306816 5.5333702150674053 23.795559136662632 17.557129250490107 19.341327098663896 15.296748608234337 0.052002245894982368 5.0871855205914471 0.019292602752102539 16.97531062271446 14.941618642536925 13.506424787192371 11.215430654352529 151.07528450574318 2.3256615411955854 2.2147038514958686 0.05388679343741376 0.2762284451164303 0.057665603933855891 0.10159669991116971 0.75203855882864445 0.10271984059363604 4.416121432906948 0.11516653210856009 0.088552450179122388 0.39198953541927029 15.651630319771355 484.14871635197778 52.874353044899181
leaf_count=283600 53060 43 18981 20557 1716 272 6451 64 1612 16 145 1578 30496 9405 12361 311 781 21 15 18 34 246 27 1092 22 23 28 2935 5183 14315
internal_value=-0.000224146 0.00196419 -0.0540204 0.0506586 0.000943064 0.017314 0.00849773 -0.00407839 0.0481732 0.911222 -0.00121016 -0.0150999 -0.000410725 -0.0115397 -0.00678601 0.0106468 -0.025428 -0.050034 -0.239132 -0.914664 -0.379534 -0.11182 -0.0103475 -0.0153936 -0.0817192 -0.61646 -0.0416342 0.00159977 0.00101692 0.00519377
internal_weight=1321.66 1270 51.6615 26.0852 1243.92 95.0085 77.4513 10.6919 5.15848 0.0712948 62.1546 42.8133 1148.91 175.797 162.291 25.8379 10.8963 8.68163 1.34414 0.213149 0.155483 1.13099 0.854758 7.33749 2.92137 0.203719 2.71765 973.111 957.46 537.023
internal_count=465408 161135 304273 20600 140535 12780 11064 20673 1692 80 4613 4341 127755 52262 21766 4196 2618 1837 361 73 55 288 273 1476 384 45 339 75493 72558 19498
is_linear=0
shrinkage=0.07


Tree=101
num_leaves=31
num_cat=0
split_feature=7 12 12 1 7 1 6 7 1 3 3 6 2 1 1 0 1 12 3 3 0 2 2 6 0 12 3 0 0 2
split_gain=29.6287 11.8286 6.75053 5.78742 5.24946 6.12667 6.09722 4.82764 4.64142 8.37476 6.67084 6.06525 5.51928 11.2757 7.79158 7.61826 10.7489 9.9879 9.10271 7.01466 9.45624 7.8184 8.43021 10.7635 8.85013 6.59839 6.58844 6.56314 7.94595 11.4379
threshold=47.285013198852546 15.500000000000002 12.500000000000002 64.747306823730483 92.805229187011733 90.521114349365249 90.34647369384767 98.870021820068374 69.860393524169936 74.115688323974624 88.341892242431655 48.84608459472657 85.540069580078139 74.601570129394545 76.253131866455092 81.302967071533217 82.793453216552749 10.500000000000002 76.23956680297853 78.456192016601577 78.319625854492202 77.303031921386733 72.438781738281264 50.099601745605476 80.259738922119155 6.5000000000000009 79.823009490966811 84.680576324462905 94.804317474365249 98.275348663330092
decision_type=2 2 2 2 2 2 2 2 2 2 2 2 2 2 2 2 2 2 2 2 2 2 2 2 2 2 2 2 2 2
left_child=2 4 -1 -3 8 6 -6 -8 10 -10 11 -2 15 -14 -15 19 18 25 -17 20 -11 22 -21 24 -24 -18 -19 -16 29 -29
right_child=1 3 -4 -5 5 -7 7 -9 9 12 -12 -13 13 14 27 16 17 26 -20 21 -22 -23 23 -25 -26 -27 -28 28 -30 -31
leaf_value=-0.058292299867700036 -0.055250343751172333 -0.033828002832162647 0.088112915811695489 0.063518961315370465 0.051451746165164527 0.070392373630934216 -0.01285020119214484 0.024766410900017855 0.01950907540232566 0.028019890933234076 0.08873800498823195 -0.0057487531122879824 0.075488393661688108 -0.042309743956991046 0.050883130475604825 0.034251701966533966 0.0061429240009327037 0.046877224493355102 -0.064348307561308687 -0.012391810850656536 -0.09948123719844941 0.031883605742290919 0.6189251849543993 0.012533583144658175 0.20273539950317859 0.092265285184381526 -0.073997970600850116 -0.016723181094804342 0.0074055933197699911 0.08497826783986083
leaf_weight=47.514502797974274 12.52306235245487 3.4829493199940798 1.5949977701675369 21.252233387669548 14.934843643801285 9.4136215114849602 41.878104688366875 27.825149003998376 123.8474194205919 9.7349103035376192 3.575223891020868 384.93816728753154 10.196025562545399 19.446954857048695 13.565548970567759 5.2994992651510975 27.346724301125505 2.7403910250286563 34.166869885157212 0.71953181321441517 4.0303018763079299 6.3618078186555067 0.50169250024191547 0.49616502202115942 0.4997464583866531 5.1857807015767312 11.40652522217715 132.86014383217844 329.57784352396266 5.649011299290577
leaf_count=302888 43837 477 1385 20123 827 5300 3497 3156 6885 809 180 49705 457 565 607 279 562 169 1542 40 276 312 33 52 14 438 353 4461 16054 125
internal_value=-0.000192592 0.00188087 -0.0535373 0.0498116 0.000923777 0.0168211 0.0108628 0.00216614 -0.00038243 0.00289095 -0.00645218 -0.00730843 -0.000429737 0.00261309 0.00113028 -0.0147701 -0.0242171 -0.0014812 -0.0511084 0.0216521 -0.00931103 0.0713335 0.18453 0.279143 0.411235 0.0198711 -0.0505833 0.00288419 0.00149314 -0.0125753
internal_weight=1312.57 1263.46 49.1095 24.7352 1238.72 94.0517 84.6381 69.7033 1144.67 743.633 401.036 397.461 619.785 511.296 501.1 108.49 86.1458 46.6794 39.4664 22.3442 13.7652 8.57894 2.21714 1.4976 1.00144 32.5325 14.1469 481.653 468.087 138.509
internal_count=465408 161135 304273 20600 140535 12780 7480 6653 127755 34033 93722 93542 27148 22269 21812 4879 3343 1522 1821 1536 1085 451 139 99 47 1000 522 21247 20640 4586
is_linear=0
shrinkage=0.07


Tree=102
num_leaves=31
num_cat=0
split_feature=7 12 8 1 11 7 8 2 6 1 5 1 2 2 6 5 1 4 12 2 6 6 1 2 1 5 12 12 2 1
split_gain=27.0317 10.8566 6.98284 5.42667 5.16408 9.23052 6.41582 30.4603 15.1736 10.772 7.96895 6.67409 11.1509 50.1242 5.7177 5.42722 18.4948 13.8394 14.23 11.3309 10.7906 50.4383 10.6169 12.7941 8.9883 8.92369 8.90633 11.8114 7.20347 9.37029
threshold=47.285013198852546 15.500000000000002 0.11651583760976793 64.747306823730483 1.0000000180025095e-35 52.062900543212898 0.16064515709877017 89.825496673583999 50.099601745605476 88.047618865966811 0.2264957278966904 70.299972534179702 76.50690078735353 76.123405456542983 56.572301864624031 1.0000000180025095e-35 51.316701889038093 1.0000000180025095e-35 10.500000000000002 84.924243927001967 80.170940399169936 83.75235748291017 74.322341918945327 85.540069580078139 71.248622894287124 0.38750000298023229 6.5000000000000009 5.5000000000000009 63.453348159790046 27.639257431030277
decision_type=2 2 2 2 2 2 2 2 2 2 2 2 2 2 2 2 2 2 2 2 2 2 2 2 2 2 2 2 2 2
left_child=2 4 -1 -3 6 -6 8 9 10 15 11 -2 13 -13 -10 16 28 19 26 24 -21 -22 -23 -24 25 -17 27 -19 29 -8
right_child=1 3 -4 -5 5 -7 7 -9 14 -11 -12 12 -14 -15 -16 17 -18 18 -20 20 21 22 23 -25 -26 -27 -28 -29 -30 -31
leaf_value=-0.06365846939295193 -0.065414316480355866 -0.03081401658266646 0.013167401348185691 0.063081766362558106 -0.067771511282175928 -0.0056508483967832096 0.01149154994778394 0.056109960903447678 -0.071670558032853507 0.060654972201184924 0.0025055798084273107 -0.070332140708497262 -0.0055507180409435 2.3190266113504343 -0.018780491473238754 -0.061479295716720408 0.08634720002964566 0.092349913826392294 -0.040826305987530044 -0.079247742189214279 -1.7301451575151023 -0.61875905905531547 -0.93356808558827087 0.070484983317409516 0.022781646641956397 0.02945484753834568 0.057493056182138062 -0.019017150416891313 0.050048459961689697 -0.023964440324041349
leaf_weight=39.894441365169769 12.53460955318587 3.5532786868279826 6.7827398500812697 19.948005479644053 12.547457266875425 177.85928801074624 83.171519228228135 59.345678885118105 18.451469439416542 14.418847596156409 609.56933923528413 0.16229719588591329 0.72026662336429581 0.058538011508062482 21.905928960011806 33.58630297970376 13.250529967393957 5.6977626260777496 21.902202605764614 1.9930118558695533 0.11650641611777235 0.20269641978666186 0.069719080463983119 0.57552809955086559 11.629063783853779 6.2760637071914962 24.392243865557248 25.780186549702194 13.113362929667344 65.119195302162552
leaf_count=298646 20933 477 5627 20123 30496 22616 2662 21983 4625 3948 15072 71 58 10 1555 2904 990 219 1747 34 9 34 17 172 682 202 1939 997 521 6039
internal_value=-0.000186448 0.00175449 -0.0524948 0.0488852 0.000857222 -0.00974449 0.0027907 0.010035 -0.00136585 0.00152458 0.00132851 -0.051916 0.12787 0.563028 -0.0429619 -0.00125371 0.00684594 -0.0119528 0.00699632 -0.0390188 -0.172261 -0.364472 -0.17683 -0.0380031 -0.0313659 -0.0471623 0.0257437 0.00114119 0.00031925 -0.00407831
internal_weight=1304.63 1257.95 46.6772 23.5013 1234.45 190.407 1044.04 380.64 663.402 321.295 623.045 13.4757 0.941102 0.220835 40.3574 306.876 174.655 132.221 77.7724 54.4489 2.95746 0.96445 0.847944 0.645247 51.4914 39.8624 55.8702 31.4779 161.404 148.291
internal_count=465408 161135 304273 20600 140535 53112 87423 45099 42324 23116 36144 21072 139 81 6180 19168 10212 8956 4902 4054 266 232 223 189 3788 3106 3155 1216 9222 8701
is_linear=0
shrinkage=0.07


Tree=103
num_leaves=31
num_cat=0
split_feature=7 12 2 8 2 8 8 3 1 3 8 1 0 2 0 2 1 0 0 12 3 2 0 8 12 12 3 1 0 2
split_gain=24.7484 9.95933 7.10246 6.17539 5.22659 4.84342 4.64775 5.29501 6.09104 4.24641 9.49317 6.24575 5.57993 4.15676 6.94217 4.12089 4.08424 3.83979 3.75146 3.45607 3.34772 10.1558 17.3678 11.3354 20.6871 11.3014 10.5622 8.59711 7.38537 15.372
threshold=46.885776519775398 15.500000000000002 81.754161834716811 0.040833333507180221 75.147060394287124 0.042572464793920524 0.83666664361953746 47.856706619262702 35.043859481811531 91.010101318359389 0.38675214350223547 95.538970947265639 91.024166107177749 36.51515197753907 27.072835922241214 89.825496673583999 76.63120269775392 92.612083435058608 52.565790176391609 11.500000000000002 81.53021621704103 96.922348022460952 91.024166107177749 0.74456521868705761 14.500000000000002 12.500000000000002 83.424911499023452 76.63120269775392 94.804317474365249 93.419914245605483
decision_type=2 2 2 2 2 2 2 2 2 2 2 2 2 2 2 2 2 2 2 2 2 2 2 2 2 2 2 2 2 2
left_child=2 6 -1 -4 -3 -5 9 8 13 11 12 20 -11 14 -8 17 -17 19 -10 -14 27 22 25 28 -25 -22 -27 -2 29 -24
right_child=1 4 3 5 -6 -7 7 -9 18 10 -12 -13 15 -15 -16 16 -18 -19 -20 -21 21 -23 23 24 -26 26 -28 -29 -30 -31
leaf_value=-0.070220450570405921 -0.0042674499600223589 -0.029938520217338414 -0.059112544347473074 0.28765991855516437 0.062643882494005251 0.026575835290511836 0.041357135516211979 0.056984089442812372 -0.076577426689720618 0.073756138787395051 0.061523585228300079 0.040522624309483904 0.088222607075351483 0.053775983106901529 -0.099865853480329461 0.097139680511548115 0.0040288497676554723 -0.067016784201380283 0.073792546664674316 -0.071197283937397396 0.0001006227501926323 0.0060460135544248362 -0.024629553441931563 -0.1730754496817255 -1.2349891541169966 -0.46386311274824665 -0.081767293849096159 0.014492444576559769 -0.022532166144930289 -0.13422416144628077
leaf_weight=30.896889104733418 546.78666493494529 3.5524859022116315 5.6473318673888553 0.3706012274196836 18.798069422657136 5.7514544514851877 4.2116976082325044 15.113627095823174 5.4702984737232319 5.58718812574807 15.610283737594726 16.678252710116794 1.783361348192555 10.349981204024514 2.8664351850748062 2.3387097301892927 177.99935347182327 7.3923956365324557 0.95488011452835042 1.0638254470395623 93.895306658720074 115.5763371217181 12.816288346817602 0.56580728152766724 0.10687011783011258 0.39103157431236368 3.7934634751727572 153.24545176232641 21.759788970652153 12.279768309403151
leaf_count=260762 106850 357 33662 225 20243 3407 87 6704 46 115 8916 2277 46 272 18 34 5666 143 161 13 3856 4055 389 113 15 43 286 5769 577 301
internal_value=-0.000167386 0.00162066 -0.0525934 -0.00631905 0.0479285 0.0423807 0.000778259 0.0245671 0.0040274 -9.29081e-07 0.00898586 -0.00194713 0.00480504 0.0255051 -0.015834 0.00278359 0.00523636 -0.0404141 -0.0542301 0.0286568 -0.00268403 -0.00944714 -0.0217448 -0.0564736 -0.341785 -0.00491557 -0.117473 -0.000160683 -0.0523776 -0.0782554
internal_weight=1293.65 1250.99 42.6663 11.7694 22.3506 6.12206 1228.64 38.9669 23.8533 1189.67 211.775 977.895 196.165 17.4281 7.07813 190.578 180.338 10.2396 6.42518 2.84719 961.217 261.185 145.608 47.5285 0.672677 98.0798 4.1845 700.032 46.8558 25.0961
internal_count=465408 167352 298056 37294 20600 3632 146752 7288 584 139464 14933 124531 6017 377 105 5902 5700 202 207 59 122254 9635 5580 1395 128 4185 329 112619 1267 690
is_linear=0
shrinkage=0.07


Tree=104
num_leaves=31
num_cat=0
split_feature=7 12 8 1 11 7 7 1 12 3 4 8 5 8 8 12 5 8 12 4 7 3 1 12 3 1 7 3 7 1
split_gain=22.7525 9.0986 6.55281 5.1708 4.56126 8.56987 5.77066 18.7724 4.88996 5.83629 4.86799 9.36155 6.78032 5.204 5.40574 6.28904 5.15187 4.54715 6.94403 4.53301 4.52837 4.42037 4.49975 3.88553 4.7534 5.05782 4.01963 3.92665 3.85108 4.34431
threshold=47.285013198852546 15.500000000000002 0.11651583760976793 80.217391967773452 1.0000000180025095e-35 52.062900543212898 64.722881317138686 88.047618865966811 4.5000000000000009 28.097587585449222 1.0000000180025095e-35 0.77097901701927196 0.31666667759418493 0.22401433438062671 0.19292803853750232 12.500000000000002 0.080128207802772536 0.16904762387275699 6.5000000000000009 1.0000000180025095e-35 97.595180511474624 61.143791198730476 60.421236038208015 5.5000000000000009 69.282051086425795 79.337715148925795 48.900966644287116 69.00656890869142 85.794998168945327 57.93287658691407
decision_type=2 2 2 2 2 2 2 2 2 2 2 2 2 2 2 2 2 2 2 2 2 2 2 2 2 2 2 2 2 2
left_child=2 4 -1 -3 6 -6 8 -8 19 -10 11 16 -12 14 15 28 -7 18 -9 -2 -15 22 -16 24 27 -26 -25 -11 29 -14
right_child=1 3 -4 -5 5 10 7 17 9 23 12 -13 13 20 21 -17 -18 -19 -20 -21 -22 -23 -24 26 25 -27 -28 -29 -30 -31
leaf_value=-0.062860717498504692 -0.026812082457946331 -0.0045704190696067674 0.012792087121568615 0.070065187051421521 -0.066812067258670213 0.039970247529032082 0.0046969258874035545 -0.29900155622494234 0.1962640492823948 0.057299811227885022 -0.059987684877991485 -0.32829467807725948 -0.10049182306812264 -0.01241300811317585 0.062363753703338846 0.080148169795821636 -0.041463436602079393 0.070034234108697746 0.019714221522978432 0.098813742887703671 0.074692352196767287 0.045549015640464166 0.38818639481991785 0.067923371054984236 -0.038396883250102321 0.035084849077437745 -0.0011299903981143399 0.43203404866958639 0.098833942269659941 -0.00065167258967217606
leaf_weight=35.299554839672055 44.77233730230364 6.5892768373596509 6.6702392703737123 14.68555144080892 11.86406602347415 4.6224554830114419 279.98905570432544 0.37393854255787973 0.74669358573737454 10.725083313402138 8.8338872815074847 0.51557771349325676 2.2550518989737602 74.521509288111702 0.45494137023342673 5.1310850523295803 21.571705466587446 28.995749441848602 3.2139472387498245 1.4531033056555305 3.0439332798123351 14.103411945776314 0.3821587071288377 4.1573858016054137 7.9700819659628932 10.822308327231438 640.98671516885224 0.13878910850326143 1.7912451005540777 40.292957762998412
leaf_count=298646 27237 2790 5627 17810 30496 1196 17742 16 61 1668 8561 11 1003 2416 37 99 5192 16738 205 24 214 365 18 2022 299 122 21278 11 29 3475
internal_value=-0.000144671 0.0015642 -0.0508373 0.0469489 0.000775181 -0.00921237 0.00260386 0.010549 -0.000836897 0.000670277 -0.00536284 -0.032907 -0.000484543 0.00321779 0.0179244 0.00678004 -0.0270929 0.0608357 -0.0135031 -0.022863 -0.0089947 0.0548252 0.211111 0.000453845 0.0252284 0.00392035 -0.000685002 0.0620871 -0.00171036 -0.00594322
internal_weight=1286.97 1245 41.9698 21.2748 1223.73 189.384 1034.35 312.573 721.772 675.547 177.52 26.7097 150.81 141.976 64.4109 49.4703 26.1942 32.5836 3.58789 46.2254 77.5654 14.9405 0.8371 674.8 29.6563 18.7924 645.144 10.8639 44.3393 42.548
internal_count=465408 161135 304273 20600 140535 53112 87423 34701 52722 25461 22616 6399 16217 7656 5026 4606 6388 16959 221 27261 2630 420 55 25400 2100 421 23300 1679 4507 4478
is_linear=0
shrinkage=0.07


Tree=105
num_leaves=31
num_cat=0
split_feature=7 12 2 9 3 3 1 1 7 1 1 2 3 2 5 2 3 3 7 2 2 5 12 3 7 4 0 7 3 9
split_gain=20.7999 8.31836 7.12079 5.23403 5.25123 18.9716 61.2542 5.02331 4.05432 5.27317 5.72816 8.56378 5.02039 10.1694 5.61121 8.7133 4.88098 17.8013 4.59465 3.56282 3.5253 15.3583 10.4059 9.62681 8.57548 8.08813 7.44823 7.32043 18.1184 6.1089
threshold=46.885776519775398 15.500000000000002 81.754161834716811 1.0000000180025095e-35 83.424911499023452 65.142410278320327 65.80612945556642 80.217391967773452 92.805229187011733 90.521114349365249 90.054946899414077 99.462364196777358 28.097587585449222 51.66851997375489 0.73214286565780651 71.516754150390639 81.872947692871108 80.735492706298842 96.884704589843764 89.512962341308608 63.085796356201179 0.069047622382640853 4.5000000000000009 19.560019493103031 59.163263320922859 1.0000000180025095e-35 43.288288116455085 90.336727142333999 85.349594116210952 1.0000000180025095e-35
decision_type=2 2 2 2 2 2 2 2 2 2 2 2 2 2 2 2 2 2 2 2 2 2 2 2 2 2 2 2 2 2
left_child=2 8 -1 -4 5 6 -5 -3 20 10 12 -12 -10 -14 19 -16 17 -17 -13 -15 24 23 25 -22 -2 26 -23 -28 -29 -24
right_child=1 7 3 4 -6 -7 -8 -9 9 -11 11 18 13 14 15 16 -18 -19 -20 -21 21 22 29 -25 -26 -27 27 28 -30 -31
leaf_value=-0.070227884404752416 -0.045308075622648283 -0.0042349667168630582 -0.033224711705433778 -0.070163687962305502 0.025927404574606763 0.15614156719919328 6.0519461894741573 0.070060780332225153 0.041745318871600746 0.070381588298625994 0.071735956071214468 -0.62382910450196905 -0.042670253105117163 0.015852400393635585 -0.4439040096474931 -0.011229463874632176 0.039281152617928403 -0.59540913381831206 -0.18250356494152067 0.064309329025097117 -0.12383334151589664 0.51821076806774014 -0.00059953989005574987 0.066912355700505979 -0.0025973217702896742 0.092047779559681131 -0.035456148061507896 -0.0669392919211418 -0.72371755682098304 0.017884443832255653
leaf_weight=27.196463199827122 27.955300603396608 6.6125491790589903 8.0789501124745566 0.026734115963335525 2.3809240482078167 0.62565974394965451 0.011432742699980736 13.693548393843228 20.4397264898289 7.6970964004867701 0.3944612605846477 0.20092923194169998 17.922628480941057 29.320996000082232 0.26790561689995129 1.3731457826215776 2.1382917134906165 0.31405513978097577 0.27216883300570771 9.9606929320143518 1.3742950716841758 0.11739004438277234 801.80358159083698 22.900184623875248 130.86196999902313 2.4442667737021102 44.299639191594906 0.94364048808347323 0.26322865928523242 98.360710764995019
leaf_count=260762 45654 2790 36882 93 110 208 1 17810 315 5300 103 27 116 3032 10 173 522 55 26 3101 20 30 46850 2316 7629 179 14975 72 29 16218
internal_value=-0.000135293 0.00143198 -0.0509297 -0.00374727 0.0744683 0.248568 1.76369 0.0458669 0.000693377 0.0149669 0.00980343 -0.169118 0.0117025 0.00168472 0.0200122 -0.0579814 -0.0309546 -0.119969 -0.369939 0.0281397 -0.000445936 0.00113315 -0.00027433 0.0561133 -0.0101153 -0.0320075 -0.0386537 -0.0400902 -0.210188 0.0014202
internal_weight=1280.25 1241.93 38.3202 11.1237 3.04475 0.663827 0.0381669 20.3061 1221.63 90.3021 82.605 0.867559 81.7374 61.2977 43.3751 4.0934 3.82549 1.6872 0.473098 39.2817 1131.32 972.507 948.232 24.2745 158.817 48.0682 45.6239 45.5065 1.20687 900.164
internal_count=465408 167352 298056 37294 412 302 94 20600 146752 12780 7480 156 7324 7009 6893 760 750 228 53 6133 133972 80689 78353 2336 53283 15285 15106 15076 101 63068
is_linear=0
shrinkage=0.07


Tree=106
num_leaves=31
num_cat=0
split_feature=6 5 12 8 3 3 1 6 12 3 8 2 1 2 5 6 3 3 12 12 8 2 3 8 6 8 9 12 8 2
split_gain=17.9711 11.6088 7.48285 5.41937 6.81503 42.3819 4.90427 4.03346 4.22054 3.88843 3.7795 4.22697 3.37008 5.44437 3.31241 11.2282 5.91512 5.47138 8.13675 5.62126 6.18846 5.57763 5.16779 3.98428 5.00882 4.20458 3.05418 2.77401 3.09726 3.51104
threshold=46.064012527465827 0.47222222387790685 15.500000000000002 0.0745370388031006 62.575302124023445 62.316371917724616 80.217391967773452 41.684398651123054 12.500000000000002 82.793453216552749 0.89087301492691051 65.142410278320327 26.747966766357425 35.388994216918952 0.81666666269302379 73.20508193969728 94.570026397705092 92.031745910644545 11.500000000000002 9.5000000000000018 0.12060606107115747 91.331184387207045 99.541282653808608 0.19292803853750232 63.069993972778327 0.2788888961076737 1.0000000180025095e-35 12.500000000000002 0.080540537834167494 96.051948547363295
decision_type=2 2 2 2 2 2 2 2 2 2 2 2 2 2 2 2 2 2 2 2 2 2 2 2 2 2 2 2 2 2
left_child=1 9 10 -3 5 -5 -4 8 -6 -1 14 12 -12 -14 16 17 -2 -16 19 21 -21 -19 -23 -22 -25 -26 -11 -20 29 -29
right_child=2 3 6 4 7 -7 -8 -9 -10 26 11 -13 13 -15 15 -17 -18 18 27 20 23 22 -24 24 25 -27 -28 28 -30 -31
leaf_value=-0.070032235207008089 -0.0018566987787634716 -0.028831523296712305 -0.0040787131034069448 -0.07023980294891996 0.057614019191510879 3.5797182505698979 0.070056669939045621 -0.0077303671768723858 0.25479633259951845 -0.07084421614772593 0.044313054438488882 0.063246671502332499 -0.12576398762570665 0.0045229483455484012 0.038832594526117446 0.062758041248064736 0.034714941232617966 -0.13410262738635106 0.0028113609435595796 -0.048372843702814486 -0.12250285572038593 0.079695390841843558 -0.017886749774555122 -0.62776950022531908 0.07143846118946702 -0.46615251275883063 0.21724511153466214 -0.087222282802718362 0.096227320786045636 0.035987866793508579
leaf_weight=31.532972733359202 1016.8575530422168 11.73114569054451 6.6493931243312572 0.083321852907828453 3.0928850847049021 0.019175906309101265 12.768502487917429 4.3339206998207374 0.64236851171881415 0.31735211686463927 6.97484027035535 9.8391677645267901 1.8968870565295208 9.1646603486733493 17.516020695533371 17.578341466316488 22.142493989915238 1.4225352253997687 58.176520058885217 13.291333354922243 1.237536137923599 3.8445921283564521 8.625202461524168 0.20002278126776207 0.15761367685627192 0.13015680864918977 0.41758617040613899 1.3297398258000592 3.3974567667464717 7.6707760377321392
leaf_count=293803 96060 32430 2791 188 672 10 17810 881 39 1072 155 5208 12 174 386 9690 1949 20 833 151 23 63 170 9 18 24 19 40 477 231
internal_value=-0.000156367 -0.0403897 0.0015629 0.00165449 0.0454198 0.612617 0.04467 0.038215 0.0915244 -0.0663225 0.000866201 0.0263407 0.00620788 -0.0178193 0.000261115 0.0105943 -0.00107731 0.0027571 -0.0035947 -0.0348739 -0.0645631 -0.00278184 0.012199 -0.189287 -0.358721 -0.171711 0.0928459 0.00921799 0.0392806 0.0177847
internal_weight=1273.04 52.1707 1220.87 19.9028 8.17167 0.102498 19.4179 8.06917 3.73525 32.2679 1201.45 27.8756 18.0364 11.0615 1173.58 134.578 1039 117 99.4835 28.909 15.0167 13.8923 12.4698 1.72533 0.487793 0.28777 0.734938 70.5745 12.398 9.00052
internal_count=465408 329114 136294 34220 1790 198 20601 1592 711 294894 115693 5549 341 186 110144 12135 98009 2445 2059 478 225 253 233 74 51 42 1091 1581 748 271
is_linear=0
shrinkage=0.07


Tree=107
num_leaves=31
num_cat=0
split_feature=7 12 12 1 11 7 8 1 7 7 0 0 9 0 12 1 8 12 0 3 4 4 3 1 1 8 0 12 8 0
split_gain=18.6125 6.90263 6.73106 4.75623 4.3992 9.23289 4.84728 23.0505 6.35445 9.51897 6.23195 11.5281 5.9834 7.42729 5.33006 8.95934 7.32129 5.19248 5.21978 5.99508 5.12121 5.08943 6.82989 6.7909 7.22198 13.1145 28.4743 6.33475 6.07116 7.62982
threshold=46.024723052978523 15.500000000000002 12.500000000000002 80.217391967773452 1.0000000180025095e-35 52.062900543212898 0.19292803853750232 87.20676422119142 50.110132217407234 57.198879241943366 92.612083435058608 86.70682525634767 1.0000000180025095e-35 92.031745910644545 13.500000000000002 82.793453216552749 0.33974359929561621 1.5000000000000002 90.521114349365249 88.341892242431655 1.0000000180025095e-35 1.0000000180025095e-35 73.20508193969728 74.322341918945327 70.299972534179702 0.58578431606292736 82.807880401611342 12.500000000000002 0.48999999463558203 75.716625213623061
decision_type=2 2 2 2 2 2 2 2 2 2 2 2 2 2 2 2 2 2 2 2 2 2 2 2 2 2 2 2 2 2
left_child=2 4 -1 -3 6 -6 8 10 17 -10 11 21 13 -11 16 -16 -13 20 19 -19 -2 -8 27 24 -24 -26 -27 -23 29 -29
right_child=1 3 -4 -5 5 -7 7 -9 9 12 -12 14 -14 -15 15 -17 -18 18 -20 -21 -22 22 23 -25 25 26 -28 28 -30 -31
leaf_value=-0.06015395943474322 -0.064846377214071049 -0.0037808920268479493 0.097901765857766374 0.070052840997650995 -0.066428798145758167 -0.0050824103148074153 -0.0015609143525479236 0.062016329908691666 -0.052747451737371977 -0.065742575419290253 0.041769090474090199 -0.088690443021075302 0.020792066529634366 0.013195094984243193 0.070770445933233325 -0.3339731529519181 0.032663842195719987 0.0081387256804144187 -0.0024600381035552706 0.056397403790770052 0.096776710010341105 0.045086856950043726 -0.024127815397361245 0.015507512931872346 -0.11156657099536513 0.070467991523352064 -1.2800411094874249 -0.18596463738192751 0.070888487459344951 0.054947888756715316
leaf_weight=30.185697667875505 9.201516441382406 6.6702554409857866 1.3806459223051195 11.905900669691617 12.902685578119415 176.00745948459371 217.3795968915947 36.148643920721952 27.76333742357383 12.086529286054429 18.972313268226571 7.7033498534001392 26.947435361100361 11.302182916318998 0.39494921965524443 0.83363271690905094 3.5625359119148925 188.76292282504437 395.64017980655626 13.516858775969011 1.0726241916418082 38.401279537414666 3.3617646503262213 9.5822717532282677 1.4578218925744293 0.15058921242598433 0.15548367681913078 1.8845390504575328 1.48279565165285 0.97868057317100454
leaf_count=280368 8608 2791 1295 17810 47001 22616 11548 18583 10907 1486 5886 124 2620 189 109 67 763 25248 3389 76 7 2117 162 1222 57 32 32 27 225 43
internal_value=-0.000163069 0.00119224 -0.0532409 0.0435409 0.000546182 -0.00927241 0.00234919 0.00915139 -0.00104501 -0.0198416 0.00291246 0.000346758 -0.00169209 -0.0275973 -0.0654136 -0.203861 -0.0503154 0.0013687 0.00221654 0.0113635 -0.0479729 0.00333634 0.0218649 -0.0192803 -0.084315 -0.199024 -0.615585 0.0360216 -0.044079 -0.103618
internal_weight=1267.8 1236.23 31.5663 18.5762 1217.65 188.91 1028.74 342.45 686.294 78.0995 306.302 287.329 50.3361 23.3887 12.4945 1.22858 11.2659 608.194 597.92 202.28 10.2741 274.835 57.4552 14.7079 5.12566 1.76389 0.306073 42.7473 4.34602 2.86322
internal_count=465408 183745 281663 20601 163144 69617 93527 40997 52530 15202 22414 16528 4295 1675 1063 176 887 37328 28713 25324 8615 15465 3917 1505 283 121 64 2412 295 70
is_linear=0
shrinkage=0.07


Tree=108
num_leaves=31
num_cat=0
split_feature=6 5 12 11 1 6 3 8 6 8 0 0 2 1 5 6 3 3 12 12 12 8 2 3 0 2 5 3 12 5
split_gain=14.9308 10.9443 6.19769 4.87144 4.60903 4.36064 3.66186 3.35767 3.74248 3.26743 3.96442 4.12832 4.98052 3.74142 2.85578 10.0668 5.20618 4.87055 6.84899 4.49012 4.78166 4.3067 3.33489 3.30968 3.10961 8.30294 8.15961 23.5759 9.05856 8.85334
threshold=46.064012527465827 0.47222222387790685 15.500000000000002 1.0000000180025095e-35 80.217391967773452 26.246067047119144 82.793453216552749 0.0745370388031006 45.478595733642585 0.89087301492691051 48.331480026245124 27.072835922241214 35.388994216918952 35.043859481811531 0.81666666269302379 73.20508193969728 94.570026397705092 92.031745910644545 11.500000000000002 9.5000000000000018 6.5000000000000009 0.12060606107115747 91.331184387207045 98.332870483398452 86.319076538085952 90.366767883300795 0.43650794029235845 72.481884002685561 6.5000000000000009 0.38750000298023229
decision_type=2 2 2 2 2 2 2 2 2 2 2 2 2 2 2 2 2 2 2 2 2 2 2 2 2 2 2 2 2 2
left_child=1 6 9 7 -4 -5 -1 -3 -9 14 11 -11 -13 -14 16 17 24 -16 19 20 22 -21 -19 -24 25 26 29 -28 -29 -2
right_child=2 3 4 5 -6 -7 -8 8 -10 10 -12 12 13 -15 15 -17 -18 18 -20 21 -22 -23 23 -25 -26 -27 27 28 -30 -31
leaf_value=-0.070030699885101813 -0.0025473785300850317 -0.013255424965462545 -0.0035056463796434819 0.14078823190601775 0.070049266358259379 -0.062974979572992015 0.089938183737843208 0.074005451604514924 -0.10651555018273687 0.045792723438877365 0.062942917179509408 -0.12637759391790035 0.042840244447169072 -0.049631559759028381 0.037304847770878065 0.061958963759984852 0.033060944398180234 -0.12846822417260517 0.0087345295490690415 -0.043288048923833158 0.058236387754768131 -0.15443413553509791 0.082215095500817112 -0.033968377233335283 -0.0054833733677490271 0.04875734403484757 0.038611102182799666 -0.041750204076125425 0.010735624841190571 -0.047475943534970214
leaf_weight=27.844884046273368 298.79138190473896 5.674370153712518 6.6896603416535099 0.56092297856957785 11.101534293731673 6.2356759034955758 0.71928766251949028 6.6224865379190305 0.61498763704003057 7.4346752818673911 8.9525155044393596 1.8574549257755268 4.6268602095078659 3.9952046821126714 17.061185998172732 15.996807190007528 21.502666175700142 1.4388014941359859 70.131596864113817 13.712361817568306 4.3619660508702518 1.9513486981159083 1.4695531308534535 6.584436001983704 525.57884074398316 18.130497365586052 83.664959160079889 35.042550704129098 29.827851978174294 23.156666940907598
leaf_count=293803 67848 6180 2791 698 17810 26863 1091 450 29 202 5170 11 57 109 386 9690 1949 18 1581 151 103 74 21 111 18017 1160 2851 1427 702 4055
internal_value=-0.000138513 -0.0383167 0.00138075 0.00180927 0.0423919 -0.0461584 -0.0660024 0.0270587 0.0586661 0.000770314 0.0249059 0.00589705 -0.0224069 -8.39909e-06 0.000215332 0.00988322 -0.00102346 0.00274555 -0.00317138 -0.0314581 -0.00242937 -0.0571344 -0.0303055 -0.0127692 -0.0017461 0.0022739 0.000482618 0.0140545 -0.0176169 -0.00577894
internal_weight=1261.33 48.2726 1213.06 19.7084 17.7912 6.7966 28.5642 12.9118 7.23747 1195.27 26.8667 17.9142 10.4795 8.62206 1168.4 132.708 1035.7 116.711 99.6501 29.5185 13.8548 15.6637 9.49279 8.05399 1014.19 488.614 470.483 148.535 64.8704 321.948
internal_count=465408 329114 136294 34220 20601 27561 294894 6659 479 115693 5549 379 177 166 110144 12135 98009 2445 2059 478 253 225 150 132 96060 78043 76883 4980 2129 71903
is_linear=0
shrinkage=0.07


Tree=109
num_leaves=31
num_cat=0
split_feature=7 11 7 8 1 2 2 0 5 6 8 7 3 0 7 2 5 0 0 2 3 6 1 5 6 2 3 7 3 2
split_gain=15.7443 5.40611 11.1856 5.86026 27.1016 6.82994 6.17189 5.35833 7.73953 5.74956 9.68484 6.32876 5.63483 5.45944 6.00929 5.92515 7.33227 5.11034 7.31324 7.2436 5.05573 8.82195 6.71991 5.00307 6.78573 4.93578 4.82598 4.37182 5.10592 4.91512
threshold=43.147575378417976 1.0000000180025095e-35 52.062900543212898 0.24568965286016467 87.20676422119142 89.825496673583999 65.419578552246108 50.28735542297364 0.2264957278966904 50.099601745605476 0.16064515709877017 57.198879241943366 84.273937225341811 90.521114349365249 48.795005798339851 81.53021621704103 0.94444444775581371 86.70682525634767 88.273490905761733 55.470087051391609 79.823009490966811 81.661396026611342 86.70682525634767 0.58571431040763866 57.214643478393562 65.599384307861342 88.341892242431655 51.524446487426765 97.70084381103517 90.595520019531264
decision_type=2 2 2 2 2 2 2 2 2 2 2 2 2 2 2 2 2 2 2 2 2 2 2 2 2 2 2 2 2 2
left_child=-1 3 -3 6 5 17 -2 8 -8 11 12 13 23 26 -15 16 -16 -5 20 -20 21 -19 -22 -11 -25 -4 -9 28 -12 -29
right_child=1 2 25 4 -6 -7 7 9 -10 10 27 -13 -14 14 15 -17 -18 18 19 -21 22 -23 -24 24 -26 -27 -28 29 -30 -31
leaf_value=-0.063148658434567198 -0.025105248258003535 -0.064807468495136536 -0.048700320668179975 0.0021739887556631002 0.067334826662067138 0.040870201193028879 0.076364068885633907 0.0088667593519320582 0.75719755341223471 -0.052674345568344945 -0.042382271050169465 0.065223050418264747 -0.086626470442048215 0.092319770461375725 -0.083581153852056098 -0.0017718791643649601 0.050360459081736024 -0.19029395648985101 -0.56433020662376199 0.01209809444546206 -0.28115437178544889 0.070939226346695167 0.070576330373772644 -0.041604327655387525 0.086815196398505157 -0.0016070470068579379 0.052499621688074614 -0.004057205781806769 -0.32586460983407117 0.051532075289141645
leaf_weight=19.128897533264535 47.199909847455274 16.634864051105978 11.68382405968441 247.79644621678744 36.707136077049654 21.927559890726116 2.8021595114478255 175.45327376708883 0.084274765518784878 12.631755605209039 3.4364294485421847 7.8923601105198022 11.264700498722958 3.251874456247605 8.7789303788449597 390.71413924189983 2.5944989174604407 1.2345756823196992 0.10880979849025596 5.8465331386541948 1.3627921532606704 1.3009104160591958 0.33075545064639289 4.3602852165931818 3.7503325894940645 163.64472079044208 13.367237932245187 29.342339841125067 0.34234311734326173 10.612669453606939
leaf_count=212944 42924 98826 9420 10900 33105 11275 725 21678 35 1487 272 430 292 829 143 3215 36 21 2 831 44 297 96 102 89 13196 106 1003 6 1079
internal_value=-0.000128278 0.000846692 -0.0099501 0.00283099 0.010781 0.00336453 -0.000627129 0.00107024 0.0962423 0.000664943 -0.0175119 0.00295167 -0.0467713 0.00212451 -0.00245517 -0.00322166 -0.0530265 0.000176663 -0.0484203 0.0015662 -0.118812 -0.0562601 -0.21246 -0.0251268 0.0177766 -0.00474532 0.0119557 0.00390188 -0.0680647 0.0107082
internal_weight=1255.59 1236.46 191.963 1044.5 316.616 279.908 727.88 680.68 2.88643 677.793 75.7409 602.052 32.0071 594.16 405.339 402.088 11.3734 257.981 10.1844 5.95534 4.22903 2.53549 1.69355 20.7424 8.11062 175.329 188.821 43.7338 3.77877 39.955
internal_count=465408 252464 121442 131022 56571 23466 74451 31527 760 30767 4330 26437 1970 26007 4223 3394 179 12191 1291 833 458 318 140 1678 191 22616 21784 2360 278 2082
is_linear=0
shrinkage=0.07


Tree=110
num_leaves=31
num_cat=0
split_feature=7 12 1 11 7 4 5 5 12 7 7 1 6 6 6 5 7 3 5 3 6 6 7 1 7 3 1 3 3 7
split_gain=14.4769 5.18894 4.44603 4.2503 10.3771 4.19583 6.01044 4.96608 3.93994 4.17608 3.57862 14.5625 5.86385 5.31239 7.61655 7.76698 5.07385 8.36134 6.27954 6.18294 4.96696 4.95393 13.7137 4.87331 6.20263 4.56233 4.13025 4.39586 3.98987 3.77569
threshold=43.147575378417976 15.500000000000002 80.217391967773452 1.0000000180025095e-35 52.062900543212898 1.0000000180025095e-35 0.31666667759418493 0.080128207802772536 5.5000000000000009 63.300245285034187 64.722881317138686 88.047618865966811 63.069993972778327 84.650035858154311 50.099601745605476 0.2264957278966904 66.859344482421889 19.560019493103031 0.38750000298023229 48.331480026245124 55.468318939208991 54.953443527221687 62.554347991943366 19.433517456054691 61.920122146606452 70.299972534179702 30.860805511474613 28.097587585449222 64.565757751464858 44.742851257324226
decision_type=2 2 2 2 2 2 2 2 2 2 2 2 2 2 2 2 2 2 2 2 2 2 2 2 2 2 2 2 2 2
left_child=-1 3 -3 10 -5 7 -7 -6 9 -8 13 12 16 14 15 25 18 -18 28 -19 21 -16 -23 24 -22 -2 27 -17 -12 -28
right_child=1 2 -4 4 5 6 8 -9 -10 -11 11 -13 -14 -15 20 26 17 19 -20 -21 23 22 -24 -25 -26 -27 29 -29 -30 -31
leaf_value=-0.062334096087469495 -0.064713746127867441 -0.0043383182209273483 0.070043677217073677 -0.063718370969635299 0.036759366858831057 -0.058078065299749751 -0.079957472006983499 -0.044153033998932112 0.0012783987662808832 0.093274309596719118 -0.0069693125046792473 0.05844479028001532 0.0012947540769298652 0.050819194435241022 -0.04050187071750995 0.61237863273220317 0.77922039201099946 -0.073710443211457977 -0.085111437980698021 0.092859495259109456 0.21062086224099794 -0.096241079852370973 -0.7468847286390411 -0.014122669588694747 -0.098946508192151936 0.058539732915018322 0.10052288316373269 0.098711701122263629 0.17492416263630325 0.0021215046900603073
leaf_weight=18.060628287639702 12.373717663598653 6.6104393701534745 9.7385179638513346 15.766104875125164 4.4861785701359649 8.2155560563260206 0.81610371108399604 21.675331981299678 135.66116400547617 4.14603877053014 1.3694690282281947 26.099282480427064 259.40915375773329 9.7103650765493494 19.22460165734083 0.10225150862242927 0.082331351120955243 1.259191340941469 2.6168224967550486 8.2207645291928184 1.0194386832590669 1.4356637083910744 0.17846322362311173 66.451028930445318 0.46036881650798012 1.6702162440342352 1.9166987091084582 0.40488750057556899 1.0393951557343823 609.47924100724049
leaf_count=212944 35547 2791 17810 98826 1198 8561 274 5201 7277 105 394 16959 16713 1035 6982 31 10 299 52 243 186 542 36 7973 34 304 3589 114 31 19347
internal_value=-0.00011718 0.000795163 0.0399685 0.000268175 -0.00932534 -0.00442497 0.000119262 -0.0302782 0.00351929 0.0647836 0.00205449 0.00848228 0.00372316 -0.000608246 -0.00130696 0.00141433 0.0469061 0.0768346 -0.0100385 0.0707346 -0.0204957 -0.0503914 -0.168178 -0.0113248 0.114314 -0.0500555 0.00259562 0.202279 0.0715155 0.00242999
internal_weight=1249.7 1231.64 16.349 1215.29 190.766 175 148.839 26.1615 140.623 4.96214 1024.52 300.096 273.997 724.427 714.717 625.947 14.588 9.56229 5.02569 9.47996 88.7696 20.8387 1.61413 67.9308 1.47981 14.0439 611.903 0.507139 2.40886 611.396
internal_count=465408 252464 20601 231863 121442 22616 16217 6399 7656 379 110421 34701 17742 75720 74685 58932 1029 552 477 542 15753 7560 578 8193 220 35851 23081 145 425 22936
is_linear=0
shrinkage=0.07


Tree=111
num_leaves=31
num_cat=0
split_feature=7 12 2 11 7 2 8 8 6 6 7 12 7 7 0 0 8 6 2 5 2 0 0 5 0 8 7 6 5 7
split_gain=13.2932 4.70032 4.3032 3.70903 9.59793 4.29564 3.67036 3.61945 6.46825 4.84999 4.52583 6.55674 6.69727 3.9644 4.72003 3.78292 5.41034 6.08668 7.22333 5.32704 5.52189 9.13497 9.0499 5.96381 6.44761 4.89477 5.28325 8.563 4.41198 3.6575
threshold=43.147575378417976 15.500000000000002 75.147060394287124 1.0000000180025095e-35 52.062900543212898 65.599384307861342 0.32738095521926885 0.1012820526957512 54.007299423217781 53.132547378540046 80.076335906982436 11.500000000000002 74.210178375244155 52.957075119018562 99.473682403564467 85.880397796630874 0.22401433438062671 75.343498229980483 97.01425933837892 0.86607143282890331 94.804317474365249 95.488464355468764 92.612083435058608 0.78888890147209179 89.512962341308608 0.18019481003284457 57.705213546752937 66.866264343261733 0.47222222387790685 61.920122146606452
decision_type=2 2 2 2 2 2 2 2 2 2 2 2 2 2 2 2 2 2 2 2 2 2 2 2 2 2 2 2 2 2
left_child=-1 3 -3 -2 6 -6 -5 8 29 -9 11 12 -10 14 -11 28 25 -18 19 20 23 22 -22 24 -19 26 27 -17 -15 -7
right_child=1 2 -4 4 5 7 -8 9 10 13 -12 -13 -14 15 -16 16 17 18 -20 -21 21 -23 -24 -25 -26 -27 -28 -29 -30 -31
leaf_value=-0.061459051306064792 0.0019132419769311388 -0.029028303835968192 0.058569566266485344 -0.071111760287909581 -0.046258298811118558 -0.043703256405334685 0.077881406092464148 -0.077776467054224793 -0.0065523902622600383 -0.011922341228010842 -0.035929262090663494 0.12844522049628274 0.41650154391356226 -0.0087610279557281175 0.28115193281364304 0.007997152873250429 -0.071617941740091784 -0.071664453333175032 0.015622573948043318 0.070802479564651785 -0.038263884407544829 0.0046014837440865085 -0.28716339764522458 -0.1532934272527294 0.015825512211397781 0.035668947027337188 -0.030882476718273506 0.35071231806379299 0.037288147886825634 0.038895482717333306
leaf_weight=17.071026709745638 1022.0575226353685 3.5498936164658508 12.163057837082304 14.104805673068764 11.107099672473849 7.1851550097635499 0.859533001843375 4.4076216312969327 3.9709260399104078 0.55391570905339793 1.9881362619926211 5.7223640172160231 0.19223558652447525 21.042904508794891 0.52398819383233786 1.4539715523715155 11.091219667345284 6.7922016745433345 21.836466595996171 1.9997377964900795 1.1719437651336186 1.9364176946692166 1.8390644858591256 1.7730615735054005 10.520270305685697 17.727862047031522 15.057628932467194 0.47359785297885526 19.776294230134226 4.1406248077983037
leaf_count=212944 110421 358 20243 98815 9420 4952 11 1520 588 83 22 66 9 2222 6 87 153 84 1354 410 23 63 34 15 248 314 275 8 360 300
internal_value=-0.000113578 0.000739897 0.0387793 0.000246453 -0.0087552 -0.00413597 -0.0625538 -0.00126881 0.0243395 -0.00551303 0.0604384 0.0798195 0.0129823 -0.00316363 0.130546 -0.00423526 -0.011985 -0.0248933 -0.0140672 -0.0389713 -0.0481054 -0.114008 -0.190287 -0.0310219 -0.0184994 0.00993982 -0.0169143 0.0922012 0.0135491 -0.0135057
internal_weight=1244.09 1227.02 15.713 1211.31 189.249 174.285 14.9643 163.178 23.1994 139.978 11.8737 9.88553 4.16316 135.571 1.0779 134.493 93.6734 58.9604 47.8692 26.0327 24.033 4.94743 3.01101 19.0855 17.3125 34.7131 16.9852 1.92757 40.8192 11.3258
internal_count=465408 252464 20601 231863 121442 22616 98826 13196 5937 7259 685 663 597 5739 89 5650 3068 2384 2231 877 467 120 57 347 332 684 370 95 2582 5252
is_linear=0
shrinkage=0.07


Tree=112
num_leaves=31
num_cat=0
split_feature=7 12 1 11 7 2 1 6 6 7 2 2 0 2 6 1 2 6 7 7 6 2 1 7 0 6 12 9 12 0
split_gain=12.1932 4.26189 4.25626 3.22561 8.9964 3.7894 3.59421 3.20825 4.39986 3.11802 16.5227 6.22739 8.37063 5.92478 5.00123 4.98773 6.55902 10.0552 6.34137 7.76964 6.86792 9.55517 6.40321 6.16224 9.96682 5.97972 4.77831 4.66869 7.67009 6.211
threshold=43.147575378417976 15.500000000000002 80.217391967773452 1.0000000180025095e-35 52.470642089843757 65.599384307861342 28.730158805847172 98.270881652832045 96.057815551757827 64.722881317138686 88.493064880371108 63.085796356201179 52.223320007324226 63.245613098144538 66.866264343261733 89.009658813476577 78.979854583740249 93.367176055908217 79.180648803710952 66.859344482421889 90.34647369384767 80.243904113769545 84.660633087158217 95.255413055419936 82.807880401611342 83.75235748291017 12.500000000000002 1.0000000180025095e-35 2.5000000000000004 88.273490905761733
decision_type=2 2 2 2 2 2 2 2 2 2 2 2 2 2 2 2 2 2 2 2 2 2 2 2 2 2 2 2 2 2
left_child=-1 3 -3 9 -5 6 -6 8 -7 11 14 -2 13 -13 27 16 -16 18 19 -18 25 -22 -23 -20 -25 -21 -19 -11 -29 -30
right_child=1 2 -4 4 5 7 -8 -9 -10 10 -12 12 -14 -15 15 -17 17 26 23 20 21 22 -24 24 -26 -27 -28 28 29 -31
leaf_value=-0.060522910751590907 -0.030429653419473041 -0.0050529080307121482 0.07003869545832736 -0.05979955561539245 0.23748987737771274 -0.00010199344852446639 -0.049933419405016985 0.073774836686260517 -0.06433153046089482 -0.01930608255616903 0.04997976003857986 0.39493761134008565 5.1393937368212687e-05 0.071483213987159386 0.00098723986256283431 0.07041870669763188 0.059355027244019358 0.058603773954751817 0.011278850020530433 -0.12805764940732145 -0.64208392050861918 0.070782161465462595 -0.55925169491253701 0.07044746563176553 -0.62076725347780626 0.070902799485680221 -0.069462168631359969 -0.014365942538177853 0.11209302697323587 -0.054726066923668458
leaf_weight=16.154529271952924 32.960092839697609 6.5003958546440108 8.5812405920005386 15.217038882121413 0.21762527222017425 153.59324887263938 10.446672613092231 2.7644759431714183 5.4100255243247366 5.758630111493404 39.48481792412349 0.29456676887639233 685.31692000218027 4.7855395941223833 210.10287886392325 4.632529779453761 1.2674878082470993 5.8431543960468835 5.1028129186015567 7.4447156062815303 0.2920714432839312 0.27379835327155888 0.11112407257314771 0.20684517384506751 0.2020815423456952 0.82190885569434602 1.8891414349782278 5.1587535655125984 8.6259082033066061 1.2524036073591549
leaf_count=212944 39000 2791 17810 100059 124 12128 8686 182 263 369 21542 161 34697 1862 5543 2885 55 1767 689 181 10 47 25 50 37 114 262 879 190 56
internal_value=-0.0001053 0.000691737 0.0376732 0.000230595 -0.00820509 -0.00365191 -0.044068 -0.000987539 -0.00228738 0.00177973 0.00779941 -0.000704108 0.000715012 0.0902385 0.00136864 -0.0015056 -0.00293219 -0.0380411 -0.0701823 -0.102844 -0.12583 -0.340181 -0.111104 -0.0096739 -0.271134 -0.108276 0.0273149 0.0342897 0.0548149 0.0909432
internal_weight=1240.71 1224.56 15.0816 1209.48 187.649 172.432 10.6643 161.768 159.003 1021.83 298.471 723.357 690.397 5.08011 258.986 238.191 233.558 23.4551 15.7228 10.2111 8.94362 0.676994 0.384922 5.51174 0.408927 8.26662 7.7323 20.7957 15.0371 9.87831
internal_count=465408 252464 20601 231863 121442 21383 8810 12573 12391 110421 34701 75720 36720 2023 13159 11665 8780 3237 1208 432 377 82 72 776 87 295 2029 1494 1125 246
is_linear=0
shrinkage=0.07


Tree=113
num_leaves=31
num_cat=0
split_feature=7 9 2 5 1 0 2 3 2 2 4 2 3 2 2 5 1 7 1 2 4 1 7 0 8 3 2 8 2 3
split_gain=11.1733 3.65157 15.3996 8.88915 12.7906 8.20388 5.85509 5.03919 9.44717 10.6381 12.2094 12.1892 9.57383 14.0228 7.29222 9.14896 22.1654 6.06182 5.79684 5.54034 4.4158 5.48597 5.76811 5.18859 5.68478 5.43994 6.49781 4.85714 4.36121 4.10293
threshold=43.147575378417976 1.0000000180025095e-35 90.366767883300795 0.31666667759418493 68.703357696533217 64.747306823730483 83.935482025146499 59.122919082641609 65.599384307861342 70.659969329833999 1.0000000180025095e-35 90.595520019531264 63.224515914916999 70.521389007568374 68.801231384277358 0.38750000298023229 59.67530822753907 75.099998474121108 41.486423492431648 69.631092071533217 1.0000000180025095e-35 88.047618865966811 63.925975799560554 93.788581848144545 0.18019481003284457 93.063350677490249 99.462364196777358 0.77097901701927196 56.294013977050788 59.299959182739265
decision_type=2 2 2 2 2 2 2 2 2 2 2 2 2 2 2 2 2 2 2 2 2 2 2 2 2 2 2 2 2 2
left_child=-1 3 -3 4 6 7 -2 18 -9 12 11 -11 13 14 29 16 17 -16 -5 -18 21 -7 -23 -24 -25 27 -27 -26 -22 -10
right_child=1 2 -4 5 -6 20 -8 8 9 10 -12 -13 -14 -15 15 -17 19 -19 -20 -21 28 22 23 24 25 26 -28 -29 -30 -31
leaf_value=-0.059525601735505564 -0.066433852281947078 0.0011750382859692173 0.045705388859900623 0.1195903552793272 0.038910279252014131 -0.039578896038160491 0.0010376067348800845 -0.070575448109099798 0.36102469545484028 -0.070081323778507426 -0.0019966935026869675 1.8161201201683719 -0.052171063271675845 1.1248655821746871 -0.070901135274004934 0.2730083736722036 1.3932608490976119 0.78631094844536664 -0.024593463414855719 2.6703333383275738 0.12415276720773666 0.042564453700793391 0.052156385532143738 -0.30461607083277897 0.007646951830111234 -0.020564504471349311 -0.55018077560343226 -0.24913554028704085 0.00016386689283618008 -0.030664575949012694
leaf_weight=15.305930467617143 27.811799806135241 307.85902204598096 43.42029708129121 2.0508922984336078 9.8434908907547634 30.11559562659022 8.1486392398437584 0.9168451800469487 0.22474663353932578 0.030691654883412078 1.3131544657153427 0.037058088928461075 0.28826474406741898 0.11699995708477207 0.078415177078568377 0.38022218050537049 0.047806009239138803 0.083429931662976742 4.09337074459836 0.025537664016155759 1.3925998500453705 10.348818637859951 1.9330791864776973 0.51327721029520024 2.8652008352801213 0.22887924243696023 0.22519693645881489 0.4129747237311675 765.46133173612907 0.31429155709338374
leaf_count=212944 109171 43131 35169 442 2725 11462 2292 863 15 111 437 1 271 37 57 14 27 2 2209 31 502 357 84 9 260 17 28 66 42522 152
internal_value=-8.90702e-05 0.000656256 0.00667927 -0.0017776 -0.0317915 -0.000108193 -0.0511448 0.0629028 0.125611 0.186779 0.0452812 0.961642 0.312056 0.394634 0.320627 0.485279 0.828451 0.370985 0.0235336 1.83793 -0.000882897 -0.0217945 0.0106114 -0.0429081 -0.086193 -0.0561544 -0.283225 -0.0247017 0.00038903 0.132646
internal_weight=1235.89 1220.58 351.279 869.303 45.8039 823.499 35.9604 10.0017 3.85746 2.94062 1.3809 0.0677497 1.55971 1.27145 1.15445 0.615411 0.235189 0.161845 6.14426 0.0733437 813.497 46.643 16.5274 6.17861 4.24553 3.73225 0.454076 3.27818 766.854 0.539038
internal_count=465408 252464 78300 174164 114188 59976 111463 4669 2018 1155 549 112 606 335 298 131 117 59 2651 58 55307 12283 821 464 380 371 45 326 43024 167
is_linear=0
shrinkage=0.07


Tree=114
num_leaves=31
num_cat=0
split_feature=7 12 1 8 1 2 5 2 3 3 7 7 8 0 3 3 12 7 7 1 12 1 3 2 5 3 8 8 12 12
split_gain=10.2112 3.56946 4.10164 3.37756 2.87813 41.6329 3.41546 17.2084 3.14241 4.11395 20.8974 2.85392 5.03325 4.57765 3.91863 7.69942 5.2619 4.15208 7.61279 5.91834 7.66131 3.31621 7.51464 7.44142 32.5168 13.4087 7.4522 7.08863 6.54744 11.8222
threshold=43.147575378417976 15.500000000000002 80.217391967773452 0.15075758099555972 79.337715148925795 77.712417602539077 0.73214286565780651 92.031745910644545 64.747306823730483 63.100687026977546 87.367481231689467 92.805229187011733 0.55050507187843334 28.035087585449222 47.673160552978523 29.300813674926761 8.5000000000000018 97.595180511474624 97.22989654541017 74.115688323974624 8.5000000000000018 69.860393524169936 77.836257934570327 89.825496673583999 0.5634920895099641 78.456192016601577 0.74456521868705761 0.41885964572429663 6.5000000000000009 10.500000000000002
decision_type=2 2 2 2 2 2 2 2 2 2 2 2 2 2 2 2 2 2 2 2 2 2 2 2 2 2 2 2 2 2
left_child=3 11 4 -1 6 -6 8 -8 9 -3 -11 21 13 -13 15 -14 -17 18 -16 20 -20 -2 27 24 25 -24 28 -23 -26 -30
right_child=1 2 -4 -5 5 -7 7 -9 -10 10 -12 12 14 -15 17 16 -18 -19 19 -21 -22 22 23 -25 26 -27 -28 -29 29 -31
leaf_value=-0.069419300661435535 -0.0059683804599131429 -0.015080195774061517 0.070035141292565148 0.045606087805198613 -3.1731942222229934 0.070072897938467688 -1.4875269235462596 0.070068856752338038 0.070299761791249069 -1.8487581104703865 0.070228105963079129 0.11765034370623836 0.020573746807099471 0.02816082769764398 0.01499035237796063 -0.06124674139172448 0.043032482955646469 0.048778387468107344 -0.4246650550409336 -0.0055409583927419886 -0.031493486593739919 0.01019443491958872 -0.096414386504795974 0.0023872193111290057 -0.067907770481112253 0.031982717562325187 -0.25636045576157362 0.065163100925259204 0.041642258241855766 -0.048603021604551509
leaf_weight=13.137865673252234 390.865698637881 3.2712216468644315 7.6983018928149249 1.3824991050059896 0.021582324057817348 0.19127151893917471 0.044937221740838029 0.15339885064167902 2.606592309079133 0.036477131186984368 0.11697859287960455 3.3585239872336414 17.294326582690701 16.868858510249993 13.262885914475191 15.117407686542721 2.812127838144078 14.373295675177358 0.55794703727588124 0.90206935201422311 0.43001295340945944 188.70421884439565 4.3081603295540836 397.37200067154481 34.12047048655586 53.197704524878645 0.83277495694346626 12.241223905934019 9.5625504821582563 27.76560740556306
leaf_count=212430 173909 365 17810 514 8 216 26 199 1893 18 66 25 310 1986 3870 171 158 5883 30 304 43 13828 354 21296 2072 3388 184 2684 331 1037
internal_value=-0.000113062 0.00058256 0.0355471 -0.0584676 -0.00566381 -0.258778 0.00298464 -0.282837 0.0123838 -0.0316973 -0.385924 0.00017189 0.0125391 0.0430195 0.00301729 -0.012749 -0.0448912 0.021826 -0.00373962 -0.135173 -0.253536 -0.000767308 0.00202476 -0.00236583 -0.0169183 0.0223636 -0.0481704 0.013543 -0.0457438 -0.0254844
internal_weight=1232.61 1218.09 14.1408 14.5204 6.44246 0.212854 6.22961 0.198336 6.03127 3.42468 0.153456 1203.95 84.9775 20.2274 64.7501 35.2239 17.9295 29.5262 15.1529 1.89003 0.98796 1118.97 728.105 527.159 129.787 57.5059 72.2814 200.945 71.4486 37.3282
internal_count=465408 252464 20601 212944 2791 224 2567 225 2342 449 84 231863 12780 2011 10769 639 329 10130 4247 377 73 219083 45174 28662 7366 3742 3624 16512 3440 1368
is_linear=0
shrinkage=0.07


Tree=115
num_leaves=31
num_cat=0
split_feature=6 9 6 12 2 1 1 8 0 1 2 5 6 1 0 6 0 0 5 0 2 2 0 2 8 0 1 0 5 1
split_gain=8.53876 6.48668 3.81782 3.65772 3.72417 2.72352 4.9626 2.58536 3.34293 3.55442 2.8867 9.55063 6.55174 5.90164 4.8738 4.58679 4.5626 4.56004 9.25223 8.58165 8.41703 4.90302 17.7805 66.1151 5.20218 5.3078 25.1827 84.7172 16.105 17.2171
threshold=39.907407760620124 1.0000000180025095e-35 27.465949058532718 15.500000000000002 49.65753364562989 78.611557006835952 83.424911499023452 0.89087301492691051 48.331480026245124 24.316333770751957 74.833332061767592 0.16025641560554507 49.890829086303718 56.562757492065437 19.139194488525394 98.598102569580092 50.878274917602546 72.834224700927749 0.38750000298023229 69.631092071533217 93.127067565917983 77.032970428466811 72.255687713623061 76.689495086669936 0.20344828069210055 69.504829406738295 58.102025985717781 69.860393524169936 0.20714285969734195 70.299972534179702
decision_type=2 2 2 2 2 2 2 2 2 2 2 2 2 2 2 2 2 2 2 2 2 2 2 2 2 2 2 2 2 2
left_child=1 -1 -3 7 -5 -4 -7 10 9 -9 12 14 -2 16 -12 17 -13 18 21 -20 -21 22 24 -24 25 -15 27 -27 29 -28
right_child=3 2 5 4 -6 6 -8 8 -10 -11 11 13 -14 15 -16 -17 -18 -19 19 20 -22 -23 23 -25 -26 26 28 -29 -30 -31
leaf_value=-0.063432092781130697 -0.060926780470856097 -0.2224494960056024 -0.073709118211238725 -0.067593953874446638 0.048402551740235764 0.22331703211636791 0.025676222120334324 0.049894915977409991 0.061504132399849781 -0.016704548522535504 -0.13016242553996552 0.3239927271556402 -0.0040126887086543717 0.061730158412472223 0.056442580606951766 0.070744958492990881 -0.032788411374526656 0.00081811467368192101 0.42488013800296032 -0.052176363925355275 0.66281153788632929 -0.0097557698265648383 -0.070316058208343968 6.0813899197663677 -0.0044172155681402939 8.2317490584533157 -0.070053519560111813 -0.070269323792666136 0.13182631976486708 2.7142744275734301
leaf_weight=16.877060502247335 10.233626117318634 0.26187422806833582 0.67010462231337475 1.5185155868530262 12.691133484273449 0.87151755741797421 2.1788698020391166 5.9270762763917508 7.5373721676005507 11.634433674276805 0.71115973772248509 0.17673314616331737 314.27032214619976 1.2349204208840072 19.256651816587691 4.7167551192978854 28.20019162621611 777.2649372116939 0.56815983483829657 0.55307642716434202 0.094457089900970459 7.6908173111878568 0.034559829378849716 0.01137934271901031 2.2352035196818179 0.0084319202796904191 0.019191222585504875 0.021080085887660971 0.68239855829597218 0.025134351646556752
leaf_count=237755 87449 29 2558 8 20593 63 75 180 5170 199 12 55 45683 1074 2712 2848 9097 46282 93 272 1 2366 55 29 82 29 94 48 471 26
internal_value=-6.59919e-05 -0.0444703 0.035889 0.000701203 0.0360066 0.0540727 0.0821436 0.000280723 0.0225095 0.00577302 -0.000196941 0.00196151 -0.00580754 0.000801679 0.0497966 0.00192111 -0.0305664 0.00151042 0.0423417 0.226331 0.0521204 0.0236447 0.0837708 1.45349 0.0688824 0.151166 0.297213 2.30171 0.215811 1.50877
internal_weight=1228.18 20.8594 3.98237 1207.32 14.2096 3.72049 3.05039 1193.11 25.0989 17.5615 1168.01 843.505 324.504 823.537 19.9678 795.161 28.3769 790.444 13.1788 1.21569 0.647534 11.9631 4.2723 0.0459392 4.22636 1.99116 0.756236 0.029512 0.726724 0.0443256
internal_count=465408 240480 2725 224928 20601 2696 138 204327 5549 379 198778 65646 133132 62922 2724 53770 9152 50922 4640 366 273 4274 1908 84 1824 1742 668 77 591 120
is_linear=0
shrinkage=0.07


Tree=116
num_leaves=31
num_cat=0
split_feature=12 8 3 9 9 5 1 12 1 0 8 1 5 3 8 8 3 1 3 1 3 1 1 1 1 12 0 0 5 8
split_gain=7.09577 13.0925 7.97313 7.8142 5.89997 19.9528 8.83145 6.9262 6.79635 6.34103 5.88102 5.86702 11.8111 7.43851 6.2153 5.19846 5.12054 6.19016 4.49189 8.56841 4.34964 4.17164 5.19443 5.10601 11.5592 4.15519 6.10978 51.6897 5.25168 4.17247
threshold=2.5000000000000004 0.15504807978868487 91.010101318359389 1.5000000000000002 1.0000000180025095e-35 0.31666667759418493 88.047618865966811 5.5000000000000009 35.043859481811531 74.322341918945327 0.21583850681781772 75.905715942382827 1.0000000180025095e-35 56.77343940734864 0.58578431606292736 1.0000000180025095e-35 19.560019493103031 22.401432991027836 28.097587585449222 29.459980010986332 26.766168594360355 50.252525329589851 56.294013977050788 41.324575424194343 41.486423492431648 6.5000000000000009 77.712417602539077 77.849929809570327 0.47222222387790685 0.21807064861059192
decision_type=2 2 2 2 2 2 2 2 2 2 2 2 2 2 2 2 2 2 2 2 2 2 2 2 2 2 2 2 2 2
left_child=1 2 -1 11 5 9 -6 8 -7 -2 -8 12 13 16 -13 18 17 -3 19 -11 -5 23 -23 -9 -25 26 29 -28 -29 -26
right_child=4 3 -4 20 6 7 10 21 -10 15 -12 14 -14 -15 -16 -17 -18 -19 -20 -21 -22 22 -24 24 25 -27 27 28 -30 -31
leaf_value=-0.066621351630171924 -0.069100475018399943 0.010173791178308883 0.064869132027347481 0.16814139748386797 0.0053541588125058616 0.24400886441927011 0.00065185771479686454 -0.044423015993875672 0.026599578266917504 -0.074322218285228572 0.067483854979153837 0.064642989096097295 -0.065223050397416465 0.081837028865418313 -0.12579957097297068 -0.059606257681971517 -0.018696357662507147 0.14878576719835127 0.033423754084911467 1.0418465898275826 0.033555200257215437 -0.042897174930157531 -0.00094467322481971865 0.42677349143530507 -0.0044198658199922705 -0.064524299468185789 2.1497763131972261 -0.0607016921754506 0.19463947216025426 0.15000834266435067
leaf_weight=28.651618582000086 27.73183780497493 8.1091699779499304 2.4530900616045974 1.7901304631523078 238.14643505876302 0.71988254326060896 9.5215391902311257 2.5941466513831974 33.094158177409554 0.072897863105024885 20.011700536997523 8.0391272279666701 17.560596781295317 5.0316303379804586 0.93765247386181805 4.3442082294641295 39.951063541098847 1.960322984115918 5.0912398831096652 0.062675066539668478 3.4334873541956767 14.746055300558508 749.84128974718988 0.41788761023053567 3.7914978341686929 1.3171531145853803 0.063043069094419146 0.58940560949122289 1.1946996470287559 1.107792378956219
leaf_count=139161 152602 342 120 78 26263 192 672 1433 7889 126 28491 274 3057 216 136 1617 7832 132 6633 3 425 8048 73480 83 4517 626 54 733 144 29
internal_value=-0.000954811 -0.0172841 -0.0562513 -0.00332241 0.00077295 -0.00209066 0.0098317 0.000216005 0.0312281 -0.0521455 0.0459372 -0.00863634 -0.0152363 0.000708482 0.0447507 -0.00301888 -0.00745234 0.0371587 0.0440131 0.44168 0.0796778 -0.00113593 -0.00175378 0.0415165 0.067802 0.0491987 0.0714016 0.179892 0.110284 0.0304983
internal_weight=1232.38 117.918 31.1047 86.8132 1114.46 846.78 267.68 809.477 33.814 37.3029 29.5332 81.5896 72.6128 55.0522 8.97678 9.57102 50.0206 10.0695 5.22681 0.135573 5.22362 775.663 764.587 11.0756 8.48148 8.06359 6.74644 1.84715 1.78411 4.89929
internal_count=465408 151773 139281 12492 313635 258209 55426 97228 8081 160981 29163 11989 11579 8522 410 8379 8306 474 6762 129 503 89147 81528 7619 6186 6103 5477 931 877 4546
is_linear=0
shrinkage=0.07


Tree=117
num_leaves=31
num_cat=0
split_feature=7 1 7 1 5 8 0 5 5 3 2 7 2 7 1 1 0 2 5 4 1 0 8 0 6 8 2 2 2 1
split_gain=10.6018 7.31454 3.67273 9.10895 7.05058 9.82558 9.60384 5.54801 7.43764 5.16408 6.35019 6.28426 6.48381 6.07558 4.85882 7.10435 4.69345 4.4218 13.4184 8.97046 8.76572 8.22102 8.75256 7.30188 5.31398 4.88622 4.81812 7.06469 4.79087 8.54855
threshold=46.024723052978523 82.793453216552749 69.860393524169936 91.704891204833999 0.31666667759418493 0.15504807978868487 74.601570129394545 0.78888890147209179 0.86607143282890331 88.989898681640639 93.127067565917983 72.438781738281264 97.01425933837892 97.22989654541017 47.124916076660163 46.841754913330085 70.659969329833999 49.65753364562989 0.080128207802772536 1.0000000180025095e-35 33.534135818481452 57.93287658691407 0.63961037993431102 40.862709045410163 82.78556060791017 0.25403225421905523 51.113311767578132 62.593282699584968 39.250699996948249 22.401432991027836
decision_type=2 2 2 2 2 2 2 2 2 2 2 2 2 2 2 2 2 2 2 2 2 2 2 2 2 2 2 2 2 2
left_child=1 -1 4 7 5 6 -2 17 9 10 -9 -11 -13 -14 15 16 -6 20 23 21 28 -20 24 25 -23 -19 -27 -28 29 -4
right_child=2 -3 3 -5 14 -7 -8 8 -10 11 -12 12 13 -15 -16 -17 -18 18 19 -21 -22 22 -24 -25 -26 26 27 -29 -30 -31
leaf_value=-0.071241295350590539 -0.074912256778628561 0.021861034686874517 0.019266295153485775 0.046862385047989584 0.062415885789682692 -0.0022124749148910356 0.015346889663023378 -0.13428789352864856 0.092941061364748195 -0.8297830425839281 0.022019964950747529 -0.3825407211331408 0.072719922704958598 -0.46378075119364487 -0.0011434912959459485 0.21367635353214348 -0.042010398470694328 0.16968877000124627 -0.091190559390059087 0.011764439044226633 -0.051956667768906679 0.0093878704006787085 0.042601725415634888 0.076008531600072551 -0.053896261821674979 0.052634299627228411 -0.07867198785016867 0.036705664308141144 0.026542768754531956 -0.031211708320453911
leaf_weight=16.986723863796218 23.685112166360344 5.4651978415859039 29.907662584912032 24.830933913588524 6.2063525702797016 46.643559923897556 7.6395952030761682 2.604728152655297 1.3486670618585774 0.077585192484548204 2.4920256611949299 0.44687606993829809 0.51330256983055733 0.1295289270055946 765.00824272077807 1.1167938139042242 3.1944599023954652 0.94905816449318336 7.5438761055702335 122.61268776576617 17.827449815056752 10.026451351208381 10.696601937466765 20.595896376064047 18.494591193681117 6.7415845254436162 5.4197311922907812 4.9989917200291529 26.886763475835323 36.505089350393973
leaf_count=271558 74265 10105 315 25164 1185 13204 3485 83 466 16 674 20 198 62 37839 77 467 37 269 18383 441 371 2763 2084 701 80 66 241 353 436
internal_value=-0.000918597 -0.0485785 -3.06894e-05 0.00598961 -0.00251113 -0.0225766 -0.0528995 0.0028842 -0.0561739 -0.0882787 -0.0578622 -0.221087 -0.177749 -0.0353836 -0.000493824 0.0467603 0.0269311 0.00429266 0.0103135 0.00181592 -0.00698104 -0.0242699 -0.0113971 0.0474989 -0.031649 0.0150747 0.00652371 -0.0233128 0.00161279 -0.00847994
internal_weight=1227.6 22.4519 1205.14 351.65 853.494 77.9683 31.3247 326.819 7.61271 6.26405 5.09675 1.16729 1.08971 0.642831 775.526 10.5176 9.40081 319.206 208.079 169.374 111.127 46.7615 39.2176 38.7053 28.521 18.1094 17.1603 10.4187 93.2995 66.4128
internal_count=465408 281663 183745 53223 130522 90954 77750 28059 1519 1053 757 296 280 260 39568 1729 1652 26540 24995 22487 1545 4104 3835 2508 1072 424 387 307 1104 751
is_linear=0
shrinkage=0.07


Tree=118
num_leaves=31
num_cat=0
split_feature=6 1 12 8 3 3 8 6 0 1 5 2 6 8 1 8 6 8 0 5 2 3 2 5 6 0 5 0 1 12
split_gain=8.77055 9.28043 4.19404 7.74102 6.92702 5.34849 8.00641 9.40554 6.53991 5.57757 6.35294 9.76893 4.9317 4.92563 4.73613 8.79468 8.77774 9.91204 4.66219 7.63181 4.03757 7.84728 6.08133 15.5787 7.64257 8.72809 6.84657 11.0444 8.9417 8.3845
threshold=43.256237030029304 77.836257934570327 2.5000000000000004 0.15504807978868487 91.010101318359389 19.560019493103031 0.20344828069210055 61.874477386474616 22.401432991027836 75.582656860351577 1.0000000180025095e-35 65.599384307861342 73.20508193969728 0.58578431606292736 22.401432991027836 0.43167701363563543 75.343498229980483 0.41885964572429663 82.167320251464858 0.41428571939468389 36.51515197753907 32.049383163452156 51.316701889038093 1.0000000180025095e-35 98.270881652832045 52.027397155761726 0.31666667759418493 63.686313629150398 69.360546112060561 19.500000000000004
decision_type=2 2 2 2 2 2 2 2 2 2 2 2 2 2 2 2 2 2 2 2 2 2 2 2 2 2 2 2 2 2
left_child=1 -1 3 4 -2 6 7 -5 12 10 11 14 -8 -11 15 16 17 -7 -12 -20 -4 -22 -23 -24 26 -26 28 -28 29 -25
right_child=2 -3 20 5 -6 9 8 -9 -10 13 18 -13 -14 -15 -16 -17 -18 -19 19 -21 21 22 23 24 25 -27 27 -29 -30 -31
leaf_value=-0.068551410184002348 -0.063032199086474297 0.011169273199564823 -0.019579056053853589 -0.070458908919342769 0.062372670864526206 -0.071440781030181935 -0.10664505026504378 0.52083931674499107 0.14320762633961254 0.058188575963346575 -0.06831415213053979 0.067754052193354689 0.028071217584135721 -0.10421117397812824 -0.029678967173021958 -0.038076742709673324 0.21413720816293058 0.67651561481835931 0.15631061646052877 -0.067152398486623965 0.035934030698100021 -0.03365714708430368 0.060579853028989362 -0.038017789573224915 -0.12690344481404731 0.056754976809671086 0.063559631625014032 0.00023894723819958374 0.036165584904650036 -0.72255632232644185
leaf_weight=18.703290900310098 20.112003050249772 11.588588285852891 43.170262505209394 0.21070410369429637 2.4177728987124274 1.2463959489832626 1.6603975770995001 0.35206703055882826 1.9672008423367504 8.3329640525334963 15.208083278572305 7.8005845847364972 6.7228228426538408 1.0280409912229505 31.692122363121598 3.8516418356448412 1.9194478385616092 0.093317400664090999 1.285547088744351 1.7938868900528175 32.854708851024043 23.982191278697428 21.767169549479149 40.810090919552749 1.3627494154498005 18.221597553172614 13.707977475096412 878.41313268817612 9.4179332188468816 0.087864110944791629
leaf_count=282338 34783 17392 859 212 36 487 129 22 68 298 3072 292 54 162 7368 25 34 2 40 59 1177 3618 2336 33372 16 13956 1605 60587 1006 3
internal_value=-0.000857084 -0.0380531 8.85705e-05 -0.0130863 -0.0495744 -0.0034336 0.0423237 0.299455 0.0283431 -0.0101588 -0.0174456 -0.00372534 0.00138904 0.0403536 -0.0180949 0.0335341 0.118163 -0.0193421 -0.0524099 0.0261349 0.00139773 0.00226795 0.00117039 0.0020194 0.000694378 0.0439754 -0.000205025 0.00121191 -0.0253278 -0.0394884
internal_weight=1221.78 30.2919 1191.49 107.695 22.5298 85.1652 10.9132 0.562771 10.3504 74.252 64.891 46.6035 8.38322 9.36101 38.8029 7.1108 3.25916 1.33971 18.2875 3.07943 1083.8 1040.63 1007.77 983.789 962.021 19.5843 942.437 892.121 50.3159 40.898
internal_count=465408 299730 165678 47143 34819 12324 485 234 251 11839 11379 8208 183 460 7916 548 523 489 3171 99 118535 117676 116499 112881 110545 13972 96573 62192 34381 33375
is_linear=0
shrinkage=0.07


Tree=119
num_leaves=31
num_cat=0
split_feature=7 1 12 7 1 5 12 12 7 2 3 6 0 5 10 3 0 0 1 6 2 10 1 3 5 3 3 2 3 2
split_gain=8.89386 6.70304 3.34695 7.00639 7.07955 5.60717 3.85003 7.79009 8.60465 4.6988 11.3549 9.56066 5.16656 5.15516 9.13029 5.26418 12.0275 6.13459 5.83452 5.38526 4.92515 7.46764 4.91119 10.5003 18.9536 9.89 8.66793 8.61139 11.146 8.80383
threshold=46.024723052978523 82.793453216552749 2.5000000000000004 61.298427581787116 82.793453216552749 0.31666667759418493 5.5000000000000009 4.5000000000000009 58.674652099609382 76.123405456542983 77.459678649902358 98.598102569580092 85.145786285400405 0.47222222387790685 1.0000000180025095e-35 58.561222076416023 79.277816772460952 69.860393524169936 81.28433990478517 58.079877853393562 95.040985107421889 1.0000000180025095e-35 86.70682525634767 81.53021621704103 0.58571431040763866 88.989898681640639 63.100687026977546 92.031745910644545 69.282051086425795 84.273937225341811
decision_type=2 2 2 2 2 2 2 2 2 2 2 2 2 2 2 2 2 2 2 2 2 2 2 2 2 2 2 2 2 2
left_child=1 -1 3 4 -2 -6 7 -4 -9 10 13 12 -11 14 -8 16 17 19 -18 -15 22 -22 23 24 -14 -25 -24 28 -26 -30
right_child=2 -3 6 -5 5 -7 9 8 -10 11 -12 -13 20 15 -16 -17 18 -19 -20 -21 21 -23 26 25 27 -27 -28 -29 29 -31
leaf_value=-0.070533453398037557 -0.055226817043849706 0.019627020280956895 -0.00090296551754132201 -0.00011089981330017646 0.2757086878694488 0.010800064421113658 -0.044417822842796773 0.012920214886967943 0.07650703893021979 0.014813594743017069 -0.072299963075162565 0.070339989744723538 -0.040666729993324095 -0.095163915109417074 -0.001658525671952742 -0.0011643746509942736 -0.070705413185055188 0.12559357689822931 0.065813587353389352 0.10447037095463646 0.0012741191459641327 0.044111198633440922 -0.27000973331068945 -0.056670967886408699 -0.051977162545465631 0.021890951890640036 0.0028030070515563891 -0.023953863843160804 0.016311324548858336 0.10314059675798626
leaf_weight=15.094079922837411 25.840349599213372 5.5174568767215524 74.772789466253016 74.016187572764466 0.42158797969022899 5.4885109357783222 35.210642237965658 28.836267462895194 16.33495624562056 116.93438755596071 13.303489558595173 9.953375739452893 32.446836498038465 1.3699173538152556 80.210362424364575 58.192491477089789 4.7845338667211754 7.3213861047443061 2.2578482481549145 1.2814847617410121 382.52169140943806 21.037323029187974 0.57360625709406932 43.319775840569491 4.3276655659501584 9.5899849023335246 111.32997954901657 10.006896451093779 9.2574702270212601 14.981686155133501
leaf_count=271558 46909 10105 4262 4607 10 351 43265 6431 1495 12274 968 12287 1348 24 2652 3419 318 419 266 105 9554 20360 33 1496 173 267 9120 250 445 637
internal_value=-0.000807784 -0.0463986 -2.2034e-05 -0.0119109 -0.0394189 0.0296969 0.00113142 0.0129627 0.0359147 -0.000331233 -0.00977421 0.00218185 0.00128488 -0.0054107 -0.0147028 0.00884985 0.0430988 0.0925548 -0.0269362 0.00132401 -0.0011893 0.00350719 -0.00922594 -0.0188248 -0.00123807 -0.0424315 0.0014046 0.0319279 0.0515032 0.0699786
internal_weight=1216.54 20.6115 1195.92 105.767 31.7504 5.9101 1090.16 119.944 45.1712 970.213 203.932 766.281 756.327 190.629 115.421 75.2077 17.0152 9.97279 7.04238 2.6514 639.393 403.559 235.834 123.93 71.0206 52.9098 111.904 38.5737 28.5668 24.2392
internal_count=465408 281663 183745 51877 47270 361 131868 12188 7926 119680 51436 68244 55957 50468 45917 4551 1132 548 584 129 43683 29914 13769 4616 2853 1763 9153 1505 1255 1082
is_linear=0
shrinkage=0.07


Tree=120
num_leaves=31
num_cat=0
split_feature=7 1 12 9 7 1 12 3 3 2 7 1 5 5 5 2 9 2 3 2 9 5 2 12 6 6 1 3 5 12
split_gain=8.08407 6.32556 2.92928 7.88393 6.37761 8.45942 4.11892 7.85112 5.2535 6.22756 4.18209 5.00121 4.09092 3.8553 5.12753 5.36796 4.93546 4.10451 3.62326 3.39906 7.04317 11.3664 6.03858 5.19466 5.0903 8.25553 7.38899 4.99708 8.69276 6.16052
threshold=46.024723052978523 82.793453216552749 2.5000000000000004 1.5000000000000002 63.300245285034187 82.793453216552749 1.5000000000000002 36.882591247558601 19.560019493103031 37.617923736572273 73.357315063476577 24.316333770751957 0.31666667759418493 0.38750000298023229 0.080128207802772536 49.65753364562989 1.0000000180025095e-35 50.333333969116218 26.766168594360355 36.51515197753907 1.0000000180025095e-35 0.31666667759418493 90.366767883300795 5.5000000000000009 87.545619964599624 88.273490905761733 19.433517456054691 76.50690078735353 0.5634920895099641 19.500000000000004
decision_type=2 2 2 2 2 2 2 2 2 2 2 2 2 2 2 2 2 2 2 2 2 2 2 2 2 2 2 2 2 2
left_child=1 -1 3 4 5 -2 7 -6 9 10 11 -8 -7 14 15 -10 -15 -17 -5 24 21 -21 27 -23 -4 -26 -27 -22 29 -29
right_child=2 -3 19 18 6 12 8 -9 13 -11 -12 -13 -14 16 -16 17 -18 -19 -20 20 22 23 -24 -25 25 26 -28 28 -30 -31
leaf_value=-0.070007501984145626 -0.056833312453448456 0.018134740836867121 0.031068373600647646 0.15185893453831448 0.6845916265014248 0.19377241052934199 -0.092168237296866656 0.035976201648187982 -0.02997474057614391 -0.055700124896599618 0.10423843777191674 0.14832019923760814 0.013723017602376776 -0.081320239482973844 -0.07159202601866993 0.1173901920998682 0.090145027737855765 0.0071758468034359259 0.029968714611226348 -0.044849090895743855 0.013263031228256296 0.027257430700288472 0.040247091696355312 -0.0007145508142241743 -0.14339549486835632 0.039721564791142007 -0.038671575646341529 0.022251306463785075 -0.057847836866127898 -0.45992227512425027
leaf_weight=14.17569539959368 27.614672087114741 5.5521659524201814 8.3143196014934784 1.8277062646702678 0.092476631863973036 0.69891897938214143 1.336743792402556 8.1855465649277885 24.903861788421636 2.5831272264476866 5.1595953218638897 0.62036924809217442 5.3640111404783966 1.1187237052654371 9.2330938674422196 2.1299875225522538 3.1072340051759966 7.4355718232109211 3.4517702026860206 28.066035990828823 149.72962270498829 33.972299567129085 34.00077797366248 767.1748708661471 2.8801030702888957 7.7752574253827325 24.317068310454488 15.271760722265753 14.148320897773372 0.13095275688101615
leaf_count=271558 47074 10105 547 149 31 11 45 661 1531 32 38 14 357 39 542 91 198 253 811 44241 10925 2370 34891 32891 21 100 178 2975 2677 52
internal_value=-0.000757817 -0.0452009 -2.14363e-05 -0.0111938 -0.0156132 -0.0403946 -0.0029501 0.0432221 -0.00958251 0.0373981 0.0711897 -0.0159378 0.0344786 -0.0190905 -0.0252641 -0.0128546 0.0447536 0.0317176 0.072166 0.00105758 0.00185566 -0.00106236 0.0132006 0.000471589 -0.018163 -0.0298672 -0.0196787 0.00807119 -0.0182349 0.0181519
internal_weight=1210.37 19.7279 1190.64 104.863 99.5839 33.6776 65.9063 8.27802 57.6283 9.69984 7.11671 1.95711 6.06293 47.9285 43.7025 34.4694 4.22596 9.56556 5.27948 1085.78 1042.49 829.213 213.281 801.147 43.2867 34.9724 32.0923 179.281 29.551 15.4027
internal_count=465408 281663 183745 51877 50917 47442 3475 692 2783 129 97 59 368 2654 2417 1875 237 344 960 131868 131022 79502 51520 35261 846 299 278 16629 5704 3027
is_linear=0
shrinkage=0.07


Tree=121
num_leaves=31
num_cat=0
split_feature=7 2 3 7 5 5 2 2 0 12 12 4 0 7 11 7 7 3 2 3 12 2 7 4 12 5 5 0 0 5
split_gain=7.33693 5.69773 2.65737 8.17263 6.82387 4.80684 7.1974 3.87828 3.56024 3.48074 5.23817 3.34919 3.27903 3.91265 2.95406 7.4195 4.32203 2.88636 3.20068 3.98686 4.12308 7.67396 5.72009 13.1467 3.80342 4.67533 3.80072 3.19439 4.11685 2.83161
threshold=46.024723052978523 81.754161834716811 91.010101318359389 77.204086303710952 0.81666666269302379 0.58571431040763866 97.01425933837892 89.825496673583999 91.734970092773452 6.5000000000000009 11.500000000000002 1.0000000180025095e-35 93.957649230957045 50.917509078979499 1.0000000180025095e-35 79.180648803710952 80.076335906982436 91.704891204833999 92.031745910644545 92.031745910644545 12.500000000000002 92.718276977539077 75.099998474121108 1.0000000180025095e-35 12.500000000000002 0.78888890147209179 0.61250001192092907 92.893215179443374 93.127067565917983 0.78888890147209179
decision_type=2 2 2 2 2 2 2 2 2 2 2 2 2 2 2 2 2 2 2 2 2 2 2 2 2 2 2 2 2 2
left_child=1 -1 4 5 29 6 -4 8 -7 -10 -11 14 -12 -14 -6 -16 -17 -9 -19 24 27 -22 -23 -24 -20 -26 -25 -21 -29 -2
right_child=2 -3 3 -5 11 7 -8 17 9 10 12 -13 13 -15 15 16 -18 18 19 20 21 22 23 26 25 -27 -28 28 -30 -31
leaf_value=-0.074328509358619926 -0.0018870996320286717 0.0046738518086012534 0.044048910013597259 0.054485066478665932 0.034358088648242018 0.067753038288699274 -0.20817993263820303 0.03894739816267076 -0.15955217287726839 0.042371304843019042 -0.17460971781862794 0.051906842585751491 0.092349322217420565 -0.13220222103782345 0.00032887286731210464 -0.52188110933502574 -0.13121596862580281 0.040330959849949284 -0.015484475155021835 0.064045453920004602 -0.54883881829365511 0.036604676928318036 -1.2436104511594477 -0.3550626906848694 -0.20109495217079346 0.074691681378780558 0.07027850394447778 -0.095736626860828344 -0.0059657724353636404 -0.02893940824149685
leaf_weight=11.642696136746965 939.39756838645189 7.2641070666613805 18.447487600875323 16.48201152915135 3.044048359879528 1.1052963289548632 0.57152168191532737 9.5860131796143815 1.557483912882162 2.18044265723438 1.4752971201887704 17.002286817907589 0.70745151744631585 0.82200985992676578 1.797085216312553 0.23188487952575076 0.34553898987360299 8.8010601217320055 2.8078142207596093 3.1003215430901028 0.11252433340996759 20.241906335199022 0.053125106060177951 0.1588509057473857 1.4733737422575357 0.37860330624971528 0.29247199592646211 2.5599276252323753 112.89578905994131 19.349747326676152
leaf_count=246150 149598 35513 661 19833 1606 17 32 332 27 50 33 2653 8 38 51 4 44 268 63 75 41 3304 4 13 83 22 441 32 3253 1159
internal_value=-0.000712542 -0.0439753 -2.34308e-05 0.00720826 -0.00154036 0.00309258 0.0364694 -0.000634713 -0.0486959 -0.0677848 -0.0402206 0.0366336 -0.100154 -0.028336 -0.0112904 -0.0698105 -0.288101 0.00168696 -0.000649439 -0.0031528 -0.00102393 0.0276753 0.0308022 -0.202032 -0.0668457 -0.144715 -0.0794277 -0.00607331 -0.00795621 -0.00243308
internal_weight=1205.89 18.9068 1186.98 205.811 981.168 189.329 19.019 170.31 7.84798 6.74269 5.1852 22.4208 3.00476 1.52946 5.41856 2.37451 0.577424 162.462 152.876 144.075 139.415 20.8589 20.7464 0.504448 4.65979 1.85198 0.451323 118.556 115.456 958.747
internal_count=465408 281663 183745 28630 155115 8797 693 8104 173 156 129 4358 79 46 1705 99 48 7931 7599 7331 7163 3803 3762 458 168 105 454 3360 3285 150757
is_linear=0
shrinkage=0.07


Tree=122
num_leaves=31
num_cat=0
split_feature=6 1 5 6 1 6 2 8 8 6 2 5 8 1 9 8 0 6 5 8 8 0 0 2 1 2 5 4 0 1
split_gain=6.31437 7.77309 2.49172 9.70329 3.79049 2.82349 3.12715 2.82337 4.29516 9.06399 2.67156 2.5301 2.415 2.36708 4.03595 2.9019 3.34885 3.04969 2.41238 2.34859 29.9688 2.2639 2.40091 7.46853 7.14392 6.36694 12.0234 9.35856 12.6207 8.70701
threshold=43.256237030029304 77.836257934570327 0.81666666269302379 73.20508193969728 97.100841522216811 49.096351623535163 95.713413238525405 0.10762548446655275 0.12973351776599887 53.132547378540046 84.680576324462905 0.94444444775581371 0.11269841343164445 83.424911499023452 1.0000000180025095e-35 0.0745370388031006 99.473682403564467 40.409275054931648 0.94444444775581371 0.33974359929561621 0.35504202544689184 1.0000000180025095e-35 22.401432991027836 36.51515197753907 30.0684928894043 48.52813911437989 1.0000000180025095e-35 1.0000000180025095e-35 75.582656860351577 40.778533935546882
decision_type=2 2 2 2 2 2 2 2 2 2 2 2 2 2 2 2 2 2 2 2 2 2 2 2 2 2 2 2 2 2
left_child=1 -1 4 5 21 6 -4 10 9 -9 -7 -12 -11 14 18 -15 -17 -18 -3 -10 -21 -2 -23 -24 -25 -26 29 28 -28 -27
right_child=2 13 3 -5 -6 7 -8 8 19 12 11 -13 -14 15 -16 16 17 -19 -20 20 -22 22 23 24 25 26 27 -29 -30 -31
leaf_value=-0.067006661592936737 -0.12402926876475598 -0.072475937641418936 0.14028114457831983 0.061684959544048373 0.070227955524605284 0.057606084066344196 0.013371869954250071 -0.24329830816045173 -0.0015338121360675997 0.027163883787079009 0.077501465974350162 0.00056181060615815345 -0.098821113903250921 -0.039991671908873108 0.156749178439274 0.14745949965142813 0.050209127310722794 -0.11020926569756075 0.17453060691984101 -2.322831735460237 0.070226847328488259 0.014064657859377425 -0.034490897963078485 0.032892167383129424 -0.034568132153175744 -0.0084714067443214438 -0.052041180809375018 0.0001051373965681753 -0.0025958100331099705 0.059144447051867728
leaf_weight=15.276223472677886 0.73571294388966535 0.95486598989737037 1.4892594264674688 15.252318196377017 3.6450212873824048 4.5070954216644159 2.6342200944272918 1.2678874093107904 12.9750211967912 1.9270724435336888 2.1451494516804805 88.301584334927611 1.2159893086645752 5.4375475789820467 1.2700779713632071 1.031799974251044 1.8183827903703789 0.85313119539932802 0.24305956359603442 0.029227474704385581 0.20905109363957308 48.192570897601399 33.365687653436908 29.873779047047719 28.316280413426284 14.196500852685856 41.803987297858839 753.28506530316372 64.049354183687683 27.233186468500207
leaf_count=282338 21 7103 81 20322 613 70 204 18 969 37 31 1156 26 9772 145 151 116 88 17 1 179 2224 4118 4684 10723 2843 22685 78811 9757 6105
internal_value=-0.000652185 -0.0341952 0.000114233 0.00917799 -0.00103059 0.00231558 0.0592071 0.000231776 -0.0254992 -0.085309 0.00500767 0.00238661 -0.0215773 0.00898182 0.0698136 -0.00744257 0.040349 -0.00101948 -0.0223582 -0.00553312 -0.223308 -0.00128009 -0.00119328 -0.00193444 -0.000801444 -0.00188506 -0.000857418 -0.00263356 -0.022123 0.0359749
internal_weight=1203.54 26.8851 1176.65 131.954 1044.7 116.702 4.12348 112.578 17.6242 4.41095 94.9538 90.4467 3.14306 11.6089 2.468 9.14086 3.70331 2.67151 1.19793 13.2133 0.238279 1041.05 1040.32 992.124 958.758 928.884 900.568 859.138 105.853 41.4297
internal_count=465408 299730 165678 23094 142584 2772 285 2487 1230 81 1257 1187 63 17392 7265 10127 355 204 7120 1149 180 141971 141950 139726 135608 130924 120201 111253 32442 8948
is_linear=0
shrinkage=0.07


Tree=123
num_leaves=31
num_cat=0
split_feature=7 1 8 7 7 1 1 1 1 12 12 0 0 1 2 1 2 7 0 2 8 0 0 2 7 7 1 9 12 12
split_gain=6.17796 5.5861 2.82647 3.61841 2.5201 6.91942 5.12993 5.41888 5.01323 5.47315 6.39772 4.4192 7.91297 7.38598 4.22613 7.30586 5.80821 7.22986 4.60314 11.6779 4.5823 4.27779 4.25974 4.02297 10.2914 7.5603 4.02207 13.9725 4.07087 4.93059
threshold=46.024723052978523 82.793453216552749 0.040833333507180221 44.492963790893562 69.860393524169936 91.704891204833999 58.102025985717781 50.252525329589851 60.107526779174812 9.5000000000000018 4.5000000000000009 72.834224700927749 74.115688323974624 55.35188293457032 63.085796356201179 28.730158805847172 36.51515197753907 61.298427581787116 28.035087585449222 38.529016494750984 0.74456521868705761 26.006441116333011 45.923791885375984 64.346244812011733 68.989799499511733 68.013607025146499 61.311826705932624 3.5000000000000004 14.500000000000002 11.500000000000002
decision_type=2 2 2 2 2 2 2 2 2 2 2 2 2 2 2 2 2 2 2 2 2 2 2 2 2 2 2 2 2 2
left_child=1 -1 -3 -4 6 -6 7 14 9 10 -8 -9 13 -13 15 16 -2 22 21 -20 -17 -19 -18 24 -16 -25 27 28 29 -10
right_child=4 2 3 -5 5 -7 8 11 26 -11 -12 12 -14 -15 23 20 17 18 19 -21 -22 -23 -24 25 -26 -27 -28 -29 -30 -31
leaf_value=-0.068812482541880118 -0.026627164163590629 -0.070054305894279245 0.087522146330161102 -0.05583379780248221 0.0024948262939596295 0.043394646641607741 -0.076345546210948384 -0.06246313818246816 -0.07364138799538017 -0.026164968389018155 0.086302146953387074 -0.06770547355370625 -0.027808217631457605 0.24517693562297427 0.080454928886249222 -0.058385908115062779 -0.065547184148354962 0.13694518869954406 0.80445415443765556 -0.046281489590694704 0.10618388940454102 -0.072264408699145091 0.22712669358093163 0.01864081227018512 0.95324805730955531 -0.14874366861013449 -0.00033267749318651504 0.91962743141029146 -0.41204041784029199 0.059721966971302866
leaf_weight=11.957246880318054 6.5697173421685893 1.3928393713940739 2.9223519540391862 1.2241375706435063 317.5165722318925 21.650627951792558 1.3526750958844775 18.283422319786041 7.2460670210930349 4.4229695602225538 9.560995481329881 0.57434453237874805 19.129185257577774 1.037531950689299 2.1530512367426158 16.835560742674719 2.0263933786627608 2.9948821532016163 0.15926812088582654 0.15699881737236865 0.87198816239833732 0.57006667979294423 0.27698283912832256 22.513364751281191 0.06829847372136999 1.4047238081839157 722.82966602570377 0.072684431448579612 0.15365016192663539 1.6717808106441223
leaf_count=271558 2567 9209 690 206 28059 25164 1820 21839 2744 370 3493 289 2693 230 2481 37480 2735 158 12 49 5 85 202 13855 5 75 37242 2 5 86
internal_value=-0.0006008 -0.0418916 0.01622 0.0452002 1.03544e-05 0.00510565 -0.00203981 -0.0173056 -8.64007e-05 0.0395221 0.0661431 -0.0373739 -0.0152575 0.133691 -0.00346928 -0.0211878 0.0192053 0.0678917 0.126197 0.382138 -0.0502819 0.103491 -0.0303529 0.0171791 0.10729 0.00881022 -0.000916296 -0.0470502 -0.0547956 -0.0486405
internal_weight=1199.6 17.4966 5.53933 4.14649 1182.1 339.167 842.936 95.6258 747.31 15.3366 10.9137 39.0245 20.7411 1.61188 56.6013 30.4619 12.7543 6.18459 3.88122 0.316267 17.7075 3.56495 2.30338 26.1394 2.22135 23.9181 731.974 9.14418 9.0715 8.91785
internal_count=465408 281663 10105 896 183745 53223 130522 84760 45762 5683 5313 25051 3212 519 59709 43293 5808 3241 304 61 37485 243 2937 16416 2486 13930 40079 2837 2835 2830
is_linear=0
shrinkage=0.07


Tree=124
num_leaves=31
num_cat=0
split_feature=6 3 9 6 6 8 0 3 8 0 1 8 0 1 4 5 3 0 6 11 6 6 6 6 5 0 9 1 11 0
split_gain=5.24397 7.19955 3.25005 3.43982 2.37006 3.07271 2.72422 2.83074 2.27439 4.24799 4.00258 3.10221 8.30139 2.25607 2.23535 7.95609 13.6992 11.5655 6.23554 7.62549 5.28757 6.30698 6.10491 5.62935 4.90624 6.06547 5.69759 4.53614 4.52789 5.03582
threshold=43.256237030029304 67.017543792724624 1.0000000180025095e-35 27.465949058532718 26.246067047119144 0.080540537834167494 97.467948913574233 94.570026397705092 0.85092595219612133 48.331480026245124 35.043859481811531 0.84807693958282482 60.910972595214851 83.424911499023452 1.0000000180025095e-35 1.0000000180025095e-35 52.223320007324226 75.582656860351577 80.170940399169936 1.0000000180025095e-35 95.529048919677749 96.315685272216811 98.270881652832045 59.711856842041023 0.31666667759418493 71.516754150390639 1.5000000000000002 88.047618865966811 1.0000000180025095e-35 93.788581848144545
decision_type=2 2 2 2 2 2 2 2 2 2 2 2 2 2 2 2 2 2 2 2 2 2 2 2 2 2 2 2 2 2
left_child=1 -1 4 -4 -3 -6 7 -7 11 10 -10 14 -13 -5 15 16 20 -17 24 -20 23 -22 -23 -2 -16 26 -26 -19 -29 -30
right_child=8 2 3 13 5 6 -8 -9 9 -11 -12 12 -14 -15 18 17 -18 27 19 -21 21 22 -24 -25 25 -27 -28 28 29 -31
leaf_value=-0.074620387198922916 -0.066172205651766097 0.1066900575640717 -0.20778714296211914 0.1135133617189255 -0.062592403597492546 -0.070160927548564136 -0.024579438996133782 0.19975892203514173 0.018754031548763726 0.053200710032569216 -0.048341304378326483 -0.85576295561880222 0.074356661293913745 0.017015245338507054 -0.030132136830338652 -0.050098756575876952 0.062814220884325936 -0.015496474972524824 0.038049624960596537 -0.00024515427701917895 -0.097090503389913152 0.035082997582909066 -0.043099021989181641 0.0071095990909672436 0.029108822169834483 -0.0010523978543528919 0.49458824260999079 0.047280349119043115 0.071864731196728648 -0.052101472535337902
leaf_weight=11.01708008651258 5.402172866246473 0.629738533649287 0.24960176052991201 2.0897225089956919 5.7918437252592394 0.26472313966041849 1.6890985039390216 0.67793515864104847 15.741456891759301 11.224975159799213 6.0237972538452587 0.07541820255573739 0.12486259647994302 2.7486882153607439 27.012053272470439 40.63603774252806 17.329080206036451 45.409288754541194 47.606238686406869 54.81803833367303 5.6299876612611142 7.8618248777929702 12.964091665111482 104.41937480045453 29.775469532389256 717.54768943742965 0.12941059024887991 13.998973819456296 2.2043547234789003 5.9122453603267786
leaf_count=244647 18795 1638 5 853 51005 1185 279 7 305 11472 148 4 61 111 33469 24309 2764 6198 31098 2188 61 67 105 4471 5151 21846 8 2909 72 177
internal_value=-0.000574598 -0.0321955 0.000856474 0.0456204 -0.024301 -0.0340938 0.0286247 0.123958 0.000104271 0.0182234 0.000184586 -0.000420601 -0.275891 0.058693 -0.000372148 -0.00604875 0.00419173 -0.0205919 0.00132242 0.017554 -0.00326272 -0.0313556 -0.0135852 0.00350483 -0.000824237 0.000234915 0.0311231 -0.00283494 0.0231626 -0.018434
internal_weight=1197.01 25.1584 14.1414 5.08801 9.05334 8.4236 2.63176 0.942658 1171.85 32.9902 21.7653 1138.86 0.200281 4.83841 1138.66 261.767 153.607 108.161 876.889 102.424 136.277 26.4559 20.8259 109.822 774.465 747.453 29.9049 67.5249 22.1156 8.1166
internal_count=465408 299730 55083 969 54114 52476 1471 1192 165678 11925 453 153753 65 964 153688 59928 26263 33665 93760 33286 23499 233 172 23266 60474 27005 5159 9356 3158 249
is_linear=0
shrinkage=0.07


Tree=125
num_leaves=31
num_cat=0
split_feature=7 11 6 7 5 2 7 2 7 1 12 6 6 7 5 6 6 6 2 2 1 5 9 6 12 2 2 2 2 2
split_gain=5.30326 2.85547 7.58527 6.59918 3.69476 3.20495 6.05204 3.07363 2.45564 12.5065 4.89725 6.19629 4.2538 4.34989 5.13814 4.25304 4.99789 5.53311 5.24566 4.44222 3.78088 6.70549 3.80828 4.05453 3.60616 5.67555 3.59117 5.57853 3.5815 5.04519
threshold=43.147575378417976 1.0000000180025095e-35 54.007299423217781 61.920122146606452 0.58571431040763866 95.713413238525405 63.300245285034187 65.599384307861342 64.722881317138686 88.047618865966811 4.5000000000000009 82.78556060791017 63.069993972778327 66.859344482421889 0.38750000298023229 50.099601745605476 55.468318939208991 54.953443527221687 94.494949340820327 97.894500732421889 67.028984069824233 0.5634920895099641 1.5000000000000002 58.079877853393562 10.500000000000002 80.810150146484389 63.859338760375984 68.042552947998061 89.512962341308608 83.935482025146499
decision_type=2 2 2 2 2 2 2 2 2 2 2 2 2 2 2 2 2 2 2 2 2 2 2 2 2 2 2 2 2 2
left_child=-1 8 3 -3 -5 6 -6 -4 10 12 -2 15 13 14 -10 -12 17 -17 -19 20 21 24 23 -22 25 26 -18 -28 29 -14
right_child=1 2 7 4 5 -7 -8 -9 9 -11 11 -13 28 -15 -16 16 19 18 -20 -21 22 -23 -24 -25 -26 -27 27 -29 -30 -31
leaf_value=-0.05429370800209378 -0.02434280272251111 -0.064545364192350088 -0.044304607530043047 -0.07730752379709438 0.26392819978521398 0.0035972136926057949 0.0077024901838294241 -9.0941649445707183e-05 0.062274592753980541 0.056425256371701052 0.0017890396284976154 0.080100738558012613 0.00053801125650150539 0.069162168368040247 -0.080934841055615672 -0.039138979224638271 -0.070382800685673999 -0.081927213671743521 -0.38098667434669026 0.046527085575994685 0.01625287789717263 0.13540367587307844 0.076141309375084648 -0.052088192051735815 -0.066149746598798895 -0.11123308691080251 0.18037278017899841 0.026031742680642719 0.033478942094521028 -0.048722692016681564
leaf_weight=8.9244937711173389 41.068410900974413 18.960114638684903 8.1306634531210857 1.5608323155975075 0.80230275471694756 3.1922616809606552 1.0336629268713293 146.92952416780827 2.3445935793279196 22.887326039010077 605.10219177778708 4.7645752083917605 226.73929775232682 8.9866202805133053 2.5767818565946072 14.951529979705811 1.1082480733093634 0.76881061564927289 0.45896675833500922 6.8102166793250936 5.4670864902727834 1.9497427765745676 1.5517419748066448 19.166819421719993 3.3513218085427079 1.3565604289615292 1.5617967073485486 4.3258184576989152 15.103994854754999 10.666885577084029
leaf_count=212944 38834 110325 3264 851 20 19 32 6931 425 31488 32664 1331 8145 559 54 1203 344 75 8 567 98 20 99 524 94 31 109 198 11818 2334
internal_value=-0.000535268 -0.000129949 -0.00823238 -0.0435731 0.016775 0.0459795 0.119671 -0.00240931 0.00132895 0.00676914 -0.000876093 0.000556562 0.00250331 0.0401921 -0.0127084 -1.08529e-05 -0.0173456 -0.0508696 -0.193721 -0.00571855 -0.0146496 0.0152145 -0.030221 -0.036921 -0.00480794 0.0198048 0.0452142 0.0669735 0.000427447 -0.00167532
internal_weight=1192.6 1183.68 180.609 25.5492 6.58906 5.02823 1.83597 155.06 1003.07 289.305 713.764 672.695 266.418 13.908 4.92138 667.931 62.8287 16.1793 1.22778 46.6494 39.8391 13.6535 26.1856 24.6339 11.7037 8.35242 6.99586 5.88762 252.51 237.406
internal_count=465408 252464 121442 111247 922 71 52 10195 131022 54823 76199 37365 23335 1038 479 36034 3370 1286 83 2084 1517 796 721 622 776 682 651 307 22297 10479
is_linear=0
shrinkage=0.07


Tree=126
num_leaves=31
num_cat=0
split_feature=6 3 12 10 1 6 12 5 3 2 5 3 8 3 2 3 5 3 2 1 0 3 5 3 3 12 1 3 10 3
split_gain=4.35123 6.78325 2.83809 3.41889 3.33561 2.75824 2.13828 7.33674 10.8738 9.44525 5.44363 6.8387 6.21543 5.50886 6.52854 5.28784 4.86749 7.28161 11.1865 6.6121 6.28257 6.08342 5.97253 4.91911 6.29249 4.64442 6.21674 9.03044 6.52703 6.34977
threshold=43.256237030029304 67.017543792724624 12.500000000000002 1.0000000180025095e-35 83.424911499023452 26.246067047119144 11.500000000000002 0.5634920895099641 80.735492706298842 84.273937225341811 0.43650794029235845 88.341892242431655 0.56832298636436474 67.769271850585952 99.462364196777358 65.345367431640639 0.76388889551162731 82.426471710205092 96.34091949462892 87.20676422119142 96.824596405029311 68.208553314208999 0.5634920895099641 85.028736114501967 85.349594116210952 12.500000000000002 95.040985107421889 92.390407562255874 1.0000000180025095e-35 95.488464355468764
decision_type=2 2 2 2 2 2 2 2 2 2 2 2 2 2 2 2 2 2 2 2 2 2 2 2 2 2 2 2 2 2
left_child=1 -1 3 5 -5 -3 7 8 -2 -10 11 12 -8 14 -12 -16 17 21 19 22 25 -15 -19 -24 -25 -21 27 28 -27 -28
right_child=6 2 -4 4 -6 -7 10 -9 9 -11 13 -13 -14 16 15 -17 -18 18 -20 20 -22 -23 23 24 -26 26 29 -29 -30 -31
leaf_value=-0.074628774134019138 -0.0013319681253853521 0.10005797881588539 0.092923710841613494 0.10086095048019514 -0.015967098287332344 -0.052804005577801814 -0.050185259897467839 -0.012321997098970945 0.073830499089843238 0.012818299142716139 0.068070724114998621 0.059183197132600777 0.015730905901543357 -0.063240577610438511 -0.018313156091007785 0.095867485499052732 0.016920857148636247 -0.014298985929881221 0.0040818284315273234 -0.010286179952834453 0.073499107597791227 0.014516690393131075 -0.039125919046899556 -0.27326561338304695 -0.096523539423189697 -0.15316974965950561 -0.60835502397246111 0.069416306721499649 0.070296642381910579 0.072116993699877008
leaf_weight=9.8410577524191485 408.61585341647879 0.63288235667095971 1.4854870208655473 2.1596933926375641 2.6878747647278942 6.7188966901521781 24.985218947247631 237.99251609713247 17.496503612579545 42.961311258295609 14.822759265451168 4.5944172941381103 9.7426802775298693 5.132177867468271 11.543419840232671 2.4007568841770999 104.39351858276495 8.8966691210844164 94.55754744222213 24.341733002322147 3.5798413355441872 125.25627567497941 6.919860674137456 1.1042844966432301 9.2973753438382101 3.7304503012419437 0.2048136074154171 1.8351418538950381 0.7731968044390668 0.10000320685503539
leaf_count=244647 103232 1594 1391 856 109 51133 1760 13789 1101 3477 1190 494 938 164 531 207 20523 309 8389 843 330 5736 270 37 247 42 137 805 980 147
internal_value=-0.000499278 -0.0303044 0.00157023 -0.00955367 0.0360823 -0.0396448 0.00010246 -0.00231144 0.00276759 0.0304752 0.00382734 -0.021075 -0.0316929 0.00616499 0.0357269 0.00134523 0.00398515 -0.000741021 -0.0109789 -0.0344082 -0.0143007 0.0114561 -0.0609172 -0.0848612 -0.115287 -0.0244445 -0.0763197 -0.0614708 -0.114805 -0.385108
internal_weight=1188.8 23.5259 13.6848 12.1993 4.84757 7.35178 1165.28 707.066 469.074 60.4578 458.212 39.3223 34.7279 418.89 28.7669 13.9442 390.123 285.729 155.341 60.7834 34.5652 130.388 26.2182 17.3215 10.4017 30.9853 6.64361 6.33879 4.50365 0.304817
internal_count=465408 299730 55083 53692 965 52727 165678 121599 107810 4578 44079 3192 2698 40887 1928 738 38959 18436 12536 4147 3284 5900 863 554 284 2954 2111 1827 1022 284
is_linear=0
shrinkage=0.07


Tree=127
num_leaves=31
num_cat=0
split_feature=6 3 8 6 8 12 9 8 3 1 5 3 8 8 8 12 12 1 2 5 8 8 6 3 1 2 6 8 8 6
split_gain=3.92947 6.43813 2.46329 3.95535 3.23795 2.10536 7.11763 4.40718 5.36645 4.03066 6.81797 4.8476 4.78606 3.65355 20.4499 3.00199 5.84177 6.44377 4.76756 8.1701 4.1369 7.35442 6.90647 9.62173 6.28533 5.80764 5.1508 5.37926 5.03075 4.86726
threshold=43.256237030029304 67.017543792724624 0.0745370388031006 30.807500839233402 0.070197045803070082 2.5000000000000004 1.5000000000000002 0.16064515709877017 91.010101318359389 75.905715942382827 1.0000000180025095e-35 61.938297271728523 0.58578431606292736 0.15894736349582675 0.15504807978868487 5.5000000000000009 4.5000000000000009 35.043859481811531 99.462364196777358 0.73214286565780651 0.28869047760963445 0.37797619402408605 87.545619964599624 37.310733795166023 31.851119995117191 87.298336029052749 89.680526733398452 0.43167701363563543 0.33974359929561621 60.705402374267585
decision_type=2 2 2 2 2 2 2 2 2 2 2 2 2 2 2 2 2 2 2 2 2 2 2 2 2 2 2 2 2 2
left_child=1 -1 3 4 -3 6 7 8 -2 10 11 -9 -11 14 -8 16 20 -18 -19 -20 29 22 23 24 -22 -25 -23 -28 -26 -7
right_child=5 2 -4 -5 -6 15 13 9 -10 12 -12 -13 -14 -15 -16 -17 17 18 19 -21 21 26 -24 25 28 -27 27 -29 -30 -31
leaf_value=-0.074503858460050434 -0.057614470048994504 0.076258563301367085 0.039011501237621503 -0.05409414509377411 -0.20003165004802917 0.070147813960637656 -0.070077039674596261 -0.0053636620632267267 0.05452355146059381 0.057815483461834155 -0.052802716989387988 0.08401827453765566 -0.10594723367289514 0.060419212701611533 1.8521939888660817 -0.00029831382971715742 0.13269450627112922 0.030498215212349543 -0.17791599179303691 0.083215905120490874 0.14135589065578424 -0.034509054784836977 -0.029514904631606026 0.057623818934587526 0.58426347230851217 -0.19584897725475783 0.13844625405893773 0.0059613541692583125 0.1766995595520591 -0.054507511246292432
leaf_weight=9.1905904700088303 16.941854863616758 2.2819057006363423 5.235190608433185 5.7948612368072645 0.2286708673054817 1.7867905635612249 0.10650421293575973 48.714942189122667 2.3855603254414737 7.5732604892400541 15.510687629695893 3.1664530515554352 0.98862367411493313 5.0380789846531115 0.036381378871737979 944.25348119642877 2.8894949320037986 39.007028903288301 1.4291689167948782 0.99640084250131611 2.5687528899288723 17.714832912519341 3.0139584632706828 3.9005760831059888 0.31731859204592172 0.4996670419932342 1.5775931969401416 31.219649734644918 0.27877821633592248 10.8840677641856
leaf_count=244647 34916 8083 2049 44946 5 1777 731 7673 36 269 2740 166 136 443 33 107353 761 5889 28 98 77 350 50 139 25 63 40 1215 16 654
internal_value=-0.000461846 -0.0292856 0.00140599 -0.022298 0.0510932 0.00010162 -0.00958424 -0.013929 -0.0437734 -0.00633472 -0.0120824 9.15441e-05 0.0389061 0.0703187 0.41937 0.00101758 0.0115401 0.0316255 0.024577 -0.0706455 -0.000528819 0.00702094 0.060092 0.0957917 0.188877 0.0288409 -0.00409405 0.0123341 0.393657 -0.0369291
internal_weight=1185.53 22.7312 13.5406 8.30544 2.51058 1162.8 100.462 95.2814 19.3274 75.954 67.3921 51.8814 8.56188 5.18096 0.142886 1062.34 118.084 44.3221 41.4326 2.42557 73.762 61.0911 10.5791 7.56509 3.16485 4.40024 50.5121 32.7972 0.596097 12.6709
internal_count=465408 299730 55083 53034 8088 165678 47143 45936 34952 10984 10579 7839 405 1207 764 118535 11182 6776 6015 126 4406 1975 370 320 118 202 1605 1255 41 2431
is_linear=0
shrinkage=0.07


Tree=128
num_leaves=31
num_cat=0
split_feature=7 8 11 7 5 8 0 8 2 2 12 7 8 2 8 8 8 2 7 7 12 4 9 2 2 8 2 2 12 0
split_gain=4.13765 2.87543 2.40209 5.92893 4.56269 6.20063 5.33817 4.28157 3.97469 5.05684 6.16211 4.01416 6.13299 3.92564 3.46005 3.25121 3.12236 17.6631 5.40847 7.81917 5.20727 5.16286 4.41428 6.19612 4.2072 4.14916 4.00223 3.63606 3.45978 4.96322
threshold=43.147575378417976 0.15075758099555972 1.0000000180025095e-35 52.062900543212898 0.47222222387790685 0.22401433438062671 82.167320251464858 0.29520697891712194 83.935482025146499 84.273937225341811 10.500000000000002 74.210178375244155 0.33974359929561621 80.810150146484389 0.32738095521926885 0.41885964572429663 0.19292803853750232 88.493064880371108 50.110132217407234 57.198879241943366 1.5000000000000002 1.0000000180025095e-35 1.0000000180025095e-35 90.595520019531264 48.808847427368171 0.18834459781646731 51.66851997375489 28.869047164916996 12.500000000000002 89.022754669189467
decision_type=2 2 2 2 2 2 2 2 2 2 2 2 2 2 2 2 2 2 2 2 2 2 2 2 2 2 2 2 2 2
left_child=1 -1 16 14 8 -6 13 -8 11 10 -10 -5 -13 -7 -4 -11 18 -18 20 27 21 -2 23 24 -21 26 -24 -20 29 -29
right_child=2 -3 3 4 5 6 7 -9 9 15 -12 12 -14 -15 -16 -17 17 -19 19 22 -22 -23 25 -25 -26 -27 -28 28 -30 -31
leaf_value=-0.069377279155510563 -0.072914898347434989 0.047769761903224794 -0.071272379702146074 -0.073162138721188055 0.017926700326598377 0.01453573401808912 -0.046029331577920503 -0.0068006111023031389 0.26025248747698004 -0.023637936811144056 -0.12814972091191068 0.045602322347616762 -0.065300340422050934 0.13243589664487845 0.076408581260408573 0.073893207637885289 0.00052164437878621814 0.0491211166906656 0.22737207518876532 0.25684767893113614 0.0014816389591022143 0.10288005268740161 -0.05024380115155383 0.015478318020407722 -0.064762743379312343 -0.10958508667671715 0.034807296867314555 -0.029655510325237847 0.044283484480090909 -0.093737524114252166
leaf_weight=6.6088281215124871 7.5401747973191942 1.2155137121590085 9.4567588790159753 11.747802143847368 61.146930351722403 5.6548567675054064 19.872838203329593 43.418676276574843 0.72775097183330106 11.499647050644851 0.27608431549742818 4.6653313828137453 5.1300932508311234 1.8321700450032947 0.84699816873762834 1.9602525534573931 277.98631995009782 42.207563052070327 0.22856195463100704 0.20273233414627867 596.72256374935023 0.91829949866223604 3.1153378972812851 9.8935216690297221 11.806859572090614 1.2004050864925364 20.890954959169903 12.538240449204753 1.6709494582028117 11.223511815289385
leaf_count=212430 12415 514 98815 16250 2514 67 408 2011 62 775 12 355 73 21 11 68 20621 41174 192 59 41572 10 1359 182 1434 86 1201 10399 26 292
internal_value=-0.000443002 -0.0511785 -0.000105551 -0.007591 -0.00442858 0.00159937 -0.0125061 -0.019118 -0.0265143 0.00186952 0.15343 -0.0455708 -0.01248 0.0433874 -0.0591326 -0.00943384 0.0012311 0.00692797 -0.0014595 -0.0194896 0.000708567 -0.0538296 -0.00255474 -0.0255415 -0.0593337 0.0174194 0.0237701 -0.0505793 -0.0530772 -0.0599237
internal_weight=1184.21 7.82434 1176.38 178.236 167.932 131.925 70.7785 63.2915 36.007 14.4637 1.00384 21.5432 9.79542 7.48703 10.3038 13.4599 998.146 320.194 677.952 72.7711 605.181 8.45847 47.1098 21.9031 12.0096 25.2067 24.0063 25.6613 25.4327 23.7618
internal_count=465408 212944 252464 121442 22616 5021 2507 2419 17595 917 74 16678 428 88 98826 843 131022 61795 69227 15230 53997 12425 4321 1675 1493 2646 2560 10909 10717 10691
is_linear=0
shrinkage=0.07


Tree=129
num_leaves=31
num_cat=0
split_feature=6 3 9 12 6 6 0 3 2 3 2 5 5 1 0 6 3 1 1 2 1 3 2 9 5 5 3 2 0 4
split_gain=3.0179 6.16232 2.31111 2.41737 2.29975 2.20126 2.0148 2.08909 6.68138 7.08091 8.96567 13.9113 6.86381 13.1781 10.1009 6.22912 5.96165 6.34452 4.19599 4.10332 4.85275 4.09624 4.00651 3.96587 4.64653 9.86988 7.94125 5.04081 7.53539 4.68718
threshold=43.256237030029304 67.017543792724624 1.0000000180025095e-35 12.500000000000002 28.220211029052738 26.246067047119144 1.0000000180025095e-35 19.560019493103031 36.51515197753907 32.049383163452156 51.316701889038093 1.0000000180025095e-35 0.31666667759418493 69.360546112060561 64.747306823730483 98.598102569580092 32.690166473388679 22.401432991027836 22.401432991027836 54.110361099243171 25.677655220031742 51.000400543212898 35.388994216918952 1.0000000180025095e-35 0.19090909510850909 0.27922078967094427 66.312053680419936 64.346244812011733 61.938297271728523 1.0000000180025095e-35
decision_type=2 2 2 2 2 2 2 2 2 2 2 2 2 2 2 2 2 2 2 2 2 2 2 2 2 2 2 2 2 2
left_child=1 -1 3 5 -4 -3 -2 18 16 -10 21 19 13 23 -14 -16 17 22 -8 -12 -21 -11 -9 -13 26 27 29 28 -26 -25
right_child=6 2 4 -5 -6 -7 7 8 9 10 11 12 14 -15 15 -17 -18 -19 -20 20 -22 -23 -24 24 25 -27 -28 -29 -30 -31
leaf_value=-0.074432768561444332 -0.11631617880863154 0.085331837442539277 -0.15203687080830811 0.068400593287227168 0.050816886103223838 -0.050310255477144329 0.0064934146324956508 -0.0060031240895128506 0.029634944414367929 -0.040908174245106878 -0.026971366848001856 -0.062449203551374871 0.053422378252927671 0.042629058814336075 -0.0008086054604914283 0.054587847748229584 0.16492827324712897 -0.049845033958112045 0.077739313659796139 0.45563525853236164 0.051293449565451052 0.077679698338688902 0.10929139298221016 -0.093383296216477021 0.058943830203090172 -0.095977432559022038 0.039096668836190084 0.014486420055270104 0.33063951647659451 6.4306236399733452e-05
leaf_weight=8.1330923124496639 0.72844461505519476 0.64882001024306912 0.29008392896503199 1.2605668933574632 4.8928286649097572 6.0784722612461337 22.937407194343908 11.953315094189744 40.022566447285499 32.538921433508222 3.4839864122077406 20.398648506561585 17.5573238601919 12.132570620979093 888.40547124722434 10.058859917888183 0.77499771882685209 28.400405473146748 4.9192075607625148 0.14614551466911763 30.168955674951576 1.4927264842463035 1.6850757187294227 10.637217243200217 1.9370172677681678 3.1950645759116005 4.2253538455770459 6.7151379633378383 0.67431896648849932 3.493995585035008
leaf_count=244647 21 1594 10 1387 959 51133 960 599 5139 13708 1464 43317 2566 1829 66021 12820 220 3669 318 29 5835 508 109 4077 252 614 283 737 59 524
internal_value=-0.000416089 -0.0265236 0.00306086 -0.0205588 0.0394633 -0.0372281 6.39306e-05 0.000137143 -0.000329664 0.00073839 -0.000365932 0.000821064 -0.000702616 -0.0229752 0.000839146 -0.000188408 -0.0274536 -0.0310002 0.0190747 0.0449743 0.0532427 -0.0357066 0.00824196 -0.0384978 -0.022675 0.0102029 -0.0451019 0.0465782 0.129103 -0.070278
internal_weight=1179.99 21.3039 13.1708 7.98786 5.18291 6.72729 1158.68 1157.95 1130.1 1087.28 1047.26 1013.23 979.431 63.4093 916.022 898.464 42.8138 42.0388 27.8566 33.7991 30.3151 34.0316 13.6384 51.2768 30.8781 12.5215 18.3566 9.32647 2.61134 14.1312
internal_count=465408 299730 55083 54114 969 52727 165678 165657 164379 159782 154643 140427 133099 51692 81407 78841 4597 4377 1278 7328 5864 14216 708 49863 6546 1662 4884 1048 311 4601
is_linear=0
shrinkage=0.07


Tree=130
num_leaves=31
num_cat=0
split_feature=7 1 11 6 7 5 6 6 3 1 7 12 3 7 7 3 1 6 6 4 7 3 3 1 1 6 7 12 5 3
split_gain=3.54815 2.35173 2.01724 6.28239 5.6667 3.07229 2.66203 3.5588 3.11665 4.8474 2.5821 2.57861 2.38066 2.24498 5.06786 3.11672 2.85716 3.56591 2.83734 2.36547 3.22311 3.07753 7.89815 4.14105 4.22561 4.11453 3.95834 3.60074 3.5685 5.26504
threshold=43.147575378417976 89.009658813476577 1.0000000180025095e-35 54.007299423217781 61.920122146606452 0.58571431040763866 98.270881652832045 96.057815551757827 81.872947692871108 78.611557006835952 66.859344482421889 4.5000000000000009 83.424911499023452 95.255413055419936 94.146202087402358 76.50690078735353 87.570224761962905 83.75235748291017 94.764251708984389 1.0000000180025095e-35 91.445995330810561 87.570224761962905 86.505657196044936 89.512962341308608 89.009658813476577 58.079877853393562 60.204614639282234 12.500000000000002 0.47222222387790685 61.257406234741218
decision_type=2 2 2 2 2 2 2 2 2 2 2 2 2 2 2 2 2 2 2 2 2 2 2 2 2 2 2 2 2 2
left_child=1 -1 -2 4 -4 -6 7 13 9 -9 12 -10 -7 14 19 -16 -17 -18 -15 -5 21 22 28 24 27 26 -25 -23 -21 -30
right_child=2 -3 3 6 5 10 -8 8 11 -11 -12 -13 -14 18 15 16 17 -19 -20 20 -22 23 -24 25 -26 -27 -28 -29 29 -31
leaf_value=-0.071895242206433896 0.0011326662757957691 0.023983506182091753 -0.062892136132858864 -0.022551137230238553 -0.077491742240329037 0.13842455793561426 0.073553159250446351 -0.04068859442651198 -0.20520747055751209 -0.21384297545925543 -0.030956669760241032 0.036773260808764884 0.02133031482630799 0.071803147317315005 0.047186227914796458 -0.24842276674956104 -0.29912844646039427 0.071403190173901621 -0.089918458881791785 -0.022831754658365663 0.058767741839560045 -0.011011006753390661 0.10877862105252323 0.017629071241751663 -0.15408766362652224 0.014381225060317589 -0.10792504418972722 -0.12610507916503419 0.10248725620573723 0.0070225752815775196
leaf_weight=5.4450667679138851 991.97348726169912 1.6284293778517165 16.522980387817373 20.913610537078057 1.4132185279631801 1.5476258038543167 2.2592845481121904 2.4592793574556704 0.24304493423551354 1.1686687659239394 1.7223132704384623 1.9238800719613207 1.8895411948906256 3.7233244694070882 0.43557428335770865 0.85106918495148398 0.18732790811918676 0.39694195950869471 0.62011856865137804 19.261535732297489 4.8665871558478093 6.6476506489561835 3.639572770043741 2.0772592914290753 1.7380198857281364 18.306454396923073 3.0180696453899145 1.665665792301297 2.9860105465631923 54.467175605546799
leaf_count=208791 131022 4153 110325 1979 851 36 183 40 6 33 14 188 21 251 16 16 10 50 38 4703 276 95 65 33 23 982 18 23 59 1108
internal_value=-0.000394614 -0.0498225 -9.55119e-05 -0.00698055 -0.0410233 0.0139523 -0.00187032 -0.00299437 -0.0567922 -0.0964667 0.0389994 0.00963241 0.0740534 -0.000856187 -0.00237822 -0.116822 -0.166593 -0.0473962 0.048714 -0.000844316 0.00298102 0.000595491 0.00802273 -0.0172447 -0.0548239 -0.00110401 -0.0567393 -0.0340714 0.00324257 0.0119842
internal_weight=1176 7.0735 1168.93 176.952 23.0957 6.5727 153.856 151.597 5.79487 3.62795 5.15948 2.16693 3.43717 145.802 141.459 1.87091 1.43534 0.58427 4.34344 139.588 118.674 113.807 80.3543 33.4531 10.0513 23.4018 5.09533 8.31332 76.7147 57.4532
internal_count=465408 212944 252464 121442 111247 922 10195 10012 267 73 71 194 57 9745 9456 92 76 60 289 9364 7385 7109 5935 1174 141 1033 51 118 5870 1167
is_linear=0
shrinkage=0.07


Tree=131
num_leaves=31
num_cat=0
split_feature=6 3 9 12 6 6 12 5 3 2 5 3 2 5 2 1 3 3 2 1 1 1 3 12 2 6 6 1 1 1
split_gain=2.42154 5.77005 1.94156 2.07942 2.00027 1.9535 1.81973 6.51582 9.20556 8.30373 4.63461 6.2212 8.95179 8.14781 19.5721 11.0657 6.88693 6.56993 6.41335 6.58701 4.83049 4.74242 6.26327 6.86882 86.5197 12.7005 46.4416 9.29546 27.6231 7.40575
threshold=43.256237030029304 67.017543792724624 1.0000000180025095e-35 12.500000000000002 28.220211029052738 26.246067047119144 11.500000000000002 0.5634920895099641 80.735492706298842 84.273937225341811 0.76388889551162731 82.426471710205092 87.007671356201186 0.58571431040763866 91.331184387207045 87.570224761962905 81.120250701904311 81.53021621704103 95.040985107421889 59.299959182739265 81.872947692871108 72.04651260375978 73.746868133544936 13.500000000000002 93.127067565917983 88.273490905761733 96.315685272216811 82.413585662841811 82.793453216552749 76.253131866455092
decision_type=2 2 2 2 2 2 2 2 2 2 2 2 2 2 2 2 2 2 2 2 2 2 2 2 2 2 2 2 2 2
left_child=1 -1 3 5 -4 -3 7 8 -2 -10 11 13 20 16 17 21 18 -15 -8 -20 -13 -16 -23 29 25 -25 -27 -26 -29 -24
right_child=6 2 4 -5 -6 -7 10 -9 9 -11 -12 12 -14 14 15 -17 -18 -19 19 -21 -22 22 23 24 27 26 -28 28 -30 -31
leaf_value=-0.07444544208197984 -0.0011422127972666211 0.079534932889037568 -0.14242079965843771 0.062178257620499826 0.047419483654048196 -0.04821715897989215 -0.02341889051783571 -0.011606308699765658 0.0691428589827464 0.011611587034607792 0.016531328237887916 -0.13658710819140502 -0.0050869312833036369 0.071949425229947517 -0.036552228015198571 -0.25310614434569439 0.080921745991782451 -0.12623390632671402 -0.058453710895485463 0.029585371410840597 -0.04074169351585312 0.082468830314258973 -0.050525283591400544 -5.0716822623805342 0.070057796354104515 0.070059614302773299 -5.7109499597777509 -2.611561807414339 0.070090656774852822 0.023150100641313717
leaf_weight=7.2380672106846786 403.30589560861881 0.65359744479428439 0.28799594560405228 1.295754010465316 4.8847535133645579 5.7136730591391824 59.884626345892684 237.56817865906487 17.324350221153509 42.329474613861748 103.38999856563896 3.2961923770744752 148.1844855530544 31.750497724486195 11.887102773303921 0.83939697442110528 4.2737482828815692 0.84135844297998019 4.9454445568153487 26.361077104942524 11.802165653942209 5.5934212507854673 8.4957245196565037 0.013613471906864016 0.63061536249006167 0.015558328625047579 0.012108597322367132 0.026096594374394044 0.067520312761189416 31.371722808282357
leaf_count=244647 103232 1594 10 1387 959 51133 3112 13789 1101 3477 20820 103 12531 1742 554 22 187 41 333 1445 682 330 133 9 1162 23 21 23 137 669
internal_value=-0.000364477 -0.0244682 0.00371387 -0.0186539 0.03685 -0.0351035 5.47314e-05 -0.00218204 0.00265402 0.0283195 0.00350852 -0.000335203 -0.0103187 0.00838162 0.0233024 -0.000763485 -0.00592647 0.0668333 -0.00999668 0.015678 -0.0616661 0.00288138 0.0130217 0.00346182 -0.204236 -3.3213 -2.46003 -0.0265672 -0.677445 0.00744993
internal_weight=1174.28 20.0738 12.8358 7.66302 5.17275 6.36727 1154.21 700.528 462.96 59.6538 453.682 350.292 163.283 187.01 91.5447 58.9529 95.4649 32.5919 91.1911 31.3065 15.0984 58.1135 46.2264 40.633 0.765513 0.0412804 0.0276669 0.724232 0.0936169 39.8674
internal_count=465408 299730 55083 54114 969 52727 165678 121599 107810 4578 44079 23259 13316 9943 4866 3083 5077 1783 4890 1778 785 3061 2507 2177 1375 53 44 1322 160 802
is_linear=0
shrinkage=0.07


Tree=132
num_leaves=31
num_cat=0
split_feature=7 8 8 1 7 9 7 9 7 1 9 7 8 5 5 3 5 3 5 1 5 3 3 3 7 1 5 4 9 5
split_gain=3.06559 2.56883 2.40107 4.31479 4.14125 4.24032 3.07247 2.85085 2.71769 2.42473 2.39003 2.99955 10.8541 20.8842 2.27675 7.58119 5.74493 6.77692 6.04994 5.45413 10.6305 9.93272 6.63979 7.66068 9.39705 6.14227 6.34908 5.3632 7.88921 4.83743
threshold=43.147575378417976 0.15075758099555972 0.85092595219612133 45.308176040649421 88.021739959716811 2.5000000000000004 98.870021820068374 2.5000000000000004 98.870021820068374 24.316333770751957 1.0000000180025095e-35 99.206298828125014 0.86811593174934398 0.47222222387790685 0.43650794029235845 72.255687713623061 0.63068181276321422 70.299972534179702 0.81666666269302379 68.020618438720717 1.0000000180025095e-35 57.712133407592781 69.614067077636733 68.703357696533217 52.957075119018562 68.870674133300795 0.31666667759418493 1.0000000180025095e-35 1.0000000180025095e-35 0.78888890147209179
decision_type=2 2 2 2 2 2 2 2 2 2 2 2 2 2 2 2 2 2 2 2 2 2 2 2 2 2 2 2 2 2
left_child=1 -1 6 4 -4 8 14 -8 -6 -10 11 -5 13 -13 19 16 -16 18 29 20 21 -2 23 -21 25 26 -25 -22 -29 -18
right_child=2 -3 3 10 5 -7 7 -9 9 -11 -12 12 -14 -15 15 -17 17 -19 -20 22 27 -23 -24 24 -26 -27 -28 28 -30 -31
leaf_value=-0.06893003563764466 -0.0028287784984735651 0.045752245233600886 0.069497090642760911 0.070447704183557322 -0.071127561627966074 0.081040193315515874 0.051847660481357555 -0.10123383472633934 0.048358418280490013 -0.025815593467883292 0.065510746547341875 -2.4715873008584643 -0.045484003991974456 0.070102988948599065 0.020320811689782562 -0.0023674973161305611 -0.031816734019646284 0.039229507547320686 0.053177477479619137 0.023706786264137272 -0.049367694737500592 0.073872591951495634 0.0010838754253222973 -0.071474350675096707 -0.0046386850937358949 0.17802476278824694 0.63893813298877278 -0.030747977503304696 0.019738045958174869 -0.14804076808376007
leaf_weight=5.2879215955281316 135.14707985151108 1.168555643813306 3.5782705032615949 0.57459044898860046 4.5243151072063492 2.0804969596210858 8.2102292320632806 0.64277759943797796 2.8925816903938548 8.5210659374715743 9.9113462332752515 0.027524673962034285 0.49332747835433111 0.037315659777959809 144.01792543860211 602.68565490318906 22.205465531971647 9.9834117285881785 3.8801402747449165 10.846085076578673 35.62958843278102 8.8123433603432186 74.756385787997715 0.078024772201388148 1.3385310387893694 1.8569225131377605 0.29360618000100658 53.135034063752755 21.224883778328149 1.9053302058273391
leaf_count=212430 31334 514 107 481 105 57 2841 108 125 255 10506 3 244 42 8558 47901 803 564 733 3678 47194 1492 10246 67 188 738 97 81672 2296 29
internal_value=-7.19342e-05 -0.0481737 0.00019367 0.0189122 0.000712333 -0.0129476 -0.000343865 0.0407331 -0.0252165 -0.00701754 0.054502 -0.0418215 -0.157394 -1.00884 -0.000666312 0.00141346 0.0139345 -0.0102857 -0.027946 -0.00542255 -0.0106522 0.00186643 0.00947118 0.0529734 0.141961 0.230014 0.489785 -0.0270372 -0.0163375 -0.0410012
internal_weight=1175.75 6.45648 1169.29 32.6408 21.5967 18.0185 1136.65 8.85301 15.938 11.4136 11.0441 1.13276 0.558168 0.0648403 1127.8 784.678 181.992 37.9743 27.9909 343.118 253.949 143.959 89.1696 14.4132 3.56708 2.22855 0.371631 109.99 74.3599 24.1108
internal_count=465408 212944 252464 11925 649 542 240539 2949 485 380 11276 770 289 45 237590 58588 10687 2129 1565 179002 163988 32826 15014 4768 1090 902 164 131162 83968 832
is_linear=0
shrinkage=0.07


Tree=133
num_leaves=31
num_cat=0
split_feature=7 7 1 5 5 1 1 5 3 6 1 5 1 3 3 2 6 7 9 2 3 3 7 2 2 7 1 3 3 3
split_gain=2.82002 2.28132 4.94331 5.19733 4.95336 4.19475 4.44733 6.88208 5.35339 5.09846 4.68859 4.48653 4.30166 6.08374 9.50514 26.8507 3.60759 3.80001 3.53153 3.63053 3.54842 3.51325 5.08288 4.34578 3.64409 4.22421 3.48573 7.97172 3.28724 3.73771
threshold=43.147575378417976 69.860393524169936 91.704891204833999 0.78888890147209179 0.86607143282890331 58.102025985717781 50.252525329589851 0.47222222387790685 66.312053680419936 60.705402374267585 48.313756942749031 0.47222222387790685 60.107526779174812 64.051280975341811 63.453348159790046 84.680576324462905 75.343498229980483 68.989799499511733 1.0000000180025095e-35 61.861471176147468 61.633426666259773 88.989898681640639 70.627449035644545 78.526218414306655 97.01425933837892 97.22989654541017 61.311826705932624 58.380149841308601 46.841754913330085 54.457193374633796
decision_type=2 2 2 2 2 2 2 2 2 2 2 2 2 2 2 2 2 2 2 2 2 2 2 2 2 2 2 2 2 2
left_child=-1 5 3 -3 21 6 8 -8 11 18 -10 16 13 14 -7 -16 -2 -18 19 20 -9 23 -23 -5 -24 -26 27 -14 -13 -30
right_child=1 2 -4 4 -6 12 7 9 10 -11 -12 28 26 -15 15 -17 17 -19 -20 -21 -22 22 24 -25 25 -27 -28 -29 29 -31
leaf_value=-0.047509326427471722 -0.03009807352005869 0.0044209620704609154 0.039803926292634094 -0.18106049218285669 0.083678967716373898 0.05446707119466334 -0.063637905198598632 0.1594178959252846 0.1255020072468935 0.087946763040860298 -0.080100240426805441 -0.086984442262241224 0.13099234743023447 -0.03356915090600629 0.24294327668439614 2.6230428099707574 0.020773253652005934 -0.095751604044874067 -0.11628355930576163 -0.019737967513432431 -0.076314708990262381 -0.67943420749773165 -0.27100002599737705 -0.019249599000764086 0.072726907367406224 -0.33180350619260229 -0.00025130151403371869 -0.069981790405069549 0.12214366891940177 -0.025797584674866429
leaf_weight=6.1055187703004767 29.427550388149939 304.23718175104295 18.969417769010761 1.0148381377803151 1.0883266148448454 10.787016382174439 19.228979622718725 1.1200618818111259 2.6350535383025995 2.5556359822512595 0.68469716596155183 0.67567387092640174 1.1066514752119454 4.3408834978145014 0.21879588568481345 0.025983518709836062 15.456347786283004 1.5048489623877692 1.6268426669084881 12.780892232300173 0.43417835082982481 0.092548325075767823 0.57358465646393575 4.0952380247326801 0.49657226767158136 0.16971371826366521 720.38304111772504 7.6686532693474874 2.9156034985480801 1.173650414086296
leaf_count=212944 88050 26540 25164 11 466 6788 38978 64 737 57 362 52 1228 2146 196 12 630 39 25 731 45 6 20 746 208 62 55544 3376 86 95
internal_value=-5.99636e-05 0.000188178 0.00510995 0.002999 -0.0544467 -0.00175722 -0.0158398 -0.0343065 -0.00304357 -0.00384824 0.0830966 -0.00863386 -1.29051e-05 0.0366318 0.064255 0.495593 -0.015278 0.0104348 -0.0185453 -0.00745338 0.0935658 -0.0777801 -0.179012 -0.0513845 -0.141659 -0.0303135 -0.000785476 -0.044637 0.0560495 0.0796833
internal_weight=1173.59 1167.49 330.737 311.768 7.53082 836.751 92.22 37.7466 54.4734 18.5176 3.31975 51.1537 744.531 15.3727 11.0318 0.244779 46.3887 16.9612 15.962 14.3351 1.55424 6.4425 1.33242 5.11008 1.23987 0.666286 729.158 8.7753 4.76493 4.08925
internal_count=465408 252464 53223 28059 1519 199241 129951 39900 90051 922 1099 88952 69290 9142 6996 208 88719 669 865 840 109 1053 296 757 290 270 60148 4604 233 181
is_linear=0
shrinkage=0.07


Tree=134
num_leaves=31
num_cat=0
split_feature=7 8 8 0 7 9 7 9 7 2 1 2 0 5 3 5 0 0 3 1 5 0 3 7 1 5 0 0 3 2
split_gain=2.52993 2.50007 2.14745 4.22945 3.74055 3.69328 2.68959 2.49283 2.40725 9.15569 5.30261 2.27076 7.7252 9.20359 5.57578 13.0614 9.85945 6.90414 8.04961 6.67722 8.54735 6.53381 8.44489 7.01758 6.43866 6.15649 7.50786 7.01346 5.01113 5.71276
threshold=43.147575378417976 0.15075758099555972 0.85092595219612133 48.331480026245124 88.021739959716811 2.5000000000000004 98.870021820068374 2.5000000000000004 98.870021820068374 35.388994216918952 39.250699996948249 85.540069580078139 75.905715942382827 0.38750000298023229 72.481884002685561 0.43650794029235845 86.319076538085952 83.910789489746108 68.042552947998061 72.81223297119142 0.16025641560554507 89.022754669189467 85.349594116210952 54.589801788330085 89.512962341308608 0.63068181276321422 86.319076538085952 81.302967071533217 67.017543792724624 84.273937225341811
decision_type=2 2 2 2 2 2 2 2 2 2 2 2 2 2 2 2 2 2 2 2 2 2 2 2 2 2 2 2 2 2
left_child=1 -1 6 4 -4 8 11 -8 9 -6 -11 14 13 -13 15 -2 17 18 -17 20 -16 22 25 -24 -23 27 -27 -21 29 -18
right_child=2 -3 3 -5 5 -7 7 -9 -10 10 -12 12 -14 -15 19 16 28 -19 -20 21 -22 24 23 -25 -26 26 -28 -29 -30 -31
leaf_value=-0.0684675758666968 -0.0085900479256208178 0.045857541335123091 0.067522759557488599 0.054011662355724237 -0.2254795101597637 0.080546260962816918 0.049574762941515464 -0.092043477194747966 -0.0064106974700633588 0.077977401652255807 -0.099540522452802344 0.047187971372936711 0.0011430699497318956 0.35411625248810508 0.070774793737947511 0.037868426258052069 -0.045226181403855238 0.08312747072500605 -0.019630056998846152 0.019262716889415252 -0.054589794180494401 -0.056550630406626362 0.095034745373508991 -0.023349577246302339 0.010561112359073768 -0.064972435185255126 0.17857871847679468 -0.029915305087334077 0.017923508964021399 0.20066980952153293
leaf_weight=4.7280991245461328 244.5016456332005 1.1690072834207965 3.3798621000023621 10.675492591108194 1.2794781103730208 1.8608904032735143 7.9244119077629858 0.65975249497569155 11.397923823446035 1.7638096399605276 1.5482928273268042 9.8555960135636234 619.90332399158797 0.50315779334596378 2.9229780988480334 52.803807825446711 16.674710823219364 11.677026077793924 15.412872703178435 23.091352904220912 30.180118840618888 21.033851713305925 8.0202266186679463 3.5349701986415303 10.502303544300956 0.93933370858940124 1.8254900447900579 36.944019948175992 14.107240472947522 0.47617623819860355
leaf_count=212430 164014 514 74 11472 15 41 2841 108 249 43 31 1653 49489 38 325 2917 1676 945 1215 2920 5767 1287 142 336 924 40 55 2635 1196 16
internal_value=-7.07419e-05 -0.0458044 0.000160678 0.0180708 -1.88143e-06 -0.0127873 -0.000343458 0.0386904 -0.0236496 -0.0664426 -0.00500606 -0.000641324 0.00214488 0.0620965 -0.0041914 0.000454696 0.0203505 0.0333909 0.0248772 -0.0160796 -0.0435202 -0.00750134 0.00382264 0.0588186 -0.0342008 -0.00629658 0.0958335 -0.011 -0.0129799 -0.0383991
internal_weight=1171.3 5.89711 1165.4 31.9057 21.2303 17.8504 1133.49 8.58416 15.9895 4.59158 3.3121 1124.91 630.262 10.3588 494.648 355.653 111.152 79.8937 68.2167 138.995 33.1031 105.892 74.3554 11.5552 31.5362 62.8002 2.76482 60.0354 31.2581 17.1509
internal_count=465408 212944 252464 11925 453 379 240539 2949 338 89 74 237590 51180 1691 186410 171979 7965 5077 4132 14431 6092 8339 6128 478 2211 5650 95 5555 2888 1692
is_linear=0
shrinkage=0.07


Tree=135
num_leaves=31
num_cat=0
split_feature=12 5 11 6 8 12 6 5 4 2 5 8 8 2 6 6 8 6 0 8 2 6 5 6 8 9 8 6 8 6
split_gain=3.16349 3.88943 2.2719 7.55708 7.44006 3.93381 4.60755 4.59532 10.0841 43.5838 3.52837 5.52616 4.36258 4.8635 3.45808 2.61651 4.31897 3.35727 3.1348 2.51671 15.0085 6.97968 5.22477 4.65915 4.17419 4.15851 3.91842 5.05233 3.87328 3.86371
threshold=15.500000000000002 0.52777779102325451 1.0000000180025095e-35 54.007299423217781 0.1012820526957512 11.500000000000002 71.148777008056655 0.16025641560554507 1.0000000180025095e-35 83.935482025146499 0.58571431040763866 0.084523811936378493 0.080540537834167494 91.010101318359389 50.595321655273445 98.270881652832045 0.65833333134651195 92.921337127685561 95.040985107421889 0.19292803853750232 89.825496673583999 50.099601745605476 0.2264957278966904 56.021978378295906 0.077935222536325469 1.0000000180025095e-35 0.13188406080007556 58.079877853393562 0.18834459781646731 54.007299423217781
decision_type=2 2 2 2 2 2 2 2 2 2 2 2 2 2 2 2 2 2 2 2 2 2 2 2 2 2 2 2 2 2
left_child=2 -2 19 10 5 7 -7 8 -5 -10 -4 12 -12 -14 -15 16 -6 -18 -19 21 -21 22 -1 24 29 26 27 -25 -27 -23
right_child=1 -3 3 4 15 6 -8 -9 9 -11 11 -13 13 14 -16 -17 17 18 -20 20 -22 23 -24 25 -26 28 -28 -29 -30 -31
leaf_value=-0.051134110622880195 -0.016059291423981815 0.065048362835809698 -0.070078205980656699 0.00076520139638677472 -0.0046831058085249466 0.11199087153509683 -0.028275067229442299 -0.0095573375084749366 -0.070219702365905523 4.1398425705055208 -0.0047702048446536414 -0.063201022759664244 0.29835619052767587 -0.081268977165026207 0.17421903309645156 0.073145227994448961 -0.17209861893302064 0.021353351999886232 -0.080116533397313325 0.00080282316970670315 0.05135706186768807 -0.086136076802295111 0.0014970187302999446 -0.099296253584806093 -0.040471242228718833 0.015887567806616282 -0.069564134118238988 0.036273834124498382 -0.096677371588268571 -0.29002400035222098
leaf_weight=9.3851080052090747 4.5969292754307371 7.8344905577541795 12.324712365344569 0.13548566438293885 130.50472306516167 5.7229149311933725 1.4353257250040767 4.9468427983847505 0.0437869035777112 0.016622945666313171 4.6764010965725884 6.4031672091323344 0.54765940155812121 0.54403008607368952 0.49650513101369143 1.9937982081319194 1.1086183181032527 2.4714799977373332 3.7638952289707959 270.62794424384629 32.198741069893003 1.7228519157761213 607.21709633651153 1.8248324375344953 17.350962446245831 21.786136688078845 8.758803303979219 5.1438428616820602 1.6084335875493696 0.61907355493713101
leaf_count=56571 2197 18404 271297 204 8113 90 10 1194 161 1 14697 1050 69 105 8 183 39 71 256 19599 21730 451 38371 146 6679 2854 415 168 208 67
internal_value=-6.73335e-05 0.0350561 -0.000445248 -0.00773984 -0.00187981 0.0503128 0.0838656 0.00361028 0.336125 1.08826 -0.0434132 -0.0174702 0.0292721 0.129509 0.0406405 -0.00647084 -0.00762238 -0.059854 -0.0398975 0.000875624 0.00617812 -0.00150178 0.000695937 -0.0245421 -0.0523113 -0.0105639 -0.0383984 0.000773157 0.00814845 -0.140033
internal_weight=1167.81 12.4314 1155.38 177.136 152.143 12.301 7.15824 5.14274 0.195896 0.0604098 24.9925 12.6678 6.2646 1.58819 1.04054 139.843 137.849 7.34399 6.23538 978.244 302.827 675.417 616.602 58.8149 19.6929 39.122 15.7275 6.96868 23.3946 2.34193
internal_count=465408 20601 444807 297548 10322 1660 100 1560 366 162 287226 15929 14879 182 113 8662 8479 366 327 147259 41329 105930 94942 10988 7197 3791 729 314 3062 518
is_linear=0
shrinkage=0.07


Tree=136
num_leaves=31
num_cat=0
split_feature=12 5 11 6 8 12 6 5 8 8 2 6 6 8 5 1 6 6 5 0 0 1 8 2 1 4 6 6 6 8
split_gain=2.84619 3.64237 2.06109 6.84645 5.71703 3.9647 3.89559 3.44823 4.93295 3.43829 3.00768 2.87795 2.40206 3.50732 2.68354 3.98657 3.18213 3.14427 2.59308 2.52087 5.70836 12.032 3.18444 2.86561 4.42885 5.05179 8.39084 4.01492 2.77904 2.7712
threshold=15.500000000000002 0.52777779102325451 1.0000000180025095e-35 54.007299423217781 0.1012820526957512 11.500000000000002 71.148777008056655 0.58571431040763866 0.084523811936378493 0.080540537834167494 91.010101318359389 50.595321655273445 98.270881652832045 0.65833333134651195 0.58571431040763866 91.704891204833999 94.986034393310561 97.309360504150405 0.73214286565780651 76.833633422851577 82.426471710205092 81.28433990478517 0.19292803853750232 97.97959136962892 92.031745910644545 1.0000000180025095e-35 68.996032714843764 59.711856842041023 83.75235748291017 0.21240601688623431
decision_type=2 2 2 2 2 2 2 2 2 2 2 2 2 2 2 2 2 2 2 2 2 2 2 2 2 2 2 2 2 2
left_child=2 -2 -1 7 5 -5 -7 -4 9 -9 -11 -12 13 19 17 16 -16 -15 -18 -6 21 22 -21 -22 27 -26 -27 -25 -29 -24
right_child=1 -3 3 4 12 6 -8 8 -10 10 11 -13 -14 14 15 -17 18 -19 -20 20 23 -23 29 24 25 26 -28 28 -30 -31
leaf_value=0.00081765351566921501 -0.014775003018340758 0.064346324127458651 -0.069667966335635753 -0.0024440988658547703 -0.031295080474523083 0.10247315910851082 -0.026290691335172443 -0.0044507550597328955 -0.061357882406842409 0.22890318253744896 -0.080587382228448606 0.15263621881545547 0.072942403904054376 0.075984424600236383 -0.18380313152918373 0.070546106101125897 0.017027732196950782 -0.10057963473770136 -0.1125404990875393 -0.049337786777793692 -0.015524160146199799 0.29749252039588392 0.16734012133529608 0.090749902532370419 -0.28166809772046897 -0.077390718824589921 0.070869846677123691 -0.0051438652812989694 0.042555285572635985 0.031098840688729194
leaf_weight=975.94909162609929 4.6449302699475066 7.3817401289124973 11.556803011230842 5.3563708579076756 15.054211271415623 5.8132163497211877 1.4355935659259556 4.6617519779028935 6.1432721233577468 0.65883741069410451 0.51138849132075825 0.5258492911234498 1.8639912004000496 1.389614365762099 1.5795348351821301 0.75517472438514222 1.2361492551863196 0.76698500523343671 1.9520234866067765 2.3096713905651969 64.005412453618192 0.8470311571145438 0.79308895337453478 3.6019861091044758 0.39072752092033347 5.1921747392043471 2.9237341737607494 16.745842881035063 9.3139283983036858 9.4285059507528768
leaf_count=147259 2197 18404 271297 1560 4337 90 10 14697 1050 69 105 8 183 47 33 196 39 18 33 410 1777 13 57 42 11 54 654 218 331 209
internal_value=-8.8765e-05 0.0337882 -0.0004422 -0.00739618 -0.00192973 0.0432254 0.0769721 -0.0421052 -0.0166245 0.0265993 0.111942 0.0376502 -0.00599102 -0.00705499 -0.0530291 -0.0788867 -0.102556 0.0131902 -0.062303 -0.00435177 -0.00084158 0.042155 0.0248959 -0.00647141 0.00870934 -0.0358164 -0.0239803 0.0214788 0.0119041 0.0416697
internal_weight=1164.79 12.0267 1152.76 176.813 152.755 12.6052 7.24881 24.0579 12.5011 6.35783 1.69608 1.03724 140.15 138.286 7.67948 5.52288 4.76771 2.1566 3.18817 130.606 115.552 13.3783 12.5313 102.174 38.1684 8.50664 8.11591 29.6618 26.0598 10.2216
internal_count=465408 20601 444807 297548 10322 1660 100 287226 15929 14879 182 113 8662 8479 366 301 105 65 72 8113 3776 689 676 3087 1310 719 708 591 549 266
is_linear=0
shrinkage=0.07


Tree=137
num_leaves=31
num_cat=0
split_feature=12 2 7 2 7 9 7 8 0 7 8 0 2 2 8 2 7 0 12 4 0 6 8 0 6 0 7 0 2 0
split_gain=2.55354 3.07619 2.60248 3.93087 7.17373 2.5273 1.96943 2.25349 1.73403 1.58114 3.6674 3.63254 4.38908 5.31417 3.54349 3.17646 4.61511 4.51589 2.95224 2.87952 3.21123 3.02101 3.26241 2.76804 4.03628 4.41508 5.05655 4.96095 3.4633 3.40799
threshold=15.500000000000002 75.147060394287124 95.255413055419936 70.659969329833999 96.566463470458999 2.5000000000000004 43.147575378417976 0.15075758099555972 1.0000000180025095e-35 84.866104125976577 0.44722221791744238 48.808847427368171 96.34091949462892 94.804317474365249 0.80384615063667308 36.51515197753907 92.805229187011733 24.440019607543949 4.5000000000000009 1.0000000180025095e-35 76.253131866455092 80.170940399169936 0.41885964572429663 82.807880401611342 93.367176055908217 51.89995193481446 86.683086395263686 32.690166473388679 43.534002304077156 85.523811340332045
decision_type=2 2 2 2 2 2 2 2 2 2 2 2 2 2 2 2 2 2 2 2 2 2 2 2 2 2 2 2 2 2
left_child=6 2 -2 5 -5 -4 7 -1 -8 14 11 -11 13 19 -10 16 -12 -18 -17 21 -21 -13 -23 24 28 26 -26 -28 -20 -25
right_child=1 -3 3 4 -6 -7 8 -9 9 10 15 12 -14 -15 -16 18 17 -19 23 20 -22 22 -24 29 25 -27 27 -29 -30 -31
leaf_value=-0.067924786211723279 0.054424304658712008 0.056007825208735047 -0.091497463644374291 -0.51924686364953965 0.070929945807603825 0.081569018499097271 -0.10844413805374685 0.042889726246477473 -0.0015085272723407137 0.05294291100518364 -0.05729349806944823 0.049583221342326345 0.055693549163296684 -0.12352046504210457 0.056624014537357756 -0.014953546570108689 0.043933924248090145 -0.036821977671145395 0.12529985309620975 -0.020374781921252753 0.044611117577766847 -0.064332159056109603 0.037473688762215879 -0.079875084303707058 -0.19205992983886988 0.049180874335556631 0.040292211374449424 -0.038682447226518438 0.036702971319664351 0.0045518483400030767
leaf_weight=4.054849842837938 1.3289875208865845 8.1683984516566834 1.0623923741222827 0.2340235199080779 0.17743787661311217 0.67687686352292065 0.7249365251918779 1.1554328537131366 978.60670498533545 13.467280464712529 10.829816460609438 2.2610951941751471 8.2756494122877466 1.6633786894526554 5.1650536681700023 24.877572850615252 6.857721680775283 6.7159793619066477 3.0662532299756986 5.5327856917283524 11.40871607212466 6.7760398280806822 1.9969137533335013 2.615190544252985 0.72081404476194322 9.5017372709407919 7.2015541662694877 8.4949960713856836 7.3307892235461622 22.491718242163188
leaf_count=212430 169 20243 64 10 84 31 24 514 208962 170 70 99 1860 268 1553 1195 107 37 17 155 1055 297 165 607 20 1946 146 339 497 12274
internal_value=-8.16566e-05 0.0325288 -0.0225866 -0.0701735 -0.26474 -0.0241446 -0.000411447 -0.0433505 -0.000216324 -0.000147853 0.00625823 0.0217137 0.010621 -0.00196391 -0.00120332 -0.000915217 -0.0232133 0.00397762 0.0053901 0.00526364 0.0233879 -0.0225641 -0.0411589 0.0136297 0.0259853 0.011205 -0.010774 -0.00244899 0.0628316 -0.00424225
internal_weight=1163.44 11.6481 3.47972 2.15073 0.411461 1.73927 1151.79 5.21028 1146.58 1145.86 162.086 51.3819 37.9146 29.6389 983.772 110.704 24.4035 13.5737 86.3006 27.9756 16.9415 11.034 8.77295 61.4231 36.3161 25.9191 16.4174 15.6966 10.397 25.1069
internal_count=465408 20601 358 189 94 95 444807 212944 231863 231839 21324 4069 3899 2039 210515 17255 214 144 17041 1771 1210 561 462 15846 2965 2451 505 485 514 12881
is_linear=0
shrinkage=0.07


Tree=138
num_leaves=31
num_cat=0
split_feature=12 5 11 7 5 8 6 6 6 0 0 5 6 6 7 6 8 12 5 8 8 8 6 8 7 5 6 7 12 0
split_gain=2.32331 3.2322 1.8353 6.66119 3.33175 5.29169 5.66501 4.39609 4.87287 7.17421 3.72506 4.20101 3.58099 3.30532 5.84771 3.36619 5.47999 3.51136 3.55048 4.54868 3.46292 3.25504 3.04215 2.94872 2.89512 3.21744 4.81437 2.8598 2.70106 2.66896
threshold=15.500000000000002 0.52777779102325451 1.0000000180025095e-35 52.062900543212898 0.47222222387790685 0.22401433438062671 75.343498229980483 82.78556060791017 66.866264343261733 86.319076538085952 80.259738922119155 0.86607143282890331 64.536544799804702 64.536544799804702 62.554347991943366 54.447351455688484 0.084523811936378493 11.500000000000002 0.63068181276321422 0.10435571894049646 0.11651583760976793 0.089572194963693633 73.20508193969728 0.16064515709877017 61.920122146606452 0.94444444775581371 49.890829086303718 58.674652099609382 11.500000000000002 91.734970092773452
decision_type=2 2 2 2 2 2 2 2 2 2 2 2 2 2 2 2 2 2 2 2 2 2 2 2 2 2 2 2 2 2
left_child=2 -2 -1 22 12 7 29 8 13 -10 -8 -12 -5 15 -15 16 24 21 -19 -20 -21 -17 -4 -9 25 -6 -27 -14 -26 -7
right_child=1 -3 3 4 5 6 10 23 9 -11 11 -13 27 14 -16 17 -18 18 19 20 -22 -23 -24 -25 28 26 -28 -29 -30 -31
leaf_value=0.0008055319385897676 -0.013277472386364104 0.062971536774691639 -0.068777492603119217 -0.062839576203725392 -0.072014246448489069 -0.014326884179053005 0.065226623907213913 0.013351449370728383 0.1636504341672034 0.033819855164919838 -0.01156499659802737 0.070532277186977577 0.10162649778617701 0.10070104075781276 -0.11870455316373511 -0.13065414382144536 -0.051929140277634234 0.095919634433034973 0.099870196371869058 -0.098648368333766848 0.020524346728564218 0.0086985553123067067 0.085420238254294761 -0.13181635691336016 0.14702066280406173 -0.073360331752508737 0.27753184812593207 -0.014932726733991925 0.016709082746745013 -0.077133949700565557
leaf_weight=975.13868252475186 4.6295410341554071 6.6187001297294046 10.417004442915637 8.3537510151436418 1.6920019872268297 5.567133806180208 3.8070799289271227 1.2088672043755644 2.4449664913117912 14.186156003503127 49.301764763542451 3.2558616865426293 1.0777243408374513 0.80463948287069742 2.2871583625674248 0.91221353819128381 7.9026301039120881 5.3038295155856749 2.8544013043865544 1.5137029364705084 5.6705917541403323 8.2445884401677159 0.66707864726777266 1.5840432243421672 1.5979177747503857 0.38587466615717847 0.38054909929633141 24.010099982420797 1.5215795448748393 8.1962125895079208
leaf_count=147259 2197 18404 274919 16226 700 90 48 25 33 273 1219 1046 130 19 40 47 731 68 24 18 74 338 13 32 39 37 4 1239 12 104
internal_value=-6.98898e-05 0.031589 -0.000379471 -0.00697693 -0.00342871 0.00161858 -0.0114672 0.0167879 0.0209394 0.0529064 -0.00163592 -0.0064792 -0.0231436 0.007995 -0.0616043 0.0136608 -0.0144332 0.0291193 0.0495923 0.0251159 -0.00458488 -0.00518396 -0.0594973 -0.0689828 0.0386899 -0.018118 0.100867 -0.00992557 0.0834593 -0.0517291
internal_weight=1161.54 11.2482 1150.29 175.149 164.065 130.624 70.1281 60.4957 57.7028 16.6311 56.3647 52.5576 33.4416 41.0717 3.0918 37.9799 13.4806 24.4993 15.3425 10.0387 7.18429 9.1568 11.0841 2.79291 5.57792 2.45843 0.766424 25.0878 3.1195 13.7633
internal_count=465408 20601 444807 297548 22616 5021 2507 2514 2457 306 2313 2265 17595 2151 59 2092 1523 569 184 116 92 385 274932 57 792 741 41 1369 51 194
is_linear=0
shrinkage=0.07


Tree=139
num_leaves=31
num_cat=0
split_feature=12 3 3 3 7 3 7 3 7 6 8 12 8 5 7 12 8 9 7 3 7 8 6 6 6 7 12 4 9 12
split_gain=2.09993 3.54819 2.38954 2.39885 2.92743 2.78417 14.7903 1.92935 2.5013 3.13423 3.84922 2.32666 1.84686 2.79714 1.66671 3.494 2.07651 1.66351 1.61412 1.54129 4.24856 3.62458 3.79945 3.23581 2.99509 5.73635 2.59938 3.99403 4.204 2.95489
threshold=13.500000000000002 86.70682525634767 86.505657196044936 64.747306823730483 56.422948837280281 63.859338760375984 85.794998168945327 77.459678649902358 85.794998168945327 97.603828430175795 0.71825397014617931 14.500000000000002 0.35857143998146063 0.19090909510850909 46.024723052978523 7.5000000000000009 0.040833333507180221 2.5000000000000004 86.683086395263686 19.560019493103031 93.764953613281264 0.40588235855102545 90.34647369384767 86.855396270751967 95.529048919677749 85.794998168945327 2.5000000000000004 1.0000000180025095e-35 1.5000000000000002 5.5000000000000009
decision_type=2 2 2 2 2 2 2 2 2 2 2 2 2 2 2 2 2 2 2 2 2 2 2 2 2 2 2 2 2 2
left_child=14 2 3 5 -5 12 -7 -6 -9 10 11 -10 -2 17 15 -1 -17 -14 -12 20 21 23 -23 -16 -24 -26 27 28 -21 -28
right_child=1 -3 -4 4 7 6 -8 8 9 -11 18 -13 13 -15 19 16 -18 -19 -20 26 -22 22 24 -25 25 -27 29 -29 -30 -31
leaf_value=-0.059569870430343452 -0.12780607569670432 0.073455898211748832 -0.12789529989382548 -0.12234465975152238 0.073300254349793148 -1.3181493029907763 0.071067515848273741 0.074028801158061111 -0.089702886390860756 0.073825834214643393 -0.37535933061751464 0.07718930440590234 -0.083336613616019559 0.071648510092757939 0.066037963814582837 -0.07005211460878373 0.052593391911591007 0.016478626004294943 -0.12939430380586131 -0.018428196395385024 0.077410830026153066 -0.067355124090905105 0.045815280684382786 -0.017558727695461535 0.044915801917673706 -0.13540047233128383 0.011403780379165363 0.093853586778871942 0.05134043501908396 -0.0009507910495985349
leaf_weight=6.5318666065240887 0.64173630398000625 4.9462926303240229 0.6263413919514268 0.58381835799082082 4.5233233944018121 0.050411640957463422 0.14721022572484799 2.1374715698257205 0.71766454266617141 1.2136236646038012 0.15205185330705695 0.95265439254580997 1.8432238146197053 1.6889906364667693 6.3165453231849877 0.87666381462895548 2.9616921471679234 1.471110946498811 0.93242524757806677 78.050011070092296 4.6117237964062943 5.1115130083635441 4.7247823693323863 3.5405422709882259 1.8394288236740979 1.6310556344687936 105.90781692333439 1.6966602941974986 4.4745428534406519 909.3242287258563
leaf_count=261703 34 18735 302 29 3231 16 65 1506 152 1104 9 1371 21 686 902 18518 1441 30 361 50053 119 33 35 26 23 23 11974 85 918 91903
internal_value=-6.78755e-05 0.0210474 0.00638692 0.0113182 0.0302682 -0.0250499 -0.28331 0.0386506 0.0129817 -0.0198995 -0.0611902 0.00548287 -0.0160087 -0.00166939 -0.000487886 -0.0284226 0.0245817 -0.0390323 -0.16388 -0.000230894 0.0160542 0.00383868 -0.0199932 0.0360111 0.00954709 -0.0398291 -0.000642307 -0.0124595 -0.0146453 0.000338023
internal_weight=1160.23 22.6284 17.6821 17.0557 11.213 5.84268 0.197622 10.6292 6.10589 3.96842 2.7548 1.67032 5.64506 5.00333 1137.6 10.3702 3.83836 3.31433 1.08448 1127.23 27.7756 23.1639 13.3068 9.85709 8.19527 3.47048 1099.45 84.2212 82.5246 1015.23
internal_count=465408 27652 8917 8615 7763 852 81 7734 4503 2997 1893 1523 771 737 437756 281662 19959 51 370 156094 1161 1042 114 928 81 46 154933 51056 50971 103877
is_linear=0
shrinkage=0.07


Tree=140
num_leaves=31
num_cat=0
split_feature=12 2 0 3 5 2 0 2 3 1 0 12 8 0 6 3 1 2 5 2 5 3 5 5 2 3 3 0 3 2
split_gain=1.94469 4.026 2.51736 1.80026 2.46528 2.23424 3.30986 1.98423 4.34588 1.79467 1.60747 1.4971 6.23144 6.10773 3.85925 3.17499 2.49301 6.64869 2.30532 2.98014 2.74366 2.0833 2.20503 1.81798 1.49519 1.41167 9.03521 1.38548 1.83759 4.99889
threshold=13.500000000000002 87.007671356201186 19.139194488525394 79.337715148925795 0.41428571939468389 72.438781738281264 86.70682525634767 74.833332061767592 59.491636276245124 86.70682525634767 39.314987182617195 1.5000000000000002 0.21807064861059192 29.818989753723148 68.996032714843764 75.809822082519545 70.299972534179702 76.50690078735353 0.27922078967094427 93.813774108886733 0.63068181276321422 57.712133407592781 0.41428571939468389 0.58571431040763866 88.989898681640639 64.747306823730483 64.565757751464858 1.0000000180025095e-35 19.560019493103031 36.51515197753907
decision_type=2 2 2 2 2 2 2 2 2 2 2 2 2 2 2 2 2 2 2 2 2 2 2 2 2 2 2 2 2 2
left_child=11 2 -2 4 7 -5 -7 10 -9 -8 -4 12 13 14 -1 -15 17 -17 19 24 -20 -14 -23 -24 -18 26 -3 -13 -29 -30
right_child=1 25 3 5 -6 6 9 8 -10 -11 -12 27 21 15 -16 16 18 -19 20 -21 -22 22 23 -25 -26 -27 -28 28 29 -31
leaf_value=-0.070023320058146488 -0.24324344255684344 0.070289443411273925 -0.028476657634881587 -0.28724476600960125 0.070513686685928931 0.072551178321379695 -0.12062510762071801 -0.2889600735604349 -0.0098609880506040758 0.070280734644522558 0.059826561403436361 -0.09660025052659052 -0.034075304846043888 -0.07768685341682019 0.67891742112079834 0.65763851736033985 -0.093630386272178873 0.02680630576467892 -0.077907601312496425 0.34040869306570731 0.062175141093992962 0.083331480087595389 -0.092841603187821142 0.044022942941530925 0.090698253737567139 0.056697007645380916 -0.69340785964044538 0.018046896328364426 -0.024408751692819544 0.00046302978248931217
leaf_weight=0.053056331583323124 0.22043286263942974 0.4461132598516987 2.2550517804920656 0.18430754542350802 2.4995233511435799 0.92163083521882105 1.5241361283406147 0.37608345260377962 1.0009920807788146 0.28667564380157262 1.8298247135244308 0.72846372585263353 1.7731405351405545 8.404947628806438 0.092474617063999176 0.095203828560442072 0.36526581918587886 0.58435591922079766 3.4337907873887161 0.16335496345891443 0.85586781141137169 3.8888200535875512 0.75380885312915813 1.288338523590937 0.52635687867859815 10.303432443412019 0.091473466716706753 26.885139781550606 41.154667992750547 1045.7625784809152
leaf_count=1403 5 417 16 1 1760 186 72 10 87 325 92 25 232 113166 1 51 212 739 3067 4 29 258 12 80 33 24662 19 1452 5171 311821
internal_value=-5.54218e-05 0.0205868 -0.00904917 -0.00430353 0.0129326 -0.0513507 -0.0354393 -0.0134179 -0.0860838 -0.0904022 0.0110789 -0.000453804 -0.018421 -0.0453369 0.405876 -0.0498877 -0.0111025 0.115184 -0.0271595 0.0655437 -0.0499585 0.0324986 0.0524017 -0.00649726 0.0151854 0.0509272 -0.059658 -9.46509e-05 -3.1533e-05 -0.000478707
internal_weight=1158.75 21.9397 11.0987 10.8782 7.96148 2.91675 2.73244 5.46195 1.37708 1.81081 4.08488 1136.81 22.2788 14.5747 0.145531 14.4291 6.0242 0.67956 5.34464 1.05498 4.28966 7.70411 5.93097 2.04215 0.891623 10.841 0.537587 1114.53 1113.8 1086.92
internal_count=465408 27652 2554 2549 1965 584 583 205 97 397 108 437756 119287 118705 1404 117301 4135 790 3345 249 3096 582 350 92 245 25098 436 318469 318444 316992
is_linear=0
shrinkage=0.07


Tree=141
num_leaves=31
num_cat=0
split_feature=8 5 1 1 11 0 2 8 0 12 4 8 8 1 3 1 3 1 5 1 8 12 9 8 3 3 12 8 8 1
split_gain=1.91583 5.77862 6.90804 5.69326 6.96 5.52013 4.07811 3.77314 3.74074 3.63369 4.64201 3.5066 6.02841 3.42574 5.7957 3.46624 9.50332 3.81647 3.55214 3.01476 3.01402 4.50361 4.90896 3.82848 3.7044 5.26103 3.52006 3.38205 7.27065 5.09485
threshold=0.19292803853750232 0.31666667759418493 75.905715942382827 89.512962341308608 1.0000000180025095e-35 91.734970092773452 83.935482025146499 0.20942982286214831 19.139194488525394 1.5000000000000002 1.0000000180025095e-35 0.22401433438062671 0.22902098298072818 47.124916076660163 44.315244674682624 56.294013977050788 51.191152572631843 56.440422058105476 0.38750000298023229 46.841754913330085 0.11834733933210374 6.5000000000000009 1.0000000180025095e-35 0.13188406080007556 85.349594116210952 79.823009490966811 5.5000000000000009 0.13423423469066623 0.17445652186870578 99.473682403564467
decision_type=2 2 2 2 2 2 2 2 2 2 2 2 2 2 2 2 2 2 2 2 2 2 2 2 2 2 2 2 2 2
left_child=1 2 6 11 -5 -6 8 -7 -1 10 -3 -2 -13 14 -11 16 18 -17 -15 -16 -19 26 24 -24 25 27 -22 -23 29 -29
right_child=3 9 -4 4 5 7 -8 -9 -10 13 -12 12 -14 15 19 17 -18 20 -20 -21 21 22 23 -25 -26 -27 -28 28 -30 -31
leaf_value=0.09456785926126457 0.022195054657991015 -0.078783930290345264 0.057088647125655985 0.05942573451983324 0.086351723401991418 0.079092440644859777 0.0066956196558035615 -0.024725209127215576 -0.059229872905366576 -0.077573877639957892 0.084320000470103476 -0.14118169045659498 -0.00047180307238596346 -0.072053555551072304 0.048530896865048329 0.18039009139362089 -0.054446050680274347 0.0012217493203667952 0.11286260860946648 0.16789861729968389 0.0046143251226240141 0.051373371016502953 -0.09162077844614698 0.051169329572996101 -0.043460293348986094 0.074859346576467908 -0.058253559367037772 -0.082079904495622621 0.050685126435145923 -0.33401093095991657
leaf_weight=0.80111159911394381 34.928883246207988 5.432732095821847 3.9797574422391326 19.079440045818046 3.1741797258146134 1.9186727933120007 6.9082112839596439 16.188610013923608 23.696190496937561 1.6219932479407342 1.0147107696466262 1.4984856100636523 341.2765914150732 0.63060522764044735 6.2265388573514429 0.57378976761719869 15.041876246013997 611.80075684761323 2.640077883167578 1.2438609025921321 6.0531368987558389 2.1225448280529253 1.0118126576271596 10.148686999193158 12.98246784663206 4.0911271619552281 15.639235666676541 2.9427982183915451 2.0696518956392538 0.45402073836885382
leaf_count=669 4679 16319 761 30455 58 61 5724 1632 278755 798 32 180 29684 1152 4466 187 11315 74531 654 277 574 140 27 409 230 96 1304 164 69 6
internal_value=-5.07177e-05 -0.0021928 -0.0297951 0.00373642 0.0287256 0.00120206 -0.0408052 -0.0137245 -0.0542004 -0.000804906 -0.0531143 0.00106611 -0.00108693 -0.000321234 0.0423648 -0.000885194 -0.0309319 -6.38176e-05 0.0772098 0.0684063 -0.000218517 -0.0155388 -0.000296288 0.038224 -0.0177277 0.010874 -0.0407106 -0.0236196 -0.0527382 -0.115753
internal_weight=1157.19 739.128 35.3853 418.065 40.3609 21.2815 31.4055 18.1073 24.4973 703.742 6.44744 377.704 342.775 697.295 9.09239 688.203 18.3126 669.89 3.27068 7.4704 669.316 57.5155 35.8231 11.1605 24.6626 11.6801 21.6924 7.58902 5.46647 3.39682
internal_count=465408 398659 285909 66749 32206 1751 285148 1693 279424 112750 16351 34543 29864 96399 5541 90858 13121 77737 1806 4743 77550 3019 1141 436 705 475 1878 379 239 170
is_linear=0
shrinkage=0.07


Tree=142
num_leaves=31
num_cat=0
split_feature=9 5 1 1 1 3 12 7 12 0 12 3 4 12 12 4 5 0 5 0 12 1 5 1 5 5 3 7 7 3
split_gain=1.74124 5.71287 8.67215 5.58249 7.71529 7.64114 14.006 4.78088 4.15432 3.9708 4.13167 5.31814 3.80052 3.77889 4.26374 3.64015 7.42618 9.7437 8.91574 5.8102 6.23494 5.22742 7.42363 5.59368 4.46616 12.3744 7.2374 6.45344 13.2771 5.97249
threshold=1.0000000180025095e-35 0.31666667759418493 68.703357696533217 70.997890472412124 70.299972534179702 73.746868133544936 9.5000000000000018 64.722881317138686 1.5000000000000002 64.747306823730483 2.5000000000000004 91.010101318359389 1.0000000180025095e-35 6.5000000000000009 3.5000000000000004 1.0000000180025095e-35 1.0000000180025095e-35 51.56402778625489 0.36931818723678594 82.807880401611342 12.500000000000002 69.614067077636733 0.43650794029235845 69.360546112060561 0.27922078967094427 0.19090909510850909 66.312053680419936 70.627449035644545 69.860393524169936 52.223320007324226
decision_type=2 2 2 2 2 2 2 2 2 2 2 2 2 2 2 2 2 2 2 2 2 2 2 2 2 2 2 2 2 2
left_child=1 2 -1 4 8 -6 -7 13 -2 -3 11 12 -11 14 -5 16 17 -10 24 20 -17 23 -23 -20 25 26 -18 28 29 -27
right_child=3 9 -4 7 5 6 -8 -9 15 10 -12 -13 -14 -15 -16 19 18 -19 21 -21 -22 22 -24 -25 -26 27 -28 -29 -30 -31
leaf_value=-0.051073560993146909 0.12988773863589215 0.041365764025847185 0.028637062751211625 0.023981280677357854 -0.052589455757463495 -0.061590916485225564 -0.70914764672489772 0.03798452586007145 -0.0012345529867041588 -0.074187252972462495 -0.00045377778272908358 0.049869759763466678 0.089445391913309621 0.021611404864321133 -0.056515736282062794 0.045168173382170149 -0.08662405146737838 0.078730784168181467 0.059599045257346515 -0.035646428953015515 -0.041509767979885662 1.0277771695770059 0.053926399784707112 -0.19513971785337039 -0.081707701913250788 0.32767915553260746 0.03714715323757941 0.029439394730246253 1.3498224800871865 -0.03919361033090444
leaf_weight=25.015911121174213 1.2150908833764322 10.934898096345931 9.128339840489387 5.1697821432499032 2.7457320491957939 0.42095342992251961 0.26777272869367152 39.219516863558965 154.53358927094087 9.6910559317748231 780.29873322416097 2.5754114403880513 0.74927775774631378 19.694921349559081 8.5676031920665974 27.539650511498621 11.014772194313084 7.8455532959360417 4.8982400697414041 7.6020498444577234 4.770862659730482 0.063982980576838488 0.095760474470807821 0.46223941801872559 11.505588527972579 0.50777264883526996 2.9309183003942954 4.1689239801780786 0.049385578371584415 0.38025953974920412
leaf_count=258054 852 10749 5967 347 329 50 34 39387 22391 19175 88336 153 37 2021 611 4138 5591 1246 606 2083 388 10 40 25 1861 246 257 102 2 320
internal_value=-5.09283e-05 -0.00171935 -0.0297632 0.00438025 -0.000709512 -0.104882 -0.313357 0.0214054 0.00078381 -0.000528754 -0.00110622 -0.0402204 -0.0624437 0.00195645 -0.0262223 0.000125702 -0.0037536 0.00262907 -0.0324808 0.0194147 0.0323696 0.0493917 0.443989 0.0376327 -0.047271 -0.0264745 -0.0606115 0.0667553 0.232708 0.170583
internal_weight=1154.06 838.394 34.1443 315.671 243.019 3.43446 0.688726 72.6518 239.585 804.249 793.314 13.0157 10.4403 33.4323 13.7374 238.37 198.457 162.379 36.0778 39.9126 32.3105 5.52022 0.159743 5.36048 30.5576 19.052 13.9457 5.10634 0.937418 0.888032
internal_count=465408 382471 264021 82937 40571 413 84 42366 40158 118450 107701 19365 19212 2979 958 39306 32697 23637 9060 6609 4526 681 50 631 8379 6518 5848 670 568 566
is_linear=0
shrinkage=0.07


Tree=143
num_leaves=31
num_cat=0
split_feature=7 3 1 6 3 5 3 7 6 7 7 1 6 0 8 8 6 6 1 0 6 1 3 1 3 5 6 3 7 1
split_gain=1.65425 3.77302 3.31946 4.56902 3.51253 6.44136 5.69837 3.76414 3.69986 4.1703 4.58939 5.71477 4.45912 5.55553 5.90992 5.61608 4.35963 4.13204 4.2879 3.50736 3.49024 3.1687 3.75833 3.15011 7.34622 4.80712 4.09713 4.00883 4.03936 3.36569
threshold=69.860393524169936 95.488464355468764 58.102025985717781 48.84608459472657 69.614067077636733 0.63068181276321422 69.282051086425795 49.693204879760749 87.545619964599624 66.859344482421889 64.722881317138686 64.89996719360353 50.099601745605476 95.488464355468764 0.13188406080007556 0.13423423469066623 58.079877853393562 63.069993972778327 86.391696929931655 90.521114349365249 73.20508193969728 89.512962341308608 92.705101013183608 48.683298110961921 60.640108108520515 0.47222222387790685 60.705402374267585 51.316701889038093 50.595321655273445 52.223320007324226
decision_type=2 2 2 2 2 2 2 2 2 2 2 2 2 2 2 2 2 2 2 2 2 2 2 2 2 2 2 2 2 2
left_child=2 -2 3 -1 5 -4 7 -7 9 10 11 -6 -13 14 -14 16 -16 21 -19 -12 -15 -11 -23 24 -5 -25 27 -27 29 -29
right_child=1 -3 4 23 8 6 -8 -9 -10 17 19 12 13 20 15 -17 -18 18 -20 -21 -22 22 -24 25 -26 26 -28 28 -30 -31
leaf_value=-0.075126349110351737 0.0029782869534156408 0.050668757087746673 0.017230754538655916 -0.0076592143813209099 -0.051710808860955762 0.10269391100487187 0.12478260759970125 -0.044968270752833051 0.054186252010446648 0.048379700756219689 0.073636195081117392 0.0005059130966918367 -0.085660054235175698 -0.0056486517431690274 -0.014484786660674454 -0.026153555100740956 0.30549418660333616 -0.091323085787527875 0.0020980514590414573 0.0095437282986745604 0.062530826056155078 -0.16135376362127632 0.027252648407995222 -0.050689897421811188 0.082983044155885297 0.076070785713346745 0.082516785542214255 -0.091727482762527818 -0.10326858711235606 0.0069067078217427301
leaf_weight=5.6946152941286519 312.39119611099886 8.3458953637382347 105.85627221014511 40.141304056352965 11.545502688167288 0.89159478490728972 1.130491764501129 16.508050368793192 5.6243518148112335 3.8134249054710407 6.5764279252616715 487.69838610152601 8.9806360504971945 32.391067985910922 0.3883674425851521 30.324510263235425 0.45085535908583552 7.6644004148110962 3.5098798926919699 11.499035161192294 4.1505587082792763 0.95323884682147797 1.1330576807667965 18.537820731206011 4.9180367314138485 2.1581129855621901 2.5071471703122361 2.0226344325092205 2.7148256956133983 10.470787318299697
leaf_count=232417 36952 16271 75446 25506 7097 498 36 327 2579 107 218 48284 1232 759 39 1139 7 235 543 647 837 18 50 13066 780 17 63 32 77 129
internal_value=-5.04281e-05 0.00421924 -0.00169985 -0.0144602 -0.000164566 0.010566 -0.0275072 -0.0374017 -0.00232888 -0.00284905 -0.00186864 -0.00295868 -0.00196136 -0.0176524 -0.0356281 -0.0212101 0.157417 -0.0369574 -0.0619792 0.0328626 0.00209547 0.0104348 -0.0589225 -0.0103214 0.00223401 -0.0250498 -0.00113305 -0.0132094 -0.0258786 -0.00906177
internal_weight=1150.99 320.737 830.255 89.1653 741.09 124.386 18.5301 17.3996 616.704 611.079 594.005 575.93 564.384 76.686 40.1444 31.1637 0.839223 17.074 11.1743 18.0755 36.5416 5.89972 2.0863 83.4707 45.0593 38.4113 19.8735 17.3664 15.2082 12.4934
internal_count=465408 53223 412185 272087 140098 76307 861 825 63791 61212 60259 59394 52297 4013 2417 1185 46 953 778 865 1596 175 68 39670 26286 13384 318 255 238 161
is_linear=0
shrinkage=0.07


Tree=144
num_leaves=31
num_cat=0
split_feature=9 1 1 0 9 5 1 3 0 5 6 0 7 5 0 0 1 1 6 0 5 3 0 0 4 5 3 5 0 3
split_gain=1.49533 4.91251 5.9283 5.11311 6.04739 4.82454 7.62993 4.45727 3.64513 5.93328 4.29842 4.14986 3.67189 3.39237 3.361 3.43791 4.91546 9.59558 3.97336 3.27911 3.23856 3.93044 2.88879 5.20048 3.43456 5.17324 9.48683 5.74904 7.6819 5.14623
threshold=1.0000000180025095e-35 70.997890472412124 70.299972534179702 72.04651260375978 1.5000000000000002 0.31666667759418493 68.703357696533217 76.50690078735353 93.582702636718764 0.58571431040763866 77.095886230468764 83.09690093994142 52.470642089843757 0.47222222387790685 64.747306823730483 64.326763153076186 62.889245986938484 63.453348159790046 71.148777008056655 75.147060394287124 0.52777779102325451 72.481884002685561 69.631092071533217 69.504829406738295 1.0000000180025095e-35 1.0000000180025095e-35 51.471860885620124 0.19090909510850909 64.747306823730483 66.312053680419936
decision_type=2 2 2 2 2 2 2 2 2 2 2 2 2 2 2 2 2 2 2 2 2 2 2 2 2 2 2 2 2 2
left_child=5 2 20 -4 13 6 -1 -3 9 19 12 -12 -11 -5 15 18 -17 -18 -7 -9 22 -22 23 24 25 26 -2 29 -29 -27
right_child=1 7 3 4 -6 14 -8 8 -10 10 11 -13 -14 -15 -16 16 17 -19 -20 -21 21 -23 -24 -25 -26 27 -28 28 -30 -31
leaf_value=-0.048755085738086595 -0.0017792087759604172 0.045259072396743073 0.033899513804354499 -0.17386860027328832 -0.46361268989210697 0.0053069800604932374 0.026392001114747817 -0.13187059556450298 0.030335407825021667 0.013426677689353305 -0.31341836953133512 0.02918820154745367 -0.095210870176386062 0.0023545113603909346 -0.0010550298209826509 0.032983118514279756 1.2474767983150332 0.21942402663989119 0.11427467966059848 0.030100458122903011 0.078314303339920968 -0.033727759015534146 -0.021846991196925708 0.16131953830496704 0.031386381273731584 -0.084540306964177636 0.064260116184082922 0.076250085952302676 -0.052235530113508975 0.02874485828332626
leaf_weight=23.78888907466262 150.88589583895009 23.43783243706639 1.1479302393272512 1.4236295684750082 0.26050524055608537 8.3290705864746943 9.1735570923447067 0.64177260586439189 20.352948145642586 1.9641590140818133 0.18088707013521244 4.0955537263580482 6.810492055825307 0.85779103341337748 791.98419029681827 0.47764201103973469 0.052968264914852625 0.27784876151508797 2.0415865619434053 13.408699854115183 5.3237030231721283 2.1552794645576796 28.012846351675762 1.000679677195875 17.069155469317593 10.491838810770789 11.469091526996634 4.3716683081984211 4.7657634380711897 2.4176741370092705
leaf_count=258054 21925 6250 129 46 47 9795 5967 95 29064 165 30 2352 183 191 107701 662 7 236 49 4227 935 175 4667 90 2880 5814 1901 835 713 223
internal_value=-5.009e-05 0.00408084 -0.000672471 -0.08872 -0.144095 -0.00159424 -0.0278414 0.0202836 0.00794824 -0.00886425 -0.0428479 0.0146965 -0.0708929 -0.10761 -0.000517038 0.037597 0.176629 0.384029 0.0267586 0.0227022 0.000692791 0.0460262 -0.000778231 0.00213672 0.00134608 -0.00143459 0.00288595 -0.0332513 0.0092365 -0.0633244
internal_weight=1148.67 312.546 241.653 3.68986 2.54193 836.126 32.9624 70.8923 47.4545 27.1016 13.0511 4.27644 8.77465 2.28142 803.163 11.1791 0.808459 0.330817 10.3707 14.0505 237.964 7.47898 230.485 202.472 201.471 184.402 162.355 22.0469 9.13743 12.9095
internal_count=465408 82937 40571 413 284 382471 264021 42366 36116 7052 2730 2382 348 237 118450 10749 905 243 9844 4322 40158 1110 39048 34381 34291 31411 23826 7585 1548 6037
is_linear=0
shrinkage=0.07


Tree=145
num_leaves=31
num_cat=0
split_feature=12 5 3 6 3 1 5 7 3 3 3 5 7 12 5 3 7 3 1 3 3 5 7 5 5 1 7 1 12 3
split_gain=1.45484 5.04814 8.67897 6.90723 4.03683 13.0206 8.97367 4.7251 7.41939 4.52439 3.89724 5.62165 5.88235 8.14694 3.82648 5.63441 4.5573 4.3818 6.9074 5.03319 4.0178 3.76811 3.9192 3.75081 10.9568 5.1007 7.47636 5.31926 4.69974 4.52163
threshold=11.500000000000002 0.5634920895099641 80.735492706298842 48.397369384765632 69.282051086425795 76.253131866455092 0.27922078967094427 95.255413055419936 79.823009490966811 60.49571609497071 68.042552947998061 0.47222222387790685 50.110132217407234 6.5000000000000009 0.43650794029235845 88.341892242431655 86.683086395263686 82.426471710205092 84.273937225341811 83.424911499023452 92.031745910644545 0.61250001192092907 55.585266113281257 0.58571431040763866 0.61250001192092907 72.04651260375978 65.396709442138686 71.50376129150392 12.500000000000002 81.120250701904311
decision_type=2 2 2 2 2 2 2 2 2 2 2 2 2 2 2 2 2 2 2 2 2 2 2 2 2 2 2 2 2 2
left_child=1 2 3 -1 5 10 -6 -8 -9 -7 -5 12 13 -12 15 16 -2 23 19 -19 -21 22 -20 29 28 26 27 -26 -25 -16
right_child=14 -3 -4 4 6 9 7 8 -10 -11 11 -13 -14 -15 17 -17 -18 18 21 20 -22 -23 -24 24 25 -27 -28 -29 -30 -31
leaf_value=-0.062647037586940832 -0.043951680483938327 -0.01033246715557304 0.027307019888918992 -0.00025069211419647194 0.046962485513065449 0.024621735167070512 -0.020540403475857748 -0.073663696903398204 -0.51535730928510937 0.13015454232884369 0.12205030601274081 -0.039077427654461108 0.021311638191332513 0.56588301703981503 -0.0040830212190333531 0.056506031490514523 0.015061043032319022 0.0045735358899374025 -0.02878775865309224 -0.077074568455255357 0.016976880265898765 0.0074321246688227958 0.017450741133611558 0.073399055378277997 -0.040406278541881835 0.015517429604406231 0.096961257660228131 -0.21661268335026909 0.013847243852451464 0.07564498611530486
leaf_weight=8.8429569840413915 24.218538179356983 237.65649808303851 58.978069986218543 288.54402780628152 10.335750247140821 3.2372252786371956 69.616441010775816 0.91398899056366534 0.2340694972226629 5.1690931199809711 2.6758704333406045 2.6778370441970765 3.5608855631107872 0.21925754881522141 61.117176668139109 4.3420017245607587 8.7214391241141112 9.3093242776303686 31.190176286887436 12.71591360223192 2.6978236024324351 179.09073837556025 12.615244542896106 22.544600499260927 10.068306328550531 59.12520989276527 1.8514437750127388 0.91582694231328865 9.1204892278219614 3.6963359871415369
leaf_count=315177 6657 24741 7484 53144 1507 175 4320 316 36 237 399 126 449 31 4300 522 903 810 1208 879 157 29740 3493 827 214 5609 420 29 1260 238
internal_value=-4.60424e-05 -0.00206378 0.00225509 -0.00147575 -7.86522e-05 0.00360052 -0.0139644 -0.0228633 -0.163717 0.0895145 0.00117434 0.0461919 0.0815601 0.155663 0.00303687 -0.018447 -0.028327 0.00496199 -0.000962856 -0.0360674 -0.060613 0.00293085 -0.0154718 0.013672 0.0219331 0.0068341 -0.0331644 -0.0550979 0.0562464 0.000463893
internal_weight=1146 692.662 455.005 396.027 387.184 306.084 81.1002 70.7645 1.14806 8.40632 297.678 9.13385 6.45601 2.89513 453.341 37.282 32.94 416.059 247.619 24.7231 15.4137 222.896 43.8054 168.439 103.626 71.9608 12.8356 10.9841 31.6651 64.8135
internal_count=465408 408142 383401 375917 60740 54561 6179 4672 352 412 54149 1005 879 430 57266 8082 7560 49184 36287 1846 1036 34441 4701 12897 8359 6272 663 243 2087 4538
is_linear=0
shrinkage=0.07


Tree=146
num_leaves=31
num_cat=0
split_feature=2 6 7 3 5 3 0 3 0 7 2 7 5 0 3 2 6 0 3 5 9 12 5 0 2 0 2 2 3 2
split_gain=1.5317 7.02333 4.92151 4.75002 8.69804 5.69008 4.71039 6.2574 4.17725 7.59106 4.89817 4.60251 4.28299 4.13212 5.76089 4.79307 3.86519 3.51214 3.81841 3.30414 5.79665 4.22194 3.81582 4.32613 3.58519 3.69013 3.49485 3.66052 7.99155 4.2738
threshold=79.431911468505874 98.598102569580092 49.238500595092781 76.23956680297853 0.5634920895099641 79.823009490966811 79.095325469970717 77.459678649902358 81.120250701904311 53.869184494018562 87.298336029052749 73.357315063476577 0.47222222387790685 81.872947692871108 82.793453216552749 77.303031921386733 66.866264343261733 87.585617065429702 77.459678649902358 0.43650794029235845 1.0000000180025095e-35 11.500000000000002 0.58571431040763866 86.319076538085952 77.712417602539077 86.526824951171889 77.459678649902358 49.65753364562989 33.549783706665046 36.51515197753907
decision_type=2 2 2 2 2 2 2 2 2 2 2 2 2 2 2 2 2 2 2 2 2 2 2 2 2 2 2 2 2 2
left_child=2 8 -1 19 5 6 7 -5 9 -2 11 12 16 15 -15 -7 -11 -6 -19 20 -4 -21 -23 -24 25 -25 27 28 29 -22
right_child=1 -3 3 4 17 13 -8 -9 -10 10 -12 -13 -14 14 -16 -17 -18 18 -20 21 26 22 23 24 -26 -27 -28 -29 -30 -31
leaf_value=-0.059421112022393391 0.046974182417730416 0.071171578542689684 -0.027021513185601018 -0.051837865772547696 -0.083954299002413149 0.17458620845688186 -0.080039855973661034 0.10141404730683848 -0.0002921160086242931 -0.011566660524991258 0.050986018993099104 0.020805903791404338 0.049620660433224661 -0.064025146592201751 0.095901848563570452 -0.042946111115612605 -0.096921642473154893 0.076610613670578268 -0.045382054954820207 0.0045475124297071137 -0.0093412682898515054 -0.0056914605804512632 0.10843403856570932 -0.24109450804177093 -0.1073332708080262 0.063011643199645431 -0.054590136515206632 0.013958360399607192 -0.046076164942150846 0.019543632739205775
leaf_weight=7.5798058831755943 26.079057772981287 7.0882963815965914 44.924943459622227 2.8059950147217041 11.019436667033007 2.1516502490958369 4.1947781943781592 2.4413562331646972 687.15904673006435 4.1970927312795592 5.7145665642528902 7.6354701374948482 1.889783430036913 2.2150216627087502 2.1997371298202779 0.64513256549253117 6.8300172614399344 1.5063039323576939 7.6028588240187673 83.433656370663812 61.539193226934003 5.1428769924386861 5.8288633200572786 0.2060437649488448 0.89580164989456523 3.8274741644709138 5.4544703626597757 79.036326274777821 19.806904562192358 42.388452734430757
leaf_count=278000 22812 12747 46366 248 522 167 281 251 75429 976 1104 669 93 141 145 85 161 93 446 3825 3679 314 333 1 137 524 259 7552 4273 3775
internal_value=-4.32219e-05 0.00182465 -0.00355728 -0.0024695 -0.0264067 0.0110165 -0.0247421 0.0194633 0.00115995 0.0202216 -0.00633971 -0.0222791 -0.0477476 0.0578357 0.0156615 0.124408 -0.0644342 -0.0573693 -0.0252092 2.83806e-05 -0.00421702 0.0108476 0.0439044 0.0676134 0.0193435 0.047477 0.000703091 0.00219046 -0.00532637 0.00243987
internal_weight=1143.44 746.593 396.847 389.267 36.7823 16.6537 9.44213 5.24735 739.505 52.346 26.2669 20.5524 12.9169 7.21154 4.41476 2.79678 11.0271 20.1286 9.10916 352.485 253.15 99.3347 15.9011 10.7582 4.92932 4.03352 208.225 202.771 123.735 103.928
internal_count=465408 113991 351417 73417 2379 1318 780 499 101244 25815 3003 1899 1230 538 286 252 1137 1061 539 71038 65904 5134 1309 995 662 525 19538 19279 11727 7454
is_linear=0
shrinkage=0.07


Tree=147
num_leaves=31
num_cat=0
split_feature=11 7 5 3 3 3 0 0 5 1 1 5 3 7 2 0 1 2 7 0 3 1 7 3 7 0 7 2 0 4
split_gain=1.35763 5.09373 2.31749 5.04931 3.58895 4.92267 5.22241 3.32581 5.77405 4.02151 5.68299 3.34938 3.63985 3.20126 3.17473 3.06876 2.70777 3.8885 3.73686 2.69616 2.6893 2.84697 4.62264 3.17583 2.81212 2.58892 2.46672 3.48293 2.44119 2.36631
threshold=1.0000000180025095e-35 52.062900543212898 0.47222222387790685 89.512962341308608 77.003208160400405 78.979854583740249 79.095325469970717 95.293468475341811 0.5634920895099641 81.872947692871108 81.28433990478517 0.63068181276321422 82.426471710205092 91.445995330810561 94.185260772705092 92.612083435058608 77.459678649902358 87.585617065429702 73.357315063476577 94.201679229736342 88.341892242431655 70.299972534179702 74.210178375244155 83.910789489746108 82.207000732421889 67.017543792724624 58.189270019531257 99.462364196777358 93.788581848144545 1.0000000180025095e-35
decision_type=2 2 2 2 2 2 2 2 2 2 2 2 2 2 2 2 2 2 2 2 2 2 2 2 2 2 2 2 2 2
left_child=-1 -2 3 20 29 6 -6 8 15 10 -9 -11 -13 14 28 -7 -8 -18 -19 -16 21 25 23 -23 -24 -3 27 -27 -10 -4
right_child=1 2 4 -5 5 7 16 9 13 11 -12 12 -14 -15 19 -17 17 18 -20 -21 -22 22 24 -25 -26 26 -28 -29 -30 -31
leaf_value=0.00096641176793385293 -0.056614457991943812 -0.0078627885807232931 -0.010920233024319293 0.086003878910046128 0.14354909733957461 0.035819851724743827 0.0022384738341040514 -0.00057370533593596891 -0.041696878058750178 0.085555921964409296 -0.16684020141182437 0.075895569993618836 0.0031408378045954454 0.073889977572298302 -0.075111333338667499 -0.085106701019656616 -0.025950444784711837 -0.11393068894746997 -0.2968224359951544 -0.20643218376719494 -0.18586294715635615 -0.07089712857892308 0.099306947650356414 0.059983568217814733 0.003402270770309255 -0.047557078003932864 -0.078786947434655558 0.17225191237461102 0.094324099268685069 0.026812176527434877
leaf_weight=970.86175144115168 9.1510481167088056 6.5521593892881489 10.80883839198941 2.0609966455958775 0.52327719292224983 8.5437603612663242 1.2645317640344726 3.1012749016226726 11.288724731362894 3.0040861100424072 1.4918820066959595 3.6742550906492388 40.61407049925765 1.0310447548981745 3.8441778005144434 1.1689850581460621 1.5549366461491443 1.9756046353431886 0.75723028881475318 0.95674501369649068 0.51512308279052277 4.4239803888958686 2.601503694197163 1.1432077515928538 3.5322637325152755 1.3305358066518227 8.9359595329788117 0.48088673369056767 0.6858022069209263 33.033078233071137
leaf_count=167860 274932 12251 402 54 18 210 110 80 524 87 30 78 1986 46 74 47 68 44 23 30 6 1114 41 48 48 2415 1540 78 24 1140
internal_value=-4.41717e-05 -0.00581387 -0.00292461 -0.019926 0.00122661 -0.00712473 -0.0678535 -0.00247813 -0.0221492 0.00795509 -0.054578 0.0140285 0.00917673 -0.0458303 -0.0531885 0.0212656 -0.0877772 -0.114324 -0.164607 -0.101281 -0.0273228 -0.0245067 0.00216147 -0.0440211 0.0440781 -0.0425444 -0.063688 0.0107966 -0.0339067 0.0175096
internal_weight=1140.91 170.05 160.899 31.5766 129.322 85.4804 6.07558 79.4048 27.5192 51.8856 4.59316 47.2924 44.2883 17.8065 16.7754 9.71275 5.5523 4.28777 2.73283 4.80092 29.5156 29.0005 11.701 5.56719 6.13377 17.2995 10.7474 1.81142 11.9745 43.8419
internal_count=465408 297548 22616 17595 5021 3479 263 3216 955 2261 110 2151 2064 698 652 257 245 135 67 104 17541 17535 1251 1162 89 16284 4033 2493 548 1542
is_linear=0
shrinkage=0.07


Tree=148
num_leaves=31
num_cat=0
split_feature=8 1 11 5 2 2 6 8 6 7 1 1 8 8 2 8 6 6 4 8 5 7 1 5 8 8 6 7 2 1
split_gain=1.33985 4.46826 6.21509 3.98138 5.22644 3.92887 3.73051 3.13446 3.62484 8.37387 5.75071 3.97631 3.73418 3.30939 5.79503 4.31132 4.68438 4.39253 4.0036 3.13227 3.28434 3.2494 3.08971 3.74139 3.05724 5.10661 4.84672 5.25781 7.21006 6.27049
threshold=0.19292803853750232 89.512962341308608 1.0000000180025095e-35 0.31666667759418493 76.123405456542983 76.253131866455092 61.874477386474616 0.11834733933210374 60.705402374267585 61.920122146606452 69.113357543945327 79.337715148925795 0.10762548446655275 0.11651583760976793 99.462364196777358 0.1012820526957512 58.079877853393562 58.853387832641609 1.0000000180025095e-35 0.13188406080007556 0.78888890147209179 66.859344482421889 77.459678649902358 0.16025641560554507 0.22401433438062671 0.24568965286016467 81.661396026611342 64.722881317138686 90.595520019531264 25.677655220031742
decision_type=2 2 2 2 2 2 2 2 2 2 2 2 2 2 2 2 2 2 2 2 2 2 2 2 2 2 2 2 2 2
left_child=3 24 -3 4 6 -6 -1 8 13 10 -10 12 -11 15 18 16 -5 -17 -15 20 21 -9 23 -7 26 -26 27 28 -2 -29
right_child=1 2 -4 7 5 22 -8 19 9 11 -12 -13 -14 14 -16 17 -18 -19 -20 -21 -22 -23 -24 -25 25 -27 -28 29 -30 -31
leaf_value=-0.074683133448166628 -0.032512216082128918 0.057554765285718512 0.00062157937743977923 3.9867981816206653e-05 0.19425550107727019 0.055075899327728342 -0.00082619014880544852 -0.056723731911869656 0.27972229610245358 -0.10278480038838912 0.072071845375431015 0.046957255720526073 0.047930772132998858 0.14832308343206366 0.28036068418825522 -0.025122391536645434 0.084159846102485877 -0.14884507759623519 -0.065300084364441652 -0.0084189838607171292 -0.12689534472177791 0.038188746407520881 0.056885813322292367 -0.040741711324937507 -0.044628426290914333 0.0005104107936749324 -0.050745153769152083 0.23870682749958458 0.081623729943556281 0.046818716122327998
leaf_weight=11.713296524850653 10.004446425660719 16.966087613378477 21.054999827581923 611.28171720028922 0.50941100283762253 2.5460409876632175 4.6939493571790072 6.4699985840743448 0.98512603295966927 2.358474894543177 1.9413648021582046 4.6207578864123207 1.2233368515153413 0.72443648765056345 0.55632829025853414 9.5120085126427476 3.2610746313312111 1.6499925894313499 1.0572689653727139 49.527458996788482 2.1667689315509042 2.4317897381260991 3.2629773140097305 9.2566280776286458 12.766136749480209 323.05046895897613 4.092990267527056 0.88164282136131333 3.7205752910813308 15.589885638357371
leaf_count=256981 3606 30455 1751 105866 1705 1475 1240 910 27 38 49 135 30 100 7 2265 111 41 188 2886 40 57 404 24104 1297 28567 158 36 86 793
internal_value=-3.85425e-05 0.00317498 0.0260268 -0.00183086 -0.025983 0.00306051 -0.0535534 -0.000727003 0.000715497 0.0403159 0.141972 0.00404729 -0.0513092 1.37696e-05 0.0831397 -0.000296842 0.000486251 -0.0434114 0.0215585 -0.0159426 -0.0496079 -0.0307955 -0.00340432 -0.0200722 0.00082741 -0.00120555 0.0207373 0.0304264 -0.00157227 0.0570896
internal_weight=1139.88 408.127 38.0211 731.75 31.9823 15.5751 16.4072 699.768 639.172 11.1291 2.92649 8.20257 3.58181 628.043 2.33803 625.705 614.543 11.162 1.78171 60.596 11.0686 8.90179 15.0656 11.8027 370.106 335.817 34.2895 30.1966 13.725 16.4715
internal_count=465408 66749 32206 398659 285909 27688 258221 112750 108857 279 76 203 68 108578 295 108283 105977 2306 288 3893 1007 967 25983 25579 34543 29864 4679 4521 3692 829
is_linear=0
shrinkage=0.07


Tree=149
num_leaves=31
num_cat=0
split_feature=8 7 9 2 2 9 5 1 1 12 8 2 7 9 7 8 12 7 8 2 2 8 5 1 11 2 8 1 8 7
split_gain=1.25792 3.50285 3.27019 3.30707 3.23686 5.56108 15.9574 2.84291 2.51488 3.20975 2.43441 2.37389 2.00021 2.33291 1.72545 4.4542 2.71301 2.11034 3.4708 2.06634 6.39849 2.24341 2.05327 2.82782 1.62969 1.61085 1.59468 5.54049 2.81593 5.25725
threshold=0.85092595219612133 88.021739959716811 2.5000000000000004 75.582656860351577 72.438781738281264 1.5000000000000002 0.31666667759418493 45.512083053588874 40.862709045410163 7.5000000000000009 0.86811593174934398 35.388994216918952 98.870021820068374 2.5000000000000004 97.22989654541017 0.62019231915473949 13.500000000000002 96.566463470458999 0.84807693958282482 89.512962341308608 88.303691864013686 0.63961037993431102 0.73214286565780651 60.107526779174812 1.0000000180025095e-35 45.222154617309577 0.77097901701927196 1.0000000180025095e-35 0.78759399056434642 88.581016540527358
decision_type=2 2 2 2 2 2 2 2 2 2 2 2 2 2 2 2 2 2 2 2 2 2 2 2 2 2 2 2 2 2
left_child=12 -2 3 4 7 10 -7 8 9 11 -6 -3 14 -14 17 -16 19 18 26 20 21 -17 23 -23 -5 -11 -1 -28 29 -29
right_child=1 2 -4 24 5 6 -8 -9 -10 25 -12 -13 13 -15 15 16 -18 -19 -20 -21 -22 22 -24 -25 -26 -27 27 28 -30 -31
leaf_value=-0.00025177892420587597 0.067953444279321568 -0.040198569232998846 0.076735772051394965 0.070674574314702199 -0.26503601806750132 0.070221843269780759 -1.7965849816632695 0.072924200102547271 -0.09198857246613952 -0.082421269815003889 0.070441580341683213 0.039954328936680807 0.046706483450166987 -0.092826538073204762 0.049872168032321626 -0.17274688533761734 0.073147773642310107 0.04202578804862088 -0.31011859661589963 0.021924100258901465 -0.3910811815439999 -0.05540803849808576 -0.16005759962773888 0.070755908140866103 -0.09334643111904585 0.005481560494241402 -0.49767330448212815 0.037296961010683256 0.00052742112892342448 -0.14429885308846824
leaf_weight=1069.8687835098044 4.9543735021434285 2.6249735597521191 2.6432225474272846 3.2432468346305536 0.19552324796677467 0.055861245142295957 0.037497653669561259 1.7012657783052407 2.1859928104095152 3.4243292007595292 0.23145811264112126 5.8359369819518179 7.0685728179741991 0.64032561813655764 2.9532707745747748 0.77412300073773987 0.8354515422179255 5.7255732807170707 0.17747489155590201 1.3418642427859602 0.29642291198251758 5.2178876507095993 0.70885053080564819 1.0448302074801175 0.32672852795803908 1.4557966715656219 0.12087082862853904 1.2550981015447171 8.2946635022963147 2.0687271679053083
leaf_count=442773 2179 42 1113 7808 4 24 25 385 21 44 112 114 2841 108 735 37 1532 1432 42 683 44 99 71 273 16 38 1 300 2177 335
internal_value=-3.99343e-05 0.0143733 0.00329502 -0.00581065 -0.0181755 -0.190186 -0.679582 -0.0129804 -0.0223928 -0.0109892 -0.0831803 0.0150871 -0.000415953 0.0351164 -0.000664812 -0.0258472 -0.0477291 -0.000359785 -0.000584119 -0.0584907 -0.0719083 -0.0596937 -0.0471403 -0.0343597 0.0556632 -0.0561989 -0.000533329 -0.0261925 -0.0212875 -0.0757271
internal_weight=1137.31 28.9162 23.9618 21.3186 17.7486 0.52034 0.0933589 17.2283 15.527 13.341 0.426981 8.46091 1108.39 7.7089 1100.68 13.1727 10.2194 1087.51 1081.79 9.38398 8.04211 7.74569 6.97157 6.26272 3.56998 4.88013 1081.61 11.7394 11.6185 3.32383
internal_count=465408 11925 9746 8633 809 165 49 644 259 238 116 156 453483 2949 450534 3474 2739 447060 445628 1207 524 480 443 372 7824 82 445586 2813 2812 635
is_linear=0
shrinkage=0.07


Tree=150
num_leaves=31
num_cat=0
split_feature=7 2 2 1 8 6 8 8 5 5 8 1 7 6 6 1 12 11 12 1 5 1 6 2 8 1 8 2 2 6
split_gain=1.2858 3.75173 4.61437 4.36134 3.34376 2.91121 3.59578 3.20929 2.94157 4.27947 2.87722 2.84208 2.61249 4.65912 2.41905 4.04994 19.7034 24.2108 3.25205 2.83273 3.3496 5.19883 2.42159 6.5971 8.83406 3.83192 3.06792 2.59009 3.12329 6.09498
threshold=85.794998168945327 39.250699996948249 40.289855957031257 24.316333770751957 0.81534090638160717 73.20508193969728 0.21807064861059192 0.15075758099555972 0.81666666269302379 0.78888890147209179 0.55050507187843334 91.010101318359389 89.296943664550795 94.461486816406264 90.34647369384767 95.040985107421889 12.500000000000002 1.0000000180025095e-35 2.5000000000000004 87.20676422119142 0.73214286565780651 86.70682525634767 90.967365264892592 91.734970092773452 0.48999999463558203 73.735309600830092 0.60434782505035411 88.493064880371108 87.585617065429702 93.799209594726577
decision_type=2 2 2 2 2 2 2 2 2 2 2 2 2 2 2 2 2 2 2 2 2 2 2 2 2 2 2 2 2 2
left_child=4 3 -3 -2 -1 -4 7 -7 9 14 -5 12 -11 -14 15 -8 -17 -18 -16 20 22 -22 23 26 -25 -26 -20 28 -24 -30
right_child=1 2 5 10 -6 6 8 -9 -10 11 -12 -13 13 -15 18 16 17 -19 19 -21 21 -23 27 24 25 -27 -28 -29 29 -31
leaf_value=-0.0012520565986559086 0.010686362995573724 0.082179570717380593 0.088040771756396685 0.0057005604006867931 0.055501321734326453 0.023008126917971508 0.028874887105117569 -0.09653817401329734 0.070180738836597728 -0.17523754518240459 -0.054668845532074531 0.071339307152489054 0.078627488085488501 -0.12304408750314291 -0.041842908363639825 0.070173906225107663 0.070038254471046404 -3.3682297260845186 0.067743725805190114 0.057942134296198773 -0.036769139273017865 -0.33979146601822746 0.0070416713983611759 0.071770792213611989 -1.1372991804204431 -0.4544800939799758 -0.10764952690328512 0.051473597864433722 -0.67285513750988768 -0.056859411129542958
leaf_weight=977.09834397830991 18.52763613499701 4.4261692231521002 2.2557201740273731 5.4471137626096633 5.1134554613163337 1.7509504243498657 31.57282967254287 2.9613930524938041 3.8820360152312778 1.1141405776288587 13.347783945500849 0.6624705368594731 0.91371937641815781 1.4554199035410418 6.9603203657607073 0.15250313866999832 0.019797854853095487 0.020350521430373192 1.0514923078007989 5.2274567145796018 2.3356863205626719 0.31482359188521503 41.513621719990624 0.1389469023561104 0.057927216170355678 0.13213193979754578 0.91295278887264419 6.7571157113416112 0.093875041638965651 0.48711396465660073
leaf_count=427594 199 41 123 47 2344 71 3683 115 12624 74 78 685 141 339 260 183 80 1 57 6451 1000 40 3803 21 24 39 44 5119 12 116
internal_value=-2.28818e-05 0.00591332 0.0120698 -0.0134145 -0.000956595 0.00931743 0.00771023 -0.0521187 0.0103756 0.00809712 -0.0371727 -0.061561 -0.0868367 -0.0452643 0.0110515 0.0269225 -0.293052 -1.67276 0.00341093 0.0087475 0.00396714 -0.0727617 0.00794348 -0.0623543 -0.352454 -0.662593 -0.0137682 0.0112438 0.00478598 -0.156391
internal_weight=1136.71 154.493 117.171 37.3225 982.212 112.745 110.489 4.71234 105.777 101.895 18.7949 4.14575 3.48328 2.36914 97.7489 31.7655 0.192652 0.0401484 65.9835 59.0231 53.7957 2.65051 51.1452 2.29345 0.329006 0.190059 1.96445 48.8517 42.0946 0.580989
internal_count=465408 35470 35146 324 429938 35105 34982 186 34796 22172 125 1239 554 480 20933 3947 264 81 16986 16726 10275 1040 9235 185 84 63 101 9050 3931 128
is_linear=0
shrinkage=0.07


Tree=151
num_leaves=31
num_cat=0
split_feature=2 8 7 3 5 3 8 1 1 8 1 7 5 11 3 3 8 8 2 5 3 2 7 12 12 1 3 12 1 8
split_gain=1.23469 4.33231 4.14949 4.15683 7.66425 4.84751 3.62656 3.28722 4.20639 4.05019 3.89821 2.8421 2.71538 4.79488 5.71801 11.6143 5.22549 3.81216 4.78907 5.26848 5.73241 5.46538 4.96404 4.90934 3.71295 4.42321 8.18568 8.58452 3.98052 3.7813
threshold=79.431911468505874 0.81534090638160717 49.238500595092781 76.23956680297853 0.5634920895099641 79.823009490966811 0.24568965286016467 75.582656860351577 77.459678649902358 0.40588235855102545 77.015758514404311 64.722881317138686 0.43650794029235845 1.0000000180025095e-35 75.490947723388686 75.809822082519545 0.15504807978868487 0.37797619402408605 77.032970428466811 0.19090909510850909 25.176055908203129 42.206478118896491 75.099998474121108 1.5000000000000002 11.500000000000002 60.107526779174812 63.686313629150398 10.500000000000002 58.898942947387702 0.11834733933210374
decision_type=2 2 2 2 2 2 2 2 2 2 2 2 2 2 2 2 2 2 2 2 2 2 2 2 2 2 2 2 2 2
left_child=2 -2 6 12 5 11 -1 9 10 -6 -9 -5 13 14 16 -16 -4 18 19 20 21 -18 -23 -22 25 26 27 28 -14 -26
right_child=1 -3 3 4 7 -7 -8 8 -10 -11 -12 -13 24 -15 15 -17 17 -19 -20 -21 23 22 -24 -25 29 -27 -28 -29 -30 -31
leaf_value=-0.073863103057096702 0.0012118640891332268 0.062437756643306953 -0.029922646751923403 -0.052723414117774536 -0.083562163113717641 0.052996272707115682 0.099017823424101842 -0.0028511224540751722 -0.050165858364733591 -0.34088165384870583 0.22677764687880317 0.028839617495141086 0.057850747109284721 -0.046805819160514427 0.53962425352955579 0.039150268744381593 0.02589887246560935 -0.0045498277885943636 -0.056453983195228569 0.059398532316900239 0.2059605990984236 0.030398696950567562 0.24111545560808273 -0.01546407598376512 0.08603957915949785 -0.0048855525623234062 -0.052136167726402519 -0.081342430087293791 0.15301755914546974 0.014798864630962732
leaf_weight=6.1793302638434389 738.13336516334812 5.7067671996628624 29.637582585350174 5.8753361771487125 5.9302959785927696 7.2544907627598141 0.65785919507470669 1.1761601252765093 11.410443606851912 0.31568201910704363 0.52347876144631289 3.2521157349110581 10.642086765532438 12.072470363490536 0.28282391277025354 1.1554446730733614 14.072854630405347 147.24772571888752 4.1160865502242805 13.747969318021203 0.50040243690455355 1.0125740712755935 1.1935233250260351 25.161345013817481 5.8025952888274324 63.712226596186156 4.2998045714339233 1.9159938467710169 2.6999860846590318 9.8444331303908239
leaf_count=277765 101501 12490 26450 496 399 538 235 75 567 4 16 284 366 26194 33 87 1228 2622 131 959 84 161 11 7944 53 3114 239 40 66 1256
internal_value=6.60635e-06 0.00168159 -0.00317425 -0.00221394 -0.0249519 0.0102847 -0.0572289 -0.0547742 -0.0348628 -0.0965675 0.0678732 -0.0236625 0.000113663 -0.00376801 -0.00158611 0.137564 -0.00243167 0.0015034 0.0164073 0.0217927 0.00946563 0.0419578 0.144399 -0.0111463 0.00993196 0.00405309 0.0331719 0.0572121 0.0771093 0.041218
internal_weight=1135.53 743.84 391.693 384.856 35.738 16.3819 6.83719 19.3561 13.1101 6.24598 1.69964 9.12745 349.118 250.201 238.128 1.43827 236.69 207.052 59.8048 55.6887 41.9407 16.279 2.2061 25.6617 98.9171 83.2701 19.5579 15.2581 13.3421 15.647
internal_count=465408 113991 351417 73417 2379 1318 278000 1061 658 403 91 780 71038 65904 39710 120 39590 13140 10518 10387 9428 1400 172 8028 5134 3825 711 472 432 1309
is_linear=0
shrinkage=0.07


Tree=152
num_leaves=31
num_cat=0
split_feature=12 2 6 7 0 3 3 12 0 3 1 8 1 8 3 1 3 2 1 7 0 4 0 12 1 12 0 3 2 3
split_gain=1.1715 1.10767 5.6343 3.81965 3.73761 4.04791 3.66667 6.22014 3.46684 3.63389 3.37382 3.29261 2.24961 6.06082 2.8819 2.9406 2.83508 4.6248 2.34602 5.67613 2.54838 6.11061 5.35925 5.6519 5.07405 7.35394 4.59475 21.66 34.6979 68.1433
threshold=20.500000000000004 79.431911468505874 98.598102569580092 49.238500595092781 71.010189056396499 19.560019493103031 76.23956680297853 5.5000000000000009 81.302967071533217 79.823009490966811 74.322341918945327 0.24568965286016467 45.867485046386726 0.55902779102325451 30.341388702392582 29.459980010986332 47.114316940307624 84.273937225341811 52.851875305175788 91.908679962158217 84.680576324462905 1.0000000180025095e-35 84.273937225341811 9.5000000000000018 75.905715942382827 11.500000000000002 79.277816772460952 55.612831115722663 85.540069580078139 54.457193374633796
decision_type=2 2 2 2 2 2 2 2 2 2 2 2 2 2 2 2 2 2 2 2 2 2 2 2 2 2 2 2 2 2
left_child=1 3 4 11 5 -3 -5 8 9 -8 -9 -1 13 14 15 -6 17 -14 19 -18 21 24 23 26 25 -20 27 28 -23 -30
right_child=-2 2 -4 6 12 -7 7 10 -10 -11 -12 -13 16 -15 -16 -17 18 -19 20 -21 -22 22 -24 -25 -26 -27 -28 -29 29 -31
leaf_value=-0.073356414680447027 0.074870315460436779 -0.1311898104524617 0.071007421477100582 -1.5723102950703689e-05 -0.06469086335189593 0.047538524413015378 0.059879050654916215 -0.071100790887334703 -0.021903870097663286 0.2573613483586385 -0.019671007328890034 0.091202947026739881 0.49874108341274259 -0.56580225954864882 -0.073695212822245393 0.18882485063161991 -0.035018065395124712 0.057613298432857687 -0.073448459640355304 -0.52920680964116473 -0.00075576414839537284 -0.070263665133576944 0.076087095574127794 -0.0087474689672653785 0.021332829764876049 -0.69721781213281797 0.015793784733973654 0.060552247251902856 -0.07060363269815316 4.5429798910227772
leaf_weight=5.7999786587206463 1.0231659827659303 0.65427906617151066 5.673882755356316 347.59098966666625 0.4204247356065024 12.180917834540194 1.5324432106463062 8.6128026716887707 1.4166159813867123 0.65033416003279843 22.783876673198392 0.66399512304633379 0.12510480435821469 0.10990071471314866 2.7611300915550601 0.48033112851953774 5.2453650908319096 1.6844366909781456 5.359879974552312 0.11641149464412581 633.51512063022346 0.075277187516802679 7.3527096844245525 30.477968289766977 3.7761332507079715 0.094240534399432252 22.771259799705604 9.8256744745444831 0.032475401215378952 0.030345216683599574
leaf_count=277765 2626 12 11881 70959 318 6561 102 759 104 37 1366 235 279 21 2826 46 3191 242 6970 22 63467 441 457 4607 1777 43 3238 4984 40 32
internal_value=1.76157e-06 -6.592e-05 0.00151895 -0.0030917 0.000984048 0.0384278 -0.00219015 -0.0237871 0.0633726 0.118717 -0.0337793 -0.0564525 0.000320473 -0.0535988 -0.0382265 0.0704973 0.000602745 0.0881112 0.000382408 -0.0457476 0.000729155 0.0125182 0.019524 0.0129448 -0.0410417 -0.0842264 0.0331415 0.0727879 0.943357 2.15797
internal_weight=1132.84 1131.81 742.763 389.051 737.089 12.8352 382.587 34.9961 3.59939 2.18278 31.3967 6.46397 724.254 3.77179 3.66189 0.900756 720.482 1.80954 718.673 5.36178 713.311 79.796 70.5657 63.213 9.23025 5.45412 32.735 9.96377 0.138098 0.0628206
internal_count=465408 462782 111455 351327 99574 6573 73327 2368 243 139 2125 278000 93001 3211 3190 364 89790 521 89269 3213 86056 22589 13799 13342 8790 7013 8735 5497 513 72
is_linear=0
shrinkage=0.07


Tree=153
num_leaves=31
num_cat=0
split_feature=7 3 6 6 2 2 3 3 2 2 6 2 7 4 7 5 7 5 3 3 5 3 2 7 12 6 11 2 3 2
split_gain=1.16444 3.93462 3.31586 4.91273 5.34272 2.50602 3.77937 6.74097 3.74451 3.1046 2.68647 2.61504 4.73529 3.82924 7.28459 2.49965 2.47028 2.35431 2.65109 3.85275 3.77797 2.73335 2.59244 2.90497 2.715 2.33519 2.3015 2.18433 3.46525 2.17183
threshold=85.794998168945327 91.331184387207045 95.529048919677749 96.315685272216811 36.51515197753907 86.72955703735353 55.036231994628913 48.331480026245124 95.488464355468764 94.804317474365249 82.78556060791017 88.493064880371108 90.336727142333999 1.0000000180025095e-35 98.421009063720717 0.58571431040763866 90.94474029541017 0.73214286565780651 47.673160552978523 28.097587585449222 0.2264957278966904 42.923898696899421 35.388994216918952 94.146202087402358 13.500000000000002 98.598102569580092 1.0000000180025095e-35 39.250699996948249 34.833164215087898 85.540069580078139
decision_type=2 2 2 2 2 2 2 2 2 2 2 2 2 2 2 2 2 2 2 2 2 2 2 2 2 2 2 2 2 2
left_child=-1 2 5 4 -4 10 7 -7 9 11 27 13 15 16 -15 26 -8 18 19 22 21 -21 23 -5 -24 -19 -13 -2 -29 -6
right_child=1 -3 3 17 29 6 8 -9 -10 -11 -12 12 -14 14 -16 -17 -18 25 -20 20 -22 -23 24 -25 -26 -27 -28 28 -30 -31
leaf_value=-0.0009766816383339151 -0.0087785910452694831 0.060814345425556422 -0.16210612962510124 -0.065286012039251551 -0.04762548952356032 0.07218095849433484 -0.34336985355500799 -0.43288211256976206 0.024227738961034733 -0.13625505412864897 0.012449890121043378 0.070145974073849801 0.073228720239759348 0.030296712000095368 -0.56223763880935862 0.00093756035654503377 -0.10802452454674494 -0.082765158113289272 0.025762611408860471 -0.027564433603453349 0.089547733745055869 -0.1045525040062773 0.070716956430630903 0.027017496839428157 -0.066286277014430794 0.070403338629692322 -0.17845791518255766 0.23373169706899843 0.056830083640258225 0.071750619740922325
leaf_weight=980.27233479517599 2.1649569738656265 6.071162864285724 1.9761383794248093 2.8148489929735678 4.3100203236972447 0.24333105294499802 0.33338102405832626 0.27676798836910166 10.059507222889806 1.3333373503410255 61.459886465148884 0.2236073842213957 2.6598743967042537 1.4383907032824934 0.10939784299989708 1.5727585104978059 0.63441643433907302 2.9328484465804645 15.397745358728569 13.138464880757967 1.1697762006951951 2.7290275709528933 5.2413440158125013 4.1103527508676052 0.81959926657145832 0.5850163706272723 0.99184593744575977 0.59161455370485772 6.5469505838555051 0.90327624331985124
leaf_count=429938 16 15394 14 21 336 27 39 45 3766 112 2970 182 946 259 19 235 83 823 6954 109 200 33 163 78 19 1661 9 6 282 669
internal_value=-9.06188e-05 0.00559235 0.00330806 -0.0100625 -0.0640941 0.0115877 -0.0103739 -0.196586 -0.00537045 -0.0373962 0.0177564 -0.0208445 0.00641256 -0.0798759 -0.0115837 -0.0573282 -0.189095 -0.00212488 0.00214792 -0.00996307 -0.0318555 -0.0408055 0.0187588 -0.0105006 0.0521905 -0.0572934 -0.132722 0.052812 0.071491 -0.0269419
internal_weight=1133.11 152.84 146.768 56.1285 7.18943 90.64 19.8766 0.520099 19.3565 9.29701 70.7634 7.96367 5.44809 2.51559 1.54779 2.78821 0.967797 48.939 45.4212 30.0234 17.0373 15.8675 12.9861 6.9252 6.06094 3.51786 1.21545 9.30352 7.13857 5.2133
internal_count=465408 35470 20076 11080 1019 8996 5722 72 5650 1884 3274 1772 1372 400 278 426 122 10061 7577 623 342 142 281 99 182 2484 191 304 288 1005
is_linear=0
shrinkage=0.07


Tree=154
num_leaves=31
num_cat=0
split_feature=10 2 5 1 2 1 3 12 5 1 2 12 7 3 6 3 12 6 6 2 1 3 12 12 2 8 3 2 3 12
split_gain=1.13528 4.70453 4.6588 6.35064 3.75615 3.18923 3.30189 2.90358 5.14344 2.62473 2.97186 2.5834 2.65823 2.35136 2.47134 5.03465 4.20603 4.08994 2.33169 2.67268 3.89158 3.29929 2.85279 2.32716 2.29092 2.18805 2.38446 2.13863 4.03937 2.10935
threshold=1.0000000180025095e-35 90.366767883300795 0.31666667759418493 68.703357696533217 83.935482025146499 50.252525329589851 43.353412628173835 1.5000000000000002 0.63068181276321422 51.808279037475593 48.808847427368171 5.5000000000000009 50.110132217407234 57.93287658691407 64.536544799804702 85.028736114501967 11.500000000000002 54.953443527221687 71.148777008056655 83.047893524169936 43.792808532714851 50.252525329589851 5.5000000000000009 9.5000000000000018 97.100841522216811 0.0745370388031006 85.857143402099624 80.243904113769545 77.459678649902358 1.5000000000000002
decision_type=2 2 2 2 2 2 2 2 2 2 2 2 2 2 2 2 2 2 2 2 2 2 2 2 2 2 2 2 2 2
left_child=2 29 3 4 -1 6 -4 8 -7 10 -9 -5 27 -3 15 -15 17 -17 19 20 -8 -22 -21 -24 -19 -18 -27 28 -13 -2
right_child=1 13 5 11 -6 7 18 9 -10 -11 -12 12 -14 14 -16 16 25 24 -20 22 21 -23 23 -25 -26 26 -28 -29 -30 -31
leaf_value=-0.0685798718228086 0.090438812301461377 -0.045697592271856755 -0.050991336662281297 0.067470255531388273 -0.0070015632105737569 -0.065761903856733778 0.065383199152741781 0.16701733351929479 0.072991558860853609 -0.00029015060592873972 -0.088453849069701482 0.061383819802413517 -0.065617338384209217 0.066552676429129015 0.054625793157414865 -0.002931068762106981 -0.073779971696596044 -0.21803628318092705 0.11512507556785521 -0.095134974565473956 0.045962790016790933 -0.077494450046509913 0.1418913164782101 -0.072952618406119024 -0.041090156826420539 -0.10733652885091088 0.073067137726112008 -0.015461630286228571 0.47972491645439336 0.00033281825863533138
leaf_weight=14.768957618578957 1.2789646105529744 1.8641189227828387 2.0511253393947291 3.583524952051901 7.2299297344879951 7.2790290151433492 3.6845699532718736 0.24357379753018849 1.5961142835558346 769.76917398710702 2.6571609462380366 1.1882586196561535 2.333031783131446 4.9635557108413213 14.983010644133172 1.5355261336735568 0.9056645106174982 1.1249116122489793 1.9508942331303831 0.35310559122581198 1.6912834152190042 2.8447449574882739 2.1858263257490766 0.2785236775098382 0.52625597128644575 0.41271767244325053 2.7582407319569029 1.8611748697885557 0.1249928586671557 274.17061421106473
leaf_count=252963 934 699 869 3039 5091 14639 2883 20 102 91712 1434 1667 403 206 33882 55 17 39 48 110 1096 4824 532 181 35 8 312 803 55 46750
internal_value=-7.64454e-05 0.00357788 -0.00142097 -0.0280045 -0.0483422 -0.000383444 0.031545 -0.000997875 -0.0408083 -0.000540598 -0.067002 0.0212099 -0.00889014 0.0303581 0.0355686 0.0122156 -0.0249169 -0.0851655 0.0445785 0.0321099 0.0119448 -0.0314627 0.0909466 0.117609 -0.16164 0.0221794 0.0495866 0.0328013 0.101201 0.000751197
internal_weight=1132.2 304.524 827.675 31.0899 21.9989 796.585 15.0401 781.545 8.87514 772.67 2.90073 9.09098 5.50746 29.074 27.2099 12.2269 7.26332 3.18669 12.9889 11.0381 8.2206 4.53603 2.81746 2.46435 1.65117 4.07662 3.17096 3.17443 1.31325 275.45
internal_count=465408 82937 382471 264021 258054 118450 10543 107907 14741 93166 1454 5967 2928 35253 34554 672 466 129 9674 9626 8803 5920 823 713 74 337 320 2525 1722 47684
is_linear=0
shrinkage=0.07


Tree=155
num_leaves=31
num_cat=0
split_feature=3 2 2 6 6 8 7 1 3 6 2 2 2 3 2 8 7 1 2 7 2 6 1 7 7 6 8 6 3 8
split_gain=1.12504 4.67906 3.62192 4.15024 5.95991 4.97686 5.47799 8.088 10.9482 15.2757 6.3473 4.47785 3.66966 3.55587 6.66517 5.74871 6.57595 4.21245 3.71304 6.90944 4.03266 3.62919 3.84966 3.77329 4.96843 3.62393 3.29527 3.21242 3.14019 3.11414
threshold=25.176055908203129 39.250699996948249 55.470087051391609 85.349594116210952 89.680526733398452 0.37797619402408605 73.357315063476577 19.433517456054691 19.560019493103031 75.343498229980483 45.867485046386726 31.698564529418949 58.102025985717781 32.690166473388679 51.316701889038093 0.57417583465576183 94.146202087402358 29.459980010986332 40.289855957031257 85.794998168945327 99.462364196777358 98.598102569580092 45.199691772460945 97.595180511474624 97.22989654541017 98.598102569580092 0.62828946113586437 77.095886230468764 51.000400543212898 0.15894736349582675
decision_type=2 2 2 2 2 2 2 2 2 2 2 2 2 2 2 2 2 2 2 2 2 2 2 2 2 2 2 2 2 2
left_child=2 -2 3 5 11 6 7 8 10 -10 29 -5 -4 15 28 16 18 -16 19 -3 -20 23 -23 24 -19 -17 -26 -7 -15 -1
right_child=1 13 12 4 -6 27 -8 -9 9 -11 -12 -13 -14 14 17 25 -18 21 20 -21 -22 22 -24 -25 26 -27 -28 -29 -30 -31
leaf_value=0.20637231349051291 -0.028839869976898139 0.0027000797541677493 -0.41002234834163032 -0.093921291983967523 0.014620885295090816 -0.077576759906949996 0.13454655333325405 -0.047845198930955797 -0.070885988922430407 0.65021977040568191 0.51482738737611222 -0.0033495815967203653 -0.04998351018463322 -0.040885000840844253 0.098130425648210035 0.10876269853484143 0.19262320154638585 -0.00038592222207045048 -0.068512470403511147 0.3580162873597153 0.10676460558321453 -0.0379822347899062 0.051388904464403674 0.047171217677947255 0.071843491926559727 0.016411165569638571 -0.14038308310149997 0.02571110969049362 0.066863621459024677 -0.074078735971354656
leaf_weight=0.23959677674338475 28.057034859965825 1.6844898691501842 0.1461464044377857 4.8970985142514092 37.280785196460783 1.9160295577021296 4.2806277791969478 2.925196485671222 0.22989979932845006 0.38500830437988043 0.1186597948480993 5.8939076295937411 2.727886043239323 24.950891989703909 2.1612064553255541 5.2235139992553723 0.74400468729436475 961.26226285227926 5.9176249954703053 0.3189450055360793 0.72161936112252067 2.9233615993580306 12.292235930497553 8.1579089029619336 0.43914099406538243 3.4619198794534896 1.9522033846369593 6.4169370597228408 1.3996945487010624 1.0196410314347302
leaf_count=310 6418 833 38 41 381 42 67 2800 233 8 52 46 413 33949 3212 36 6 388840 5012 4 261 274 13861 5325 220 107 320 44 2021 234
internal_value=-7.30195e-05 -0.00063393 0.00862329 0.0119929 0.00136034 0.0411474 0.0766453 0.0262482 0.135008 0.380615 0.0254023 -0.0444522 -0.0682917 0.000131711 -0.000415997 0.0309094 -0.00706739 0.000509577 -0.0242577 0.0592661 -0.0494616 0.000295826 0.0342181 -0.000235293 -0.000636618 0.0719524 -0.10141 0.00196175 -0.0351616 -0.020717
internal_weight=1130.15 1061.67 68.4774 65.6034 48.0718 17.5316 9.19863 4.918 1.99281 0.614908 1.3779 10.791 2.87403 1033.61 1015.54 18.0721 9.38668 989.188 8.64268 2.00343 6.63924 987.027 15.2156 971.812 963.654 8.68543 2.39134 8.33297 26.3506 1.25924
internal_count=465408 460699 4709 4258 468 3790 3704 3637 837 241 596 87 451 454281 448022 6259 6116 412052 6110 837 5273 408840 14135 394705 389380 143 540 86 35970 544
is_linear=0
shrinkage=0.07


Tree=156
num_leaves=31
num_cat=0
split_feature=3 5 6 1 0 1 2 12 2 1 6 5 3 2 12 2 0 2 5 5 0 6 4 3 12 6 12 12 1 12
split_gain=1.04324 5.32888 4.70308 4.32401 2.80942 2.75389 8.33121 9.606 7.49949 7.24909 6.50478 4.88083 4.19204 3.7488 2.86721 3.21808 3.61125 2.52649 3.33851 4.07517 3.2765 2.79675 18.5799 2.70587 4.18181 3.39282 2.56064 4.76399 2.74305 2.30809
threshold=91.010101318359389 0.81666666269302379 82.78556060791017 74.601570129394545 91.024166107177749 91.010101318359389 91.010101318359389 12.500000000000002 92.40384674072267 92.40384674072267 60.705402374267585 0.63068181276321422 89.512962341308608 93.813774108886733 6.5000000000000009 81.53021621704103 95.488464355468764 89.825496673583999 0.47222222387790685 0.58571431040763866 91.734970092773452 81.661396026611342 1.0000000180025095e-35 99.541282653808608 12.500000000000002 48.59284973144532 6.5000000000000009 10.500000000000002 93.957649230957045 7.5000000000000009
decision_type=2 2 2 2 2 2 2 2 2 2 2 2 2 2 2 2 2 2 2 2 2 2 2 2 2 2 2 2 2 2
left_child=1 5 3 -2 -5 -1 11 9 -9 10 13 14 -13 -8 15 16 -7 18 -6 -20 -21 23 -23 25 -25 -19 -22 -28 -29 -11
right_child=2 -3 -4 4 17 6 7 8 -10 29 -12 12 -14 -15 -16 -17 -18 21 19 20 26 22 -24 24 -26 -27 27 28 -30 -31
leaf_value=-0.0012951563038466926 0.094291560886739775 0.034303830769334541 0.051351764049556235 0.060570289671116065 -0.16849397613684727 -0.11220779110297423 -0.13263574261348768 -0.24368756347481185 0.079324964184171648 -0.13833893429037189 0.076346781523794524 -0.02661157826774601 -0.28723690960262005 -0.26536545107654164 0.10162965460142108 0.076385234777341174 0.10268866240498425 0.077819801994860188 0.089695502197253488 0.069065928971387858 -0.13472677288625204 -1.5239649921657121 -0.050505111223780333 -0.014090346190436875 0.040598746376505623 0.0073111076472540844 0.066064458715651905 -0.10834245335990275 0.057527898160728799 0.034191016887310716
leaf_weight=893.81183260886746 2.457475871051428 20.430591097170691 9.9908420782448939 3.7766839757478001 0.83538876017701014 1.4061515759458436 2.1858957058357174 0.41096910697524469 2.4628947022283683 0.50744283191488659 0.47916517192788877 1.6358314273347789 0.37098646954109415 1.9936694811331106 2.9258102479216177 1.8019890124051015 0.52669784133468045 3.4664987114456371 1.3566431689960134 1.1233827234100315 1.6876195984859803 0.043858568176800783 0.95540033494762611 63.111019899522944 7.6853660785636739 94.661248047515983 1.5718362916013573 2.9200095730502658 0.58668735406536132 1.5121765035164572
leaf_count=426585 71 4619 22066 122 23 85 53 21 475 27 83 193 18 122 621 108 44 2214 44 22 53 13 499 2973 1374 2650 27 84 46 73
internal_value=-7.60472e-05 -0.00105231 0.00456306 0.00205307 0.000819687 -0.00184433 -0.0287857 -0.0738752 0.0331334 -0.119924 -0.167942 0.0209065 -0.0747916 -0.195948 0.0497398 0.00909011 -0.0536489 -0.000433941 -0.0344808 -0.0223728 -0.0416435 0.00158606 -0.115177 0.00227677 -0.00815352 0.00980193 -0.0600245 -0.0352006 -0.0805915 -0.00915828
internal_weight=1128.69 932.462 196.23 186.239 183.782 912.032 18.2197 9.55221 2.87386 6.67835 4.65873 8.66747 2.00682 4.17957 6.66065 3.73484 1.93285 180.005 10.0816 9.24618 7.88954 169.923 0.999259 168.924 70.7964 98.1277 6.76615 5.07853 3.5067 2.01962
internal_count=465408 433127 32281 10215 10144 428508 1923 854 496 358 258 1069 211 175 858 237 129 10022 299 276 232 9723 512 9211 4347 4864 210 157 130 100
is_linear=0
shrinkage=0.07


Tree=157
num_leaves=31
num_cat=0
split_feature=11 6 8 3 12 3 3 6 6 8 8 5 6 8 2 2 5 8 2 6 3 5 6 0 3 8 8 6 6 3
split_gain=1.05959 3.75278 4.15499 4.34805 3.44459 3.41892 3.17581 4.08995 2.52498 2.06018 3.37429 2.37705 1.88159 2.78735 2.31233 2.7736 5.13447 3.58958 2.95242 2.20755 1.96975 3.14417 4.42059 3.25655 2.80886 2.68053 3.12763 2.67891 2.64866 3.25777
threshold=1.0000000180025095e-35 54.007299423217781 0.1012820526957512 58.769561767578132 11.500000000000002 99.541282653808608 98.529094696044936 50.595321655273445 58.079877853393562 0.084523811936378493 0.080540537834167494 0.94444444775581371 98.270881652832045 0.65833333134651195 65.599384307861342 71.010189056396499 0.47222222387790685 0.22902098298072818 74.833332061767592 92.921337127685561 75.134407043457045 0.47222222387790685 78.817016601562514 82.426471710205092 75.490947723388686 0.13423423469066623 0.18019481003284457 82.78556060791017 68.996032714843764 69.282051086425795
decision_type=2 2 2 2 2 2 2 2 2 2 2 2 2 2 2 2 2 2 2 2 2 2 2 2 2 2 2 2 2 2
left_child=-1 6 3 -3 5 8 9 -8 -5 10 11 -2 13 14 -4 16 -16 -18 -17 -15 21 22 -20 -23 -22 -25 -27 -24 -28 -30
right_child=1 2 12 4 -6 -7 7 -9 -10 -11 -12 -13 -14 19 15 18 17 -19 20 -21 24 23 27 25 -26 26 28 -29 29 -31
leaf_value=0.00083362805602320538 -0.061510733275355403 -0.098180382123323584 -0.044366388732054465 -0.052977221428247609 0.082768660858546214 -0.21897696617853024 -0.047706601392323619 0.10325696111022895 0.059001380823439628 -0.075506573084983777 0.06105626885742868 0.076721765134099729 0.072666411706212103 -0.12986216185766025 -0.048723123361640301 -0.05465768662772362 0.13473657706563619 0.016951537407083741 -0.067944662675132522 -0.029850032607460476 -0.15389416106240403 0.09921650933272852 0.095739587057898853 0.10958903726491954 -0.0058680279453622681 -0.091888480625414201 0.075367507639764367 -0.012272205249826669 -0.048049077237280351 0.034077847466572379
leaf_weight=961.87397655815994 5.9712462521945344 1.0585717644971726 6.3954765661146658 1.5081198312464019 6.5985951072216267 0.31368647259660054 1.8091751972897321 1.7110268508549777 2.8538483637530589 7.1745346092789068 1.7823702736777702 0.67885617138745136 1.5116391024785105 1.3024469463271078 2.1980007874590219 5.3443643275568311 2.6937787114293315 2.3950545450206846 4.5660265620244918 6.3730727197253145 0.63327146036317472 2.9000335703021856 1.8013283046893773 1.4423075310769498 77.369404740093159 1.3512210648041207 3.1981636029668143 2.9974026682320982 3.8722138677258027 6.0872854529879987
leaf_count=167860 261074 887 2586 504 91 5 1709 26 173 19914 3691 812 183 39 1003 646 92 37 804 327 20 57 16 33 2510 28 42 39 81 119
internal_value=-5.74415e-05 -0.00522402 -0.00142322 0.0374627 0.0501986 0.00423361 -0.034388 0.0256706 0.0202856 -0.0479344 -0.0244754 -0.0473997 -0.00499061 -0.00587376 -0.00336436 -0.00115798 0.0406839 0.0793012 -0.00389092 -0.0468209 -0.00133661 0.0145127 -0.0186405 0.0309823 -0.00706979 0.0185768 0.00952942 0.0282728 0.0199445 0.00214722
internal_weight=1127.77 165.893 146.765 12.3328 11.2742 4.67565 19.1272 3.5202 4.36197 15.607 8.43247 6.6501 134.432 132.921 125.245 118.85 7.28683 5.08883 111.563 7.67552 106.219 28.216 9.36476 18.8512 78.0027 15.9512 14.5089 4.79873 13.1577 9.9595
internal_count=465408 297548 10322 1660 773 682 287226 1735 677 285491 265577 261886 8662 8479 8113 5527 1132 129 4395 366 3749 1219 859 360 2530 303 270 55 242 200
is_linear=0
shrinkage=0.07


Tree=158
num_leaves=31
num_cat=0
split_feature=12 12 0 7 3 5 7 7 7 12 12 0 1 1 3 3 12 1 3 5 11 0 1 0 3 3 12 7 0 9
split_gain=1.01679 1.13789 2.04125 1.00665 3.24175 2.52292 3.05374 3.2365 2.82443 2.67893 5.18971 2.95208 2.69655 2.47942 2.47119 5.37781 2.39705 2.33942 2.38488 3.43858 5.63171 2.53579 2.61468 3.50286 2.25464 3.68803 3.41843 5.38584 2.18939 2.55428
threshold=20.500000000000004 19.500000000000004 84.273937225341811 85.794998168945327 91.331184387207045 0.78888890147209179 89.296943664550795 96.566463470458999 87.367481231689467 8.5000000000000018 7.5000000000000009 83.910789489746108 37.573530197143562 87.20676422119142 81.53021621704103 81.872947692871108 13.500000000000002 70.659969329833999 86.505657196044936 0.73214286565780651 1.0000000180025095e-35 86.817276000976577 83.424911499023452 86.70682525634767 78.456192016601577 77.459678649902358 12.500000000000002 90.94474029541017 93.127067565917983 1.0000000180025095e-35
decision_type=2 2 2 2 2 2 2 2 2 2 2 2 2 2 2 2 2 2 2 2 2 2 2 2 2 2 2 2 2 2
left_child=1 3 -3 -1 5 9 8 -8 -7 10 -5 12 16 14 24 -16 -11 -17 21 -20 -21 22 -19 -24 25 28 27 -27 29 -13
right_child=-2 2 -4 4 -6 6 7 -9 -10 11 -12 13 -14 -15 15 17 -18 18 19 20 -22 -23 23 -25 -26 26 -28 -29 -30 -31
leaf_value=-0.00087229618973595877 0.074600846380498506 -0.15873500840144439 0.071641026805418465 0.0039425779689048791 0.059127062358915634 0.07169076648497448 0.07445467537357392 -0.064759242451743637 -0.16305594144457256 0.039523993203239551 -0.051521431727317456 -0.045791951267094802 0.067906150075618649 0.047172173495986569 -0.19136619752892683 -0.24015221951694293 -0.046176179756499028 -0.31779045166669595 -0.024798132138630264 -0.12492424943480489 -0.77900292383022374 0.04642047585854165 0.071830013872118126 -0.17194015932971315 0.075369152382112545 -0.48778392009858157 -0.025884258872398449 0.071395493684327127 0.053369978195947201 0.070848370748296516
leaf_weight=976.37153099983811 0.89318281860687321 0.5608960509125599 0.28382373571730568 87.752710177992412 5.289025374888296 0.30565755141287709 1.4093829870107586 1.9510929855605352 1.4082498625139122 4.7654975109035176 9.1260917323670565 3.7838574107736385 9.2854712807165907 5.3504127561427586 0.97056638978392484 0.21946172448224377 2.4069631977472454 0.17524958537251212 1.2265960449876727 0.30118726926593797 0.082080911844968796 3.647999129127129 0.70362954260781385 0.48997601214796305 2.3213130362710208 0.24686672611278559 0.5849233529297635 0.12824719911441207 3.741560574468167 1.2154707504523683
leaf_count=429285 2626 34 960 4047 13755 186 1214 1093 278 97 686 83 1973 3283 160 36 27 18 331 92 2 1330 226 5 697 22 154 52 2058 598
internal_value=-5.64576e-05 -0.000115673 -0.0813292 -5.47068e-05 0.00530679 0.00332451 -0.0451536 -0.00637295 -0.121191 0.00510032 -0.00128219 0.0199471 0.0430034 0.00488291 -0.00652216 -0.0371609 0.0107644 -0.0152996 -0.00785302 -0.0819846 -0.265002 0.0159352 -0.0653082 -0.0282378 0.0133989 -0.00142984 -0.131663 -0.296607 0.0128741 -0.0174336
internal_weight=1127 1126.11 0.84472 1125.26 148.89 143.601 5.07438 3.36048 1.71391 138.526 96.8788 41.6473 16.4579 25.1894 19.839 7.81675 7.17246 6.84618 6.62672 1.60986 0.383268 5.01685 1.36886 1.19361 12.0222 9.70093 0.960037 0.375114 8.74089 4.99933
internal_count=465408 462782 994 461788 32503 18748 2771 2307 464 15977 4733 11244 2097 9147 5864 2200 124 2040 2004 425 94 1579 249 231 3664 2967 228 74 2739 681
is_linear=0
shrinkage=0.07


Tree=159
num_leaves=31
num_cat=0
split_feature=3 2 3 2 5 5 1 0 1 6 2 8 0 6 7 1 2 7 2 7 2 2 8 8 7 0 3 1 5 6
split_gain=0.948268 4.10346 3.06892 5.83561 9.98088 5.62777 8.25754 7.21811 5.25714 4.35905 4.21562 5.68092 5.19271 4.76951 4.71856 3.37779 3.93772 3.75623 3.25137 3.6041 3.01503 3.7122 4.21723 3.74653 3.29542 3.57387 3.02893 2.98794 2.9699 2.96417
threshold=25.176055908203129 39.250699996948249 32.690166473388679 51.316701889038093 1.0000000180025095e-35 0.31666667759418493 69.360546112060561 64.747306823730483 25.677655220031742 94.986034393310561 40.289855957031257 0.57417583465576183 26.006441116333011 98.598102569580092 79.180648803710952 44.920890808105476 54.201978683471687 60.204614639282234 90.595520019531264 65.396709442138686 55.470087051391609 36.51515197753907 0.45804196596145635 0.21807064861059192 83.177082061767592 19.139194488525394 19.560019493103031 25.677655220031742 0.2264957278966904 98.598102569580092
decision_type=2 2 2 2 2 2 2 2 2 2 2 2 2 2 2 2 2 2 2 2 2 2 2 2 2 2 2 2 2 2
left_child=20 -2 8 -4 15 6 -6 18 9 -3 12 28 -10 -13 -14 16 -5 -17 19 -7 21 26 23 -23 25 -22 -1 -18 -12 -9
right_child=1 2 3 4 5 7 -8 29 10 -11 11 13 14 -15 -16 17 27 -19 -20 -21 24 22 -24 -25 -26 -27 -28 -29 -30 -31
leaf_value=0.020083567128071893 -0.027129030846005067 -0.088771158373803893 -0.033224211991049121 -0.075779356611206494 -0.035726624602981275 0.017461752469487349 0.030904167606737479 -0.00060773958616095239 0.61231907178295075 0.078694752507157531 -0.050990809198990926 0.12148304586039368 -0.048517097092502244 -0.011433883783412837 0.15202975308812833 -0.040077874874092694 0.30591533940274568 0.072670049677393878 0.36527871709201787 0.084499306372822297 -0.18484620207829289 -0.074185761600033304 0.008969657833627305 0.088348403240587736 0.071853567490837503 -0.0086466055114440086 -0.0163342781227926 0.025613479227737958 0.096327758815642553 0.046792350047055689
leaf_weight=20.195007804915349 27.737157216260584 2.8121443244399447 25.787714150429338 2.0190414575881759 44.896421544487112 10.276957380428035 11.434993370416576 876.44564065407894 0.10133110049355254 1.044495227106381 4.153113729453251 3.7697094546165317 0.76018013765542525 2.0380144843074959 2.3583386616664939 1.6046661503150996 0.1894849019290622 14.818044575382372 0.15491071343421836 6.362588695541489 1.201452229499864 0.7639012010911318 11.850701854564248 7.6959073478865321 0.69788226755917993 1.0632218231953627 25.098661559353786 11.242222740676423 0.79964254828496439 6.5126295895679496
leaf_count=1007 6418 747 35970 3665 218462 10483 5776 141343 17 21 4259 25 689 85 22 8627 106 2242 1 292 30 988 143 233 73 348 1887 8237 394 12818
internal_value=-4.30439e-05 -0.000560377 0.000155388 -0.000352052 0.000507719 -0.00073722 -0.0222009 0.000606571 0.0289383 -0.0434163 0.0488982 0.0278715 0.119168 0.0748406 0.103144 0.0403513 0.0143425 0.0616534 0.0460672 0.0430954 0.00793438 0.0110537 0.0359197 0.0736719 -0.0611404 -0.102124 -9.67182e-05 0.0302596 -0.0272056 -0.00025812
internal_weight=1125.89 1057.32 1029.58 1011.75 985.958 956.084 56.3314 899.753 17.837 3.85664 13.9803 10.7605 3.21985 5.80772 3.11852 29.8735 13.4507 16.4227 16.7945 16.6395 68.5667 65.6042 20.3105 8.45981 2.96256 2.26467 45.2937 11.4317 4.95276 882.958
internal_count=465408 460699 454281 448022 412052 389175 224238 164937 6259 768 5491 4763 728 110 711 22877 12008 10869 10776 10775 4709 4258 1364 1221 451 378 2894 8343 4653 154161
is_linear=0
shrinkage=0.07


Tree=160
num_leaves=31
num_cat=0
split_feature=12 0 3 2 5 3 6 12 3 6 6 8 1 5 3 2 3 1 5 0 3 5 2 5 5 3 8 2 3 3
split_gain=0.942687 4.04681 6.28501 5.93782 7.72212 6.71363 5.5785 4.55549 4.05402 3.95503 3.8305 3.62532 3.58326 6.93055 5.96839 3.6006 3.37958 3.18782 3.14028 3.06549 4.77717 7.07679 4.49412 9.56326 2.97768 4.32047 3.99798 4.18741 5.25647 4.32668
threshold=11.500000000000002 99.473682403564467 91.704891204833999 96.34091949462892 0.81666666269302379 89.512962341308608 55.468318939208991 5.5000000000000009 73.746868133544936 52.769256591796882 60.705402374267585 0.26794873178005224 88.273490905761733 0.70714285969734203 88.989898681640639 97.467948913574233 98.529094696044936 86.391696929931655 0.70714285969734203 92.612083435058608 93.788581848144545 0.38750000298023229 93.419914245605483 0.63068181276321422 0.43650794029235845 88.341892242431655 0.56832298636436474 95.293468475341811 67.890834808349624 69.00656890869142
decision_type=2 2 2 2 2 2 2 2 2 2 2 2 2 2 2 2 2 2 2 2 2 2 2 2 2 2 2 2 2 2
left_child=1 2 18 4 5 7 9 11 10 -6 -9 -3 17 14 15 -14 -15 -5 -1 -4 21 -21 -23 -24 25 26 27 -2 -29 -30
right_child=24 3 19 12 6 -7 -8 8 -10 -11 -12 -13 13 16 -16 -17 -18 -19 -20 20 -22 22 23 -25 -26 -27 -28 28 29 -31
leaf_value=-0.00093894382339194244 -0.053906566626701069 0.15451413042775861 0.076059320567204713 0.0016024522831508405 -0.011156360240507061 -0.20342605559088675 0.077339565669145766 -0.1109646817778939 -0.027209852109847568 -0.17629361167312904 0.00031536669565792095 -0.06630588536872821 0.083152954877009189 0.030402232768148598 -0.037998166538480142 -0.24433156842965542 -0.02401934200530971 0.060016118729961918 0.12971669817996892 -0.33262091282571699 0.046029296684026368 0.025903350431138613 0.0038664449165195691 -0.29870529001303764 0.0041385273814276884 0.052091055843549255 0.015170926691102428 -0.066095839632020967 0.33339887395364021 0.057376796100220361
leaf_weight=504.50546258534609 19.298921191515554 0.90201599974535074 6.2906599752113861 64.904535490451053 12.649277021577291 1.5326503045507696 3.6348830700371755 8.4452621642649337 9.2902312779178811 0.75295070628635663 1.8472462808422268 0.61112798356043641 0.1848215279587736 7.5164227631412386 2.5155080765343882 1.4968581789089512 21.83131115435026 4.9252355706830704 0.9029942583074434 0.34110982898710318 14.036467689451454 5.8602267579972231 1.6988040733231176 0.73258149566390773 410.62086171601777 3.9441382930253885 8.578578916807599 1.6420368919748392 0.33159113107649352 1.7304067491186286
leaf_count=389035 6247 88 620 7322 491 116 1679 952 791 11 140 57 58 910 269 119 2622 443 59 79 1680 386 181 34 49184 522 938 213 23 139
internal_value=-4.20133e-05 -0.00168751 0.00111171 -0.0121448 -0.0351689 -0.0619685 0.000426128 -0.0516914 -0.0607335 -0.0204339 -0.0909927 0.0653294 -0.00331032 -0.0221137 -0.106249 -0.20834 -0.0100811 0.00572249 -0.000705506 0.0328259 0.0208287 -0.0201464 -0.00729148 -0.087299 0.00245644 -0.0169859 -0.0256127 -0.0408223 0.02735 0.101764
internal_weight=1123.56 677.409 534.368 143.04 39.6656 22.6285 17.0371 21.0959 19.5827 13.4022 10.2925 1.51314 103.375 33.5449 4.19719 1.68168 29.3477 69.8298 505.408 28.9598 22.6692 8.63272 8.29161 2.43139 446.147 35.5257 31.5815 23.003 3.70403 2.062
internal_count=465408 408142 392074 16068 4325 2144 2181 2028 1883 502 1092 145 11743 3978 446 177 3532 7765 389094 2980 2360 680 601 215 57266 8082 7560 6622 375 162
is_linear=0
shrinkage=0.07


Tree=161
num_leaves=31
num_cat=0
split_feature=11 7 6 4 7 0 3 1 6 1 3 0 7 6 1 3 0 6 6 1 1 1 6 3 3 3 3 0 2 7
split_gain=0.980494 3.99771 2.62724 1.68779 1.97586 2.10249 6.41049 3.23349 4.15088 2.65357 3.22835 2.0208 2.36125 4.70912 4.51387 3.05337 2.89348 2.7774 2.25913 3.154 2.09212 3.19498 6.29268 2.57564 2.72694 2.69461 4.1923 3.10368 3.84756 5.86492
threshold=1.0000000180025095e-35 52.062900543212898 73.20508193969728 1.0000000180025095e-35 97.595180511474624 76.833633422851577 59.299959182739265 70.659969329833999 80.170940399169936 70.659969329833999 58.769561767578132 86.526824951171889 60.204614639282234 54.953443527221687 67.028984069824233 99.541282653808608 92.031745910644545 50.595321655273445 61.874477386474616 86.391696929931655 68.208553314208999 67.890834808349624 73.20508193969728 77.459678649902358 78.979854583740249 81.53021621704103 81.872947692871108 95.293468475341811 92.907444000244155 70.627449035644545
decision_type=2 2 2 2 2 2 2 2 2 2 2 2 2 2 2 2 2 2 2 2 2 2 2 2 2 2 2 2 2 2
left_child=-1 2 -2 -3 5 6 9 -8 -9 10 -5 18 13 15 -15 -13 -16 -17 19 -7 21 22 -14 -22 -25 -26 -27 28 29 -28
right_child=1 3 -4 4 -6 11 7 8 -10 -11 -12 12 20 14 16 17 -18 -19 -20 -21 23 -23 -24 24 25 26 27 -29 -30 -31
leaf_value=0.00082303869033394225 -0.065592505362165765 -0.020620002592450289 0.082892532986362441 -0.013484029802549233 0.073807422128992994 -0.055647374949152617 -0.097535320545969625 -0.085967520246846146 0.082269899310756595 0.2244140684771995 0.13787590937915187 -0.072935149618228945 -0.10797326698074572 0.2005937822329861 -0.062663609298636264 -0.073442759717660899 0.051565387794128885 0.12276664998498636 0.026910471202704761 0.22149175197423238 0.023849955735048448 -0.15234865398385411 0.045643398033402782 -0.070272913844704105 0.034751911105373026 -0.14358681170111146 -0.053698058605087251 0.0035239544382500701 -0.066810115709037901 0.06815237434062367
leaf_weight=957.41733527850874 7.2559617800357037 21.853287122610709 0.63498792386963021 2.6295770502238156 1.7708472530357529 2.9108381060868882 5.1654713287189207 1.4922386098842255 1.3860982013866303 0.36504939978476603 0.93635948353494303 3.2146722264351402 2.3573074280939172 0.8932400387711813 1.2622305045369993 0.5709660433931274 7.8085063400212675 0.92815817333757877 23.084692074509803 0.21615830063819874 13.308609225845428 1.1331007760018108 2.931601625867188 3.4860499594942658 6.8283133871154851 1.1611875258386124 4.2808778089238357 32.375443863653345 8.4196792171569523 3.5329119834932499
leaf_count=167860 274919 6399 13 6389 214 1507 3374 370 10 14 270 797 57 34 90 40 92 13 440 1 258 9 57 62 122 22 94 1629 141 111
internal_value=-3.40542e-05 -0.00503176 -0.0536439 -0.00257759 0.000354991 -0.000625365 -0.0286017 -0.0644055 -0.00495074 0.0446622 0.0262607 0.0021501 -0.0026202 0.0231835 0.0504549 -0.0344625 0.03567 0.0480371 0.019347 -0.0364897 -0.00736543 -0.045678 -0.0228247 -0.00401302 -0.0101846 -0.00648363 -0.012141 -0.009001 -0.0339803 0.00139516
internal_weight=1121.61 164.194 7.89095 156.303 134.45 132.679 11.9748 8.04381 2.87834 3.93099 3.56594 120.705 94.4929 14.6778 9.96398 4.7138 9.07074 1.49912 26.2117 3.127 79.8151 6.42201 5.28891 73.3931 60.0845 56.5984 49.7701 48.6089 16.2335 7.81379
internal_count=465408 297548 274932 22616 16217 16003 10427 3754 380 6673 6659 5576 3628 1066 216 850 182 53 1948 1508 2562 123 114 2439 2181 2119 1997 1975 346 205
is_linear=0
shrinkage=0.07


Tree=162
num_leaves=31
num_cat=0
split_feature=0 3 1 2 6 2 8 2 2 3 0 3 0 6 2 2 1 0 8 8 2 0 8 8 6 8 8 8 8 8
split_gain=0.92418 1.07716 3.42229 3.24268 3.94987 3.90877 4.71416 3.71549 3.15574 5.50833 4.76905 4.27675 3.49226 3.04046 2.57093 5.56056 2.78228 2.49817 2.38746 4.09939 2.62575 2.69357 2.96562 3.85374 3.13404 2.25111 3.29924 3.71242 2.54895 2.22192
threshold=1.0000000180025095e-35 19.560019493103031 22.401432991027836 41.223155975341804 88.953113555908217 45.867485046386726 0.71825397014617931 55.470087051391609 36.51515197753907 32.690166473388679 27.072835922241214 25.176055908203129 29.128787994384769 82.78556060791017 42.967033386230476 45.867485046386726 19.433517456054691 24.440019607543949 0.91833335161209118 0.86811593174934398 28.869047164916996 22.401432991027836 0.43167701363563543 0.40588235855102545 77.095886230468764 0.65833333134651195 0.58578431606292736 0.54006412625312816 0.38675214350223547 0.20344828069210055
decision_type=2 2 2 2 2 2 2 2 2 2 2 2 2 2 2 2 2 2 2 2 2 2 2 2 2 2 2 2 2 2
left_child=-1 2 3 29 7 -6 -7 -5 9 10 18 14 -12 -4 -10 -16 -17 -18 19 20 25 22 23 24 -22 26 27 28 -3 -2
right_child=1 8 13 4 5 6 -8 -9 11 -11 12 -13 -14 -15 15 16 17 -19 -20 -21 21 -23 -24 -25 -26 -27 -28 -29 -30 -31
leaf_value=-0.076325383720775616 0.11204255415833572 -0.015161849004182071 -0.023938518566722154 0.11035611022537654 -0.26089715010689041 -0.2187300236631731 0.075169191349178585 -0.075151255389056176 0.058169821815610069 0.16496537591104651 -0.11386578274819367 -0.00011961938637512752 -0.034362685782299 0.10026661846265217 -0.14346628941175332 -0.14559606792458601 0.10177710658565173 -0.010547804214010756 0.076791443706097515 -0.23541182814334419 -0.071584961012518142 -0.017584411859745255 0.0049131270286099545 0.22488598287968367 0.1072694981014137 0.017711692718476564 -0.17231680165048241 0.0626381531290824 -0.14002036171535634 0.0084090674679440664
leaf_weight=0.7774809725178774 1.0762707505669009 1.5769064059954971 1.3228026880424284 0.96648092029681709 0.70243139937520016 0.46400997694581725 0.63122295922948979 1.1688666270317751 9.9623504448554723 0.78040921255887852 3.8238300976240671 1035.3697367350976 9.2716583414212419 3.5776366114150733 1.085003603572203 0.3855654113338004 2.1661317750804305 1.7573112152610972 1.5966656189411867 0.39419575408100982 0.74299275706107781 9.8429877239702801 5.0764503832906485 0.79562114924192417 1.3565989981871096 2.2349807620048523 1.128878057003021 1.2745338380336759 1.6285774111747739 17.446991147393419
leaf_count=25 518 321 334 99 8 6 47 116 714 271 674 457368 2126 32 130 40 111 334 34 4 510 1187 34 5 16 15 5 6 10 308
internal_value=-3.30913e-05 1.98878e-05 0.0137393 0.00217354 -0.0555532 -0.132008 -0.0493451 0.00881134 -0.00032373 -0.0192505 -0.0227789 0.000424265 -0.0575773 0.0667392 0.0370945 -0.00183007 0.0338338 0.0514667 -0.00629739 -0.0113896 -0.00794788 0.00691098 0.0371566 0.0936921 0.0439774 -0.0416947 -0.0653663 -0.0384169 -0.0785974 0.0144306
internal_weight=1120.39 1119.61 27.3567 22.4563 3.93301 1.79766 1.09523 2.13535 1092.25 41.5253 40.7449 1050.73 13.0955 4.90044 15.3564 5.39401 4.30901 3.92344 27.6494 26.0527 25.6585 17.8147 7.97166 2.89521 2.09959 7.84388 5.6089 4.48002 3.20548 18.5233
internal_count=465408 465383 1468 1102 276 61 53 215 463915 5218 4947 458697 2800 366 1329 615 485 445 2147 2113 2109 1752 565 531 526 357 342 337 331 826
is_linear=0
shrinkage=0.07


Tree=163
num_leaves=31
num_cat=0
split_feature=8 7 3 3 7 8 7 2 4 8 1 1 3 7 8 3 3 7 8 7 3 0 2 2 0 3 1 2 3 0
split_gain=0.876553 2.98039 2.03562 1.93994 1.44559 2.08183 1.41099 1.59275 1.35891 1.87736 1.71468 1.8365 1.43235 1.28247 3.13143 1.8652 2.71703 4.91348 1.65568 2.93109 4.54382 2.86231 2.78092 3.92127 2.28621 3.35616 3.21686 4.77061 3.00952 3.50673
threshold=0.85092595219612133 88.021739959716811 73.363914489746108 73.20508193969728 89.296943664550795 0.86811593174934398 98.870021820068374 55.848154067993171 1.0000000180025095e-35 0.89087301492691051 24.316333770751957 25.677655220031742 19.560019493103031 97.22989654541017 0.62019231915473949 19.560019493103031 42.644809722900398 97.595180511474624 0.77097901701927196 92.805229187011733 28.097587585449222 1.0000000180025095e-35 39.250699996948249 40.289855957031257 22.401432991027836 22.792207717895511 27.639257431030277 42.206478118896491 77.459678649902358 56.635221481323249
decision_type=2 2 2 2 2 2 2 2 2 2 2 2 2 2 2 2 2 2 2 2 2 2 2 2 2 2 2 2 2 2
left_child=6 -2 3 4 -3 -6 13 -8 9 -7 12 -12 -11 18 -15 -16 -17 -18 19 -1 -21 -20 -22 -24 -23 -26 -27 -28 29 -29
right_child=1 2 -4 -5 5 8 7 -9 -10 10 11 -13 -14 14 15 16 17 -19 21 20 22 24 23 -25 25 26 27 28 -30 -31
leaf_value=-0.00060845261653977908 0.066249479228342706 -0.075618868094946542 0.070566720975221278 -0.20523348465696858 0.078201185668505507 -0.083267977887758998 -3.179521932456175e-05 0.067358758850059236 0.071070145715161306 -0.011037434334041753 -0.14171082131492457 -0.0096905717663614676 0.074680564221360213 0.04645500405481201 0.076376954206378814 -0.090773137089276812 -0.10356362990873233 0.036849591976405617 -0.30594485184364151 0.073665727132062625 -0.060893053678250819 0.079440806755507576 0.17606029455075836 0.010093314129895524 -0.2141443810638059 0.090221234497519676 -0.17050050462933242 -0.039845956618224307 -0.074862681952713769 0.074723695119680938
leaf_weight=1032.1681500810796 4.2534253938756619 1.2272790010683916 1.9472670993563941 0.23293392750201647 1.6371018540667162 1.5336985144167545 3.7085638868156812 3.2024237202385848 1.0919836347748066 1.6754831359721731 0.54477088619023462 9.8808325951249554 2.222027285664808 2.550625648116692 0.62776045501232047 4.1246269236435165 1.9328402341852777 3.3164513578994956 0.17645023763179679 6.4452921622432795 2.6035365583375123 0.99852336570620437 0.72245770506561058 20.237650299099187 0.47029340639710326 1.1001842729747284 1.1398312300443638 2.7867051001521741 2.899520214756194 2.4687706986951525
leaf_count=436553 2179 56 7185 51 144 93 31 2918 1050 83 9 1005 70 735 10 30 381 2318 1 55 17 12 4 7383 5 9 5 84 2257 675
internal_value=-3.01052e-05 0.0126114 0.00223804 -0.00439936 -0.00203826 0.00282048 -0.000333484 0.0311957 -0.00446062 -0.00966207 -0.00178045 -0.016589 0.0378316 -0.000533985 -0.0227792 -0.0404353 -0.0482581 -0.0148519 -0.000274048 1.85426e-05 0.0215843 -0.026086 0.00733858 0.0158139 -0.0219236 -0.031239 -0.022964 -0.0363612 -0.0176124 0.0139734
internal_weight=1119.93 26.2468 21.9934 20.0461 19.8132 18.5859 1093.68 6.91099 16.9488 15.8568 14.3231 10.4256 3.89751 1086.77 12.5523 10.0017 9.37392 5.24929 1074.22 1062.18 30.0089 12.0403 23.5636 20.9601 11.8638 10.8653 10.395 9.29483 8.155 5.25548
internal_count=465408 11925 9746 2561 2510 2454 453483 2949 2310 1260 1167 1014 153 450534 3474 2739 2729 2699 447060 444012 7459 3048 7404 7387 3047 3035 3030 3021 3016 759
is_linear=0
shrinkage=0.07


Tree=164
num_leaves=31
num_cat=0
split_feature=12 12 2 12 2 11 7 8 8 6 1 6 6 12 7 8 1 1 1 0 2 1 1 6 6 7 1 1 7 2
split_gain=0.873578 0.929176 1.81246 0.924933 2.37062 0.808394 3.65459 2.74114 2.06773 4.69007 4.01458 3.20901 4.94511 3.38441 3.14332 6.00095 3.11481 2.79494 3.61547 2.91856 3.63229 4.19178 2.34921 4.74768 5.12287 3.26672 3.13176 3.10925 2.81321 2.30007
threshold=20.500000000000004 19.500000000000004 75.147060394287124 15.500000000000002 49.65753364562989 1.0000000180025095e-35 52.062900543212898 0.32738095521926885 0.22401433438062671 75.343498229980483 91.704891204833999 81.661396026611342 66.866264343261733 12.500000000000002 57.705213546752937 0.13840996474027636 89.009658813476577 95.538970947265639 94.570026397705092 85.145786285400405 97.01425933837892 91.331184387207045 82.793453216552749 82.78556060791017 91.693202972412124 94.146202087402358 78.611557006835952 90.054946899414077 96.884704589843764 75.147060394287124
decision_type=2 2 2 2 2 2 2 2 2 2 2 2 2 2 2 2 2 2 2 2 2 2 2 2 2 2 2 2 2 2
left_child=1 3 -3 5 -5 -1 7 -7 11 10 16 12 13 -8 15 -14 -10 18 19 -11 21 -21 23 -22 -25 -24 -26 -27 -29 -16
right_child=-2 2 -4 4 -6 6 8 -9 9 17 -12 -13 14 -15 29 -17 -18 -19 -20 20 22 -23 25 24 26 27 -28 28 -30 -31
leaf_value=0.00061217613911943079 0.073741745910704426 -0.14363789727555012 0.071153773627539746 -0.065493519645064363 0.046587996739721242 -0.066934761365304254 -0.0083893773941561365 0.070230496114821198 -0.038627060988567351 0.018913416177537907 -0.13017182840715286 -0.051611088456506957 0.30835109069316519 0.053755062159018166 0.084692239516251488 0.0022162024591161158 0.090021975699427173 0.070330659924743744 -0.14773855779025261 -0.037897786890755611 -0.12328325246151421 0.073359913968798776 0.049811695483789942 0.07304799807849835 0.016902507223417507 0.022555871040852646 -0.13790514902776146 -0.28661227239996101 -0.039582832358272105 0.020642088261577374
leaf_weight=947.97919586869875 0.78613004778890072 0.58075790609291189 0.28794197988099768 1.1245288103818882 5.2029400323845039 6.7247831376582772 42.179999210484311 0.79869313642848272 13.134533938067761 20.882441087684128 2.2550590750761321 4.3822958616219685 0.59483730746433383 4.7808326706581274 3.3715512707422048 0.66397862920712214 0.99181447178125459 2.5392834126250809 0.85242927249055256 23.601873755455021 1.6873881509527588 1.7848169036442403 8.9703787430189532 2.9894173932261765 1.2588861663825812 1.4052646351046854 1.3031720146536825 0.38712208683136839 0.54237683065002784 14.836456048389662
leaf_count=147259 2626 24 970 7 16974 274921 18245 11 791 384 56 159 6 88 274 37 7 1076 46 311 33 115 365 94 53 72 33 28 34 309
internal_value=-2.30396e-05 -7.49035e-05 -0.0724424 -1.86341e-05 0.0266687 -0.00017064 -0.0047256 -0.0523733 -0.00241875 -0.00980667 -0.04344 0.00640651 0.010234 -0.00206278 0.0398981 0.146876 -0.0295946 -0.00172863 -0.00451516 -0.00263147 -0.0128728 -0.0300758 0.010678 -0.0204578 0.0107963 0.0306147 -0.0618393 -0.0431417 -0.142467 0.0325022
internal_weight=1118.88 1118.1 0.8687 1117.23 6.32747 1110.9 162.92 7.52348 155.396 84.5863 16.3814 70.81 66.4277 46.9608 19.4668 1.25882 14.1263 68.2049 65.6656 64.8131 43.9307 25.3867 18.544 7.23886 5.55148 11.3051 2.56206 2.33476 0.929499 18.208
internal_count=465408 462782 994 461788 16981 444807 297548 274932 22616 3498 854 19118 18959 18333 626 43 798 2644 1568 1522 1138 426 712 213 180 499 86 134 62 583
is_linear=0
shrinkage=0.07


Tree=165
num_leaves=31
num_cat=0
split_feature=8 5 1 1 11 0 8 12 4 0 0 0 0 8 5 12 3 12 0 3 1 5 8 8 12 12 0 3 3 1
split_gain=0.885787 3.60957 3.81874 3.49483 4.89554 4.44514 3.23166 2.72216 3.47474 2.61656 6.14174 7.1212 5.48147 4.38331 4.33571 4.0892 3.91198 3.83468 5.70946 4.43979 6.86213 6.70444 4.05018 4.23516 3.62928 3.48828 3.99831 3.37174 3.58463 5.16922
threshold=0.19292803853750232 0.31666667759418493 75.905715942382827 89.512962341308608 1.0000000180025095e-35 91.734970092773452 0.20942982286214831 1.5000000000000002 1.0000000180025095e-35 90.521114349365249 91.331184387207045 91.024166107177749 91.734970092773452 0.18301435559988025 0.63068181276321422 11.500000000000002 77.459678649902358 12.500000000000002 94.360820770263686 95.040985107421889 89.009658813476577 0.58571431040763866 0.040833333507180221 0.10762548446655275 5.5000000000000009 6.5000000000000009 89.022754669189467 89.512962341308608 69.614067077636733 70.299972534179702
decision_type=2 2 2 2 2 2 2 2 2 2 2 2 2 2 2 2 2 2 2 2 2 2 2 2 2 2 2 2 2 2
left_child=1 2 -1 -2 -5 -6 -7 8 -3 13 11 15 -12 14 27 -11 -16 24 19 20 21 -19 -20 -24 -14 -18 -27 28 -9 -30
right_child=3 7 -4 4 5 6 -8 9 -10 10 12 -13 17 -15 16 -17 25 18 22 -21 -22 -23 23 -25 -26 26 -28 -29 29 -31
leaf_value=-0.035444781925033558 0.00059859554184198225 -0.076286741771936728 0.037233513555372945 0.05496149928038993 0.084692721616059924 0.077705182109918461 -0.021167415314298357 0.01639944073241523 0.069542299446029673 -0.038564902053820051 0.063729502325759593 -0.10571820663566382 0.042251305849584427 -0.061667090600634668 0.10993032468075589 0.040935161245707001 0.11911532945683329 -0.094847500419147052 0.016074347762553259 0.085206152913297181 -0.15198346674862875 0.051883518005110874 0.11961780844639937 0.014612605530501172 -0.0058299111179804077 -0.095276863562317682 0.15352201594224296 0.055056775470677471 -0.030431280894088249 0.0040465132119731993
leaf_weight=25.5678662014891 358.67515984894635 4.4289877825776776 4.1122257525635169 14.466269504733644 2.7415257308166501 1.8035702072083974 15.900056820013559 75.75230020676463 0.97729069353135845 10.584144413892774 6.2513499686833702 5.8492510040814514 7.8567848307989143 4.5957562633702755 3.7757382487179703 4.525965133931094 0.87491286622935183 2.723606752972044 37.7073213734202 1.3439410662685976 2.4040762182303297 3.4697163173859735 4.1589508276010738 3.4379097824421478 367.83644630625395 1.6596810919809288 0.39108079250490835 6.5777097489763028 26.362691131949759 111.13085472273247
leaf_count=285148 34543 16319 761 30455 58 61 1632 43551 32 658 335 314 602 213 76 159 30 168 1358 17 170 91 114 213 17741 82 20 182 12838 17467
internal_value=-1.65674e-05 -0.001469 -0.0253751 0.00265649 0.0237991 0.0017496 -0.0110947 -0.000447614 -0.0499253 -5.95365e-05 -0.0031228 -0.0401385 -0.00134823 0.00601275 0.00738585 -0.0147521 0.0628515 -0.00229227 0.0149273 -0.0331116 -0.051607 -0.0126436 0.0254688 0.0720984 -0.0048244 0.00209382 -0.0478309 0.00569495 0.00417235 -0.00256418
internal_weight=1117.94 724.357 29.6801 393.587 34.9114 20.4452 17.7036 694.676 5.40628 689.27 458.149 20.9594 437.19 231.121 226.525 15.1101 6.70141 430.939 55.2455 9.94134 8.5974 6.19332 45.3042 7.59686 375.693 2.92567 2.05076 219.824 213.246 137.494
internal_count=465408 398659 285909 66749 32206 1751 1693 112750 16351 96399 21940 1131 20809 74459 74246 817 208 20474 2131 446 429 259 1685 327 18343 132 102 74038 73856 30305
is_linear=0
shrinkage=0.07


Tree=166
num_leaves=31
num_cat=0
split_feature=2 0 2 0 1 1 8 8 0 0 2 1 0 1 4 1 1 6 7 2 2 4 7 1 2 6 8 8 8 0
split_gain=0.858874 4.669 3.35302 3.30326 7.56336 7.33103 3.77308 3.98955 3.17049 3.9611 4.60552 3.66632 5.24878 6.73673 3.64588 39.9889 229.174 3.12468 3.09892 3.02715 3.89678 2.91127 6.27249 5.26746 4.12556 4.29299 3.33861 3.14355 3.04504 2.91049
threshold=85.540069580078139 75.905715942382827 84.680576324462905 89.022754669189467 82.793453216552749 89.512962341308608 0.31009615957736975 0.35504202544689184 82.426471710205092 83.424911499023452 70.659969329833999 67.028984069824233 84.680576324462905 68.020618438720717 1.0000000180025095e-35 61.633426666259773 61.311826705932624 98.598102569580092 46.885776519775398 87.298336029052749 87.007671356201186 1.0000000180025095e-35 60.727514266967781 75.582656860351577 77.459678649902358 91.693202972412124 0.44722221791744238 0.54006412625312816 0.16064515709877017 77.015758514404311
decision_type=2 2 2 2 2 2 2 2 2 2 2 2 2 2 2 2 2 2 2 2 2 2 2 2 2 2 2 2 2 2
left_child=2 19 3 4 8 -5 -6 -8 18 14 11 -11 13 -13 15 16 -10 29 -1 20 -2 22 -20 24 26 -26 28 -23 -24 -3
right_child=1 17 -4 5 6 -7 7 -9 9 10 -12 12 -14 -15 -16 -17 -18 -19 21 -21 -22 27 23 -25 25 -27 -28 -29 -30 -31
leaf_value=-0.07441525194842144 0.008646263988640563 -0.080174359566595993 -0.037688646029808169 -0.038885454527313061 0.046216942182145421 0.017129503897118432 -0.13525965655323097 0.012664721961373139 -0.039522498699493779 -0.070426594696401099 -0.019634378580322395 0.48303815089490365 0.018052501586522249 0.10121755681894341 -0.064126808950971156 0.0062336025339948305 18.9952277701463 0.070943003523186485 -0.04515190973125998 0.073343480059366667 -0.33167907237534161 0.0061716238347718387 -0.072063568077231022 0.097975010360978762 -0.071388569618373823 0.07100272944308865 -0.0068998034899000853 0.049739508101020451 0.016153328234613944 0.0008814535386082224
leaf_weight=2.6753485570945932 2.5417968776528128 2.17848281485385 12.701280730068445 31.321260470495417 24.61256540486011 18.044149887504318 1.1326901264255855 4.228717740974389 0.019885565219280532 1.3517424254032429 33.272991612035639 0.25483996281718679 5.6435553349206202 2.0307877074912994 11.11088524437946 0.91506441414549045 0.0036715664311941501 3.1093084053391058 16.82954064026535 7.1588955504512342 0.17629364977165085 136.89322170285641 1.9802739263095634 2.6232804441824547 7.0180991395318397 1.2174860088271087 111.167648538918 8.6262635078164731 60.273460525819246 605.2979238856351
leaf_count=257834 1014 653 1955 4877 1389 2968 27 991 261 1034 7425 37 995 382 2076 743 17 11333 43078 1980 25 47766 1252 313 241 286 1683 1503 3827 67443
internal_value=-1.45017e-05 0.00172134 -0.00218615 -0.00125303 0.000699104 -0.0184107 0.0346256 -0.0185869 -0.00181858 -0.0175046 -0.00747203 0.0361311 0.0542968 0.143789 -0.0529354 0.0795427 2.92719 0.000949035 0.000633465 0.0494647 -0.013427 0.0012127 -0.00424425 -0.000508328 -0.00193051 -0.0503385 0.000368331 0.00875429 0.0133472 0.000590778
internal_weight=1116.41 620.463 495.949 483.247 433.882 49.3654 29.974 5.36141 403.908 54.6034 42.5539 9.28093 7.92918 2.28563 12.0495 0.938622 0.0235571 610.586 349.305 9.87699 2.71809 346.629 201.11 184.28 181.657 8.23559 173.421 145.519 62.2537 607.476
internal_count=465408 82448 382960 381005 373160 7845 2407 1018 370753 12970 9873 2448 1414 419 3097 1021 278 79429 357783 3019 1039 99949 50680 7602 7289 527 6762 49269 5079 68096
is_linear=0
shrinkage=0.07


Tree=167
num_leaves=31
num_cat=0
split_feature=7 12 0 1 1 12 6 6 0 0 0 1 7 6 7 7 7 3 1 0 0 3 5 5 6 6 6 7 1 0
split_gain=37.6181 177.595 911.44 4634.41 1762.38 6.11151 89.0425 349.058 612.261 222.38 2258.95 1022.08 608.219 81.1247 8.82186 592.231 7.17087 4.22152 2.67893 2.16206 121.245 163.071 1.65992 1.5533 1.33542 2.11536 1.90395 2.81294 1.19322 1.09754
threshold=41.499397277832038 2.5000000000000004 82.426471710205092 61.633426666259773 61.311826705932624 1.5000000000000002 40.979608535766609 40.868062973022468 75.582656860351577 83.09690093994142 83.424911499023452 61.633426666259773 46.024723052978523 40.316329956054695 47.83648872375489 47.793174743652351 62.554347991943366 74.115688323974624 70.299972534179702 83.09690093994142 83.424911499023452 63.224515914916999 0.63068181276321422 0.27922078967094427 30.807500839233402 33.132463455200202 30.521412849426273 54.180109024047859 69.860393524169936 30.571895599365238
decision_type=2 2 2 2 2 2 2 2 2 2 2 2 2 2 2 2 2 2 2 2 2 2 2 2 2 2 2 2 2 2
left_child=1 2 -1 4 -4 6 7 9 -9 -2 11 12 13 -11 15 -8 17 19 28 -16 21 -21 -20 29 26 -26 27 -7 -19 -18
right_child=5 -3 3 -5 -6 24 14 8 -10 10 -12 -13 -14 -15 16 -17 23 18 22 20 -22 -23 -24 -25 25 -27 -28 -29 -30 -31
leaf_value=-0.070159185088141868 -0.070007519935951529 -0.01768754686503228 -0.070000503270244013 -0.070148646316454316 -65.896015814097865 -0.10087218879674152 -0.070128995317540244 -0.070004655924124873 -69.472959647770594 -36.337772659402923 -0.070028649426522968 -0.07000358090519232 -100.97328641571782 -59.705241152085925 -0.07531288968879625 -42.073969172419844 0.21365743901658962 0.017688953263010381 -0.050790496031631299 -10.115724539217412 -0.040049450013399469 -0.070133356778825304 0.061717373540420825 -0.0035810982995314795 -0.12722735599086496 9.2573187911038112e-05 0.13127252232730913 0.10196028653847319 0.18190802335506451 0.057347681496948764
leaf_weight=0.26289827993514281 0.23845441762842057 1.6962604428879329 0.0026043571970149068 0.046300718858219625 0.0084894851786430081 0.66977715991447373 0.13554409861194727 0.0016299900962621896 0.0010080160359393631 0.0019240640028783665 0.051426677989411473 0.0018066672244003712 0.0013861077577530523 0.0011710835319718171 4.5238005861779147 0.0016649881486046061 0.23294174278271285 0.40669613154932438 3.4173453115045049 0.013935086944911634 0.8897974395554229 0.018338149504415924 0.79136666623526242 2.5070261206456053 0.63979801122536528 1091.9468546870364 0.92211731541169673 0.67033444883418269 0.46433588445506757 3.9966403642738442
leaf_count=53203 35269 104414 479 2701 27 6469 12181 198 46 58 1739 125 20 4 14522 120 11 184 626 41 391 24 15 189 8144 222747 831 55 10 565
internal_value=-0.00107788 -0.303141 -1.8149 -9.80674 -50.4429 -0.000530372 -0.0413365 -1.23947 -26.5898 -1.01367 -4.91251 -44.5175 -62.4369 -45.1791 -0.0207605 -0.579832 -0.0163167 -0.0524105 -0.00650961 -0.0952255 -0.19292 -4.40767 -0.0296356 0.040078 0.000129259 1.80171e-05 0.0538559 0.000586223 0.105232 0.0659563
internal_weight=1114.56 2.01655 0.320293 0.0573946 0.0110938 1112.55 17.6982 0.298807 0.00263801 0.296169 0.0577146 0.00628792 0.00448126 0.00309515 17.3994 0.137209 17.2622 10.5256 5.07974 5.44587 0.922071 0.0322732 4.20871 6.73661 1094.85 1092.59 2.26223 1.34011 0.871032 4.22958
internal_count=465408 160824 56410 3207 506 304584 66338 37459 244 37215 1946 207 82 62 28879 12301 16578 15813 835 14978 456 65 641 765 238246 230891 7355 6524 194 576
is_linear=0
shrinkage=0.07


Tree=168
num_leaves=31
num_cat=0
split_feature=2 6 0 3 12 1 3 7 0 3 8 2 7 7 4 12 7 0 2 9 2 0 0 4 1 0 12 0 1 3
split_gain=0.90939 4.04594 3.14851 3.00695 4.98286 3.1583 2.85639 2.80831 2.77884 2.53188 2.22299 4.60839 2.17289 2.1751 2.15484 2.13387 4.31222 1.98525 9.9089 3.28887 3.28704 8.60733 2.65102 4.4361 2.75275 2.26994 2.83057 2.25191 2.02714 2.26101
threshold=79.431911468505874 98.598102569580092 71.010189056396499 76.23956680297853 5.5000000000000009 75.905715942382827 44.575162887573249 46.885776519775398 81.302967071533217 79.823009490966811 0.71825397014617931 73.746868133544936 77.204086303710952 75.099998474121108 1.0000000180025095e-35 1.5000000000000002 61.920122146606452 75.582656860351577 87.298336029052749 1.5000000000000002 80.243904113769545 75.716625213623061 80.259738922119155 1.0000000180025095e-35 76.63120269775392 79.772727966308608 5.5000000000000009 77.015758514404311 80.217391967773452 88.989898681640639
decision_type=2 2 2 2 2 2 2 2 2 2 2 2 2 2 2 2 2 2 2 2 2 2 2 2 2 2 2 2 2 2
left_child=3 2 6 7 8 14 -2 -1 9 -5 12 -12 13 -7 -6 16 -9 18 19 -4 21 -19 24 -24 25 -23 -27 -26 -25 -30
right_child=1 -3 17 4 5 10 -8 15 -10 -11 11 -13 -14 -15 -16 -17 -18 20 -20 -21 -22 22 23 28 27 26 -28 -29 29 -31
leaf_value=-0.075174202990775457 -0.052827794274259536 0.070728170495265627 -0.058600406213947118 0.052129643629916129 0.070204060104331417 -0.014629322831701255 0.048988876871202958 -0.08148569303647836 -0.023428933684957933 0.21176483978616509 -0.23769455525455022 0.070370180326905507 0.060156064106102934 -0.14795816985743782 -0.073648566139635926 0.00036983380414294507 0.037150446113655526 0.72918535851425703 0.09070850107699116 -0.25141906152586957 9.6747547497544968e-05 -0.010733001714619389 0.099159906595730138 -0.061438837018573708 0.40342006887333282 0.38336914711461739 0.06762468540375513 0.12347559521283229 0.035591007523132191 -0.12229422570482025
leaf_weight=2.4792333228842258 1.545297859857327 4.0908652369907932 7.1143373919669539 1.5106198702501386 0.54125455331041017 17.98695055148438 10.69011529829322 4.2776787415288586 1.3587168828905758 0.71833795743668805 0.6153275549004309 0.3879511056074989 1.866250657243653 0.62022709142183785 8.9045582101878153 335.93576756645689 2.3130806174776808 0.08698727690443675 2.4860603685210663 0.46157884226340673 695.12539348338089 1.8367792507383447 2.05761638048625 2.9825483152981178 0.15774718393595311 0.16697043065255457 0.83417061025920702 1.310584696430851 3.4220761212000075 0.51077912333857955
leaf_count=246483 664 12747 6753 525 95 2920 5914 21898 442 94 36 243 221 23 3239 74637 561 33 497 41 84180 921 702 696 16 95 116 186 414 16
internal_value=-0.000129415 0.0013076 0.000918989 -0.00291199 -0.0226129 -0.031673 0.0361297 -0.000941351 0.055477 0.103576 -0.0168368 -0.118571 -0.0118514 -0.0190735 -0.0654057 -0.000404048 -0.0398494 0.000319427 -0.0305552 -0.0703483 0.000757908 0.0351422 0.0305958 0.00892883 0.0757437 0.0354864 0.120285 0.153551 -0.0179186 0.0150857
internal_weight=1114.4 734.88 730.789 379.516 34.5102 30.9225 12.2354 345.006 3.58767 2.22896 21.4767 1.00328 20.4734 18.6072 9.44581 342.527 6.59076 718.554 10.062 7.57592 708.492 13.3663 13.2793 8.97302 4.30625 2.83792 1.00114 1.46833 6.9154 3.93286
internal_count=465408 113991 101244 351417 7838 6777 6578 343579 1061 619 3443 279 3164 2943 3334 97096 22459 94666 7291 6794 87375 3195 3162 1828 1334 1132 211 202 1126 430
is_linear=0
shrinkage=0.07


Tree=169
num_leaves=31
num_cat=0
split_feature=5 3 2 1 7 2 1 2 3 5 5 8 3 1 1 3 2 5 3 8 3 7 2 10 4 1 3 2 2 3
split_gain=0.910376 4.07649 4.76036 6.84106 6.19688 4.02465 3.96727 4.37412 3.56682 6.29861 5.50401 5.97007 4.4015 5.36389 3.44061 7.65873 3.39111 5.18121 6.19376 4.37787 3.8247 3.53689 3.22572 3.86026 3.13988 3.88193 6.44198 4.95751 5.21774 5.25691
threshold=0.43650794029235845 72.255687713623061 80.874973297119155 73.375530242919936 81.275405883789077 96.178188323974624 73.375530242919936 96.459899902343764 77.836257934570327 0.61250001192092907 0.5634920895099641 0.71825397014617931 78.979854583740249 78.611557006835952 95.538970947265639 93.063350677490249 88.989898681640639 0.34848485887050634 54.201978683471687 0.19139194488525393 62.102443695068366 60.727514266967781 83.935482025146499 1.0000000180025095e-35 1.0000000180025095e-35 80.901721954345717 89.512962341308608 95.713413238525405 89.825496673583999 80.735492706298842
decision_type=2 2 2 2 2 2 2 2 2 2 2 2 2 2 2 2 2 2 2 2 2 2 2 2 2 2 2 2 2 2
left_child=14 5 3 4 -3 -2 7 -7 9 -5 11 12 -10 -14 16 -16 17 -1 22 20 -18 -21 23 -19 -22 27 -27 28 29 -26
right_child=1 2 -4 8 -6 6 -8 -9 10 -11 -12 -13 13 -15 15 -17 19 18 -20 21 24 -23 -24 -25 25 26 -28 -29 -30 -31
leaf_value=-0.0024426782123439946 0.017646948905881699 -0.07911540789163489 0.00032701347043277658 -0.0035740260410130832 0.12506921251069864 -0.095173133147069086 0.12090347817636096 -0.0032428516071301905 -0.049488479940804013 0.10994794107185039 -0.04708909637114108 -0.22776554103325702 -0.11460042218334214 0.11221801055521261 -0.45222485516202876 0.071587216037281742 -0.060961467827362996 -0.073501629047563632 -0.046543787024433687 0.12921878655777441 0.09550615408915071 0.03287975625062723 0.39056222785506528 0.12113647793753553 0.40817924175913095 -0.085472659943412729 0.02916183763033197 0.10888192619800763 -0.019579886302119109 -0.079464459570868062
leaf_weight=286.68548205503117 121.94833751782062 11.92177335895121 537.86073203432989 11.698344833100462 0.77571080045891072 2.6641300249093538 1.201610481208262 52.780663357953927 1.7078262233703778 3.0113441705507276 15.831403416484589 0.41600724679301482 0.58780415142427944 3.9038234131112404 0.26156315987282042 0.28668183072659303 3.9325194950083668 0.77487525760262665 22.941137247128772 2.5162712703458947 2.0988608846207653 7.2400486555125099 0.14713142981599947 1.4039156458443358 0.28919427585015167 4.6056809170877369 5.0204568107719751 3.1599702936441645 5.3456442663627968 0.17319753218907863
leaf_count=337263 15033 4152 64092 1879 59 73 147 4068 231 370 2193 48 123 502 21 121 2848 2337 23285 57 952 2777 23 86 170 339 129 393 1626 11
internal_value=-0.000123392 0.00122344 -0.00159099 -0.0222838 -0.0666414 0.0104851 -0.00493296 -0.00766011 -0.00712549 0.019666 -0.0246823 0.0289393 0.0461652 0.082535 -0.00309872 -0.178319 -0.00282134 -0.00512088 -0.0355084 0.0180428 0.00232054 0.0577267 0.0733364 0.0519145 0.0143467 0.00518564 -0.0256857 0.0383225 -6.66413e-05 0.225523
internal_weight=1113.19 766.31 587.715 49.854 12.6975 178.595 56.6464 55.4448 37.1566 14.7097 22.4469 6.61546 6.19945 4.49163 346.883 0.548245 346.334 311.953 25.2671 34.3818 24.6255 9.75632 2.32592 2.17879 20.693 18.5941 9.62614 8.96801 5.80804 0.462392
internal_count=465408 92970 73649 9557 4211 19321 4288 4141 5346 2249 3097 904 856 625 372438 142 372296 362994 25731 9302 6468 2834 2446 2423 3620 2668 468 2200 1807 181
is_linear=0
shrinkage=0.07


Tree=170
num_leaves=31
num_cat=0
split_feature=9 5 1 2 12 2 6 2 12 6 2 12 5 5 0 5 2 7 5 0 6 0 2 0 0 1 2 1 2 0
split_gain=0.868311 4.17237 5.21945 3.57713 3.21089 4.40808 5.3888 4.56913 4.49927 4.30194 4.11116 3.54705 3.31808 5.38526 3.82272 3.04549 5.94765 4.88533 4.10875 4.50966 3.01115 2.82857 6.28685 5.6727 6.95247 15.4387 3.29718 3.22209 4.79132 3.18088
threshold=1.0000000180025095e-35 0.31666667759418493 68.703357696533217 83.935482025146499 6.5000000000000009 76.253131866455092 92.356376647949233 75.582656860351577 3.5000000000000004 59.711856842041023 75.582656860351577 7.5000000000000009 0.38750000298023229 0.27922078967094427 89.699382781982436 0.19090909510850909 65.142410278320327 54.589801788330085 1.0000000180025095e-35 51.56402778625489 63.069993972778327 74.601570129394545 86.391696929931655 75.582656860351577 75.716625213623061 75.582656860351577 73.606811523437514 67.769271850585952 93.127067565917983 72.834224700927749
decision_type=2 2 2 2 2 2 2 2 2 2 2 2 2 2 2 2 2 2 2 2 2 2 2 2 2 2 2 2 2 2
left_child=1 2 3 -1 5 7 8 9 12 -2 11 -6 13 -7 -14 18 -17 20 19 -11 -18 22 29 -23 25 26 -25 -24 -29 -3
right_child=4 21 -4 -5 10 6 -8 -9 -10 15 -12 -13 14 -15 -16 16 17 -19 -20 -21 -22 23 27 24 -26 -27 -28 28 -30 -31
leaf_value=-0.069361582882915995 -0.051809150582372052 0.0039858798891484705 0.017147678186011539 -0.0063431084573552518 0.048337757230810963 0.026062610834887215 0.070539432755131845 0.12324265100986921 -0.057750957013308998 0.0008275617968760829 0.028152561900999028 -0.0071890555318688308 0.10812932009084084 -0.079571806952608098 -0.044239376262483025 0.081705325264465264 0.3235092759818361 -0.010109867598627115 -0.044513984142360477 0.069442710498978336 0.05574531374861931 -0.083333016441588428 0.29864163119459525 -0.067218706263767608 -0.0010634701068778856 1.464749737257218 0.25303749288522948 -0.08460614585267423 0.25256049559833033 0.060073670537699117
leaf_weight=12.880284142954897 7.0945638406017215 32.089870045512384 8.7925418149728269 6.7144161326508032 6.4358620230796069 4.9250912972543137 2.6281440740785902 1.5245223484807855 16.964247170665203 119.84892691351706 47.853858237565873 45.421751869660511 2.302371601483173 4.5489827959158902 1.2420864839659769 6.9550374058089828 0.34290773184329637 12.036821989298913 9.3844533310038951 4.8848370747582512 0.5146444660203997 4.1085023950649875 0.53911191471934106 0.25263468966204428 743.92617754148182 0.045510478731785042 0.41841138238464737 0.42641495073303304 0.40047812923967285 5.8592198993587763
leaf_count=252963 26736 33195 5967 5091 227 427 2615 249 1480 4659 40852 2703 174 574 185 264 27 423 1107 215 20 3233 81 364 75832 31 255 72 4 5383
internal_value=-0.000118949 -0.00129489 -0.0276609 -0.0477674 0.00313664 -0.00208374 -0.0255718 0.00262739 -0.0339964 0.00148571 0.0133562 -0.000297822 -0.00304222 -0.0246578 0.0547347 0.00394145 0.0295321 0.0013907 0.000154038 0.00351468 0.162816 -0.000345153 0.0179565 -0.00130613 -0.00085355 0.217085 0.132468 0.165496 0.0786893 0.0126457
internal_weight=1111.36 816.454 28.3872 19.5947 294.909 195.198 32.6109 162.587 29.9828 161.062 99.7115 51.8576 13.0185 9.47407 3.54446 153.968 19.8494 12.8944 134.118 124.734 0.857552 788.066 39.3151 748.751 744.643 0.716557 0.671046 1.366 0.826893 37.9491
internal_count=465408 382471 264021 258054 82937 39155 5455 33700 2840 33451 43782 2930 1360 1001 359 6715 734 470 5981 4874 47 118450 38735 79715 76482 650 619 157 76 38578
is_linear=0
shrinkage=0.07


Tree=171
num_leaves=31
num_cat=0
split_feature=12 5 3 3 1 3 12 1 3 3 8 3 12 1 1 5 1 12 1 5 4 3 5 1 3 3 3 9 3 3
split_gain=0.80596 3.1729 6.13469 4.08894 8.45022 7.82394 6.43742 5.07615 5.01926 3.44695 6.42015 3.14437 5.75837 5.19042 6.34531 3.23805 3.52704 3.09985 6.61913 3.1144 7.32584 6.10124 4.77539 3.09797 3.78979 3.07273 3.69893 3.0441 3.90225 5.0441
threshold=11.500000000000002 0.5634920895099641 83.424911499023452 64.565757751464858 59.491636276245124 72.481884002685561 5.5000000000000009 73.375530242919936 88.341892242431655 64.051280975341811 0.2788888961076737 78.142959594726577 6.5000000000000009 91.331184387207045 90.521114349365249 0.78888890147209179 94.570026397705092 10.500000000000002 70.997890472412124 0.41428571939468389 1.0000000180025095e-35 84.273937225341811 0.47222222387790685 94.570026397705092 93.063350677490249 76.028167724609389 76.50690078735353 1.0000000180025095e-35 69.00656890869142 68.208553314208999
decision_type=2 2 2 2 2 2 2 2 2 2 2 2 2 2 2 2 2 2 2 2 2 2 2 2 2 2 2 2 2 2
left_child=1 2 -1 4 -3 27 -6 8 -7 -8 -11 25 13 14 -13 -15 -17 19 -19 21 22 -4 -21 -23 -25 -9 -27 28 29 -5
right_child=-2 3 17 5 6 7 9 11 -10 10 -12 12 -14 15 -16 16 -18 18 -20 20 -22 23 -24 24 -26 26 -28 -29 -30 -31
leaf_value=-0.00089741096349177038 0.0022032498307934709 0.055416618185609702 0.11353021067356595 0.016270600087515078 0.047036961664403097 -0.066807614733344928 -0.064151701228346875 -0.005117454008100421 0.087420954718946009 -0.084955411999075262 -0.52560305512535044 -0.035181635547736907 0.00062860219343173723 0.036349293760037232 -0.14930366671366482 -0.20984592315423214 -0.013900275188458081 0.16254415695942959 -0.049750092149291388 0.23078026847219324 0.069618088135313144 0.0050131471141601162 -0.088541622979668153 -0.20267049798685186 0.071932026276507188 0.10974990814531521 0.017782970600904592 0.078302589024798613 0.042891597067321749 -0.093774675001817215
leaf_weight=393.23401455148735 441.31268344701834 4.0946603817770102 2.5250495799896298 7.2773114083165691 2.6092731644222047 11.637089539894985 16.006875524851242 14.452266192906338 1.1347938125363715 0.54926283170743673 0.22980045981239527 37.178013827147424 82.556885988903559 7.8394489303072996 2.5511318391536397 0.4687151654434264 11.35079816954385 0.83686536703771608 5.1379350976385467 0.25468178641495187 17.32461577794902 13.942553758665325 2.3192260539285598 0.77361212136474822 0.36126672825957939 3.0396042994834698 7.2642725525206515 5.0227536205056813 13.524405741911776 2.8364815758736768
leaf_count=378592 57266 219 257 719 624 2880 1663 1313 60 75 17 4479 7657 472 104 76 1054 46 617 46 1402 1780 501 21 139 282 782 987 1076 202
internal_value=-0.000118342 -0.00165133 0.00186124 -0.00827402 -0.0359589 -0.00514952 -0.0552499 -0.0105731 -0.0531043 -0.0711497 -0.214933 -0.00731454 -0.0113295 -0.0279527 -0.0425098 0.00146606 -0.0216707 0.0268129 -0.0200149 0.0342737 0.0532469 0.0128257 -0.0569455 -0.00403952 -0.115256 0.0157059 0.0449129 0.0288125 0.0182966 -0.0145923
internal_weight=1109.65 668.334 436.71 231.624 23.4899 208.134 19.3952 179.473 12.7719 16.7859 0.779063 166.701 141.945 59.3881 39.7291 19.659 11.8195 43.4758 5.9748 37.501 19.8985 17.6025 2.57391 15.0774 1.13488 24.7561 10.3039 28.661 23.6382 10.1138
internal_count=465408 408142 383401 24741 2598 22143 2379 19159 2940 1755 92 16219 13842 6185 4583 1602 1130 4809 663 4146 1949 2197 547 1940 160 2377 1064 2984 1997 921
is_linear=0
shrinkage=0.07


Tree=172
num_leaves=31
num_cat=0
split_feature=12 5 6 3 0 0 6 0 0 3 12 6 5 0 6 7 3 0 12 1 1 5 3 5 0 1 1 3 3 3
split_gain=0.779462 0.789313 3.77476 3.32954 7.96197 6.64182 5.98323 5.16705 4.79671 4.45452 3.21882 4.73772 4.3635 4.4242 5.15406 3.51575 3.14271 3.65921 3.42469 5.96602 4.77194 3.07094 2.97834 4.53574 2.96425 5.23894 10.5181 3.95875 4.17809 4.12691
threshold=20.500000000000004 0.43650794029235845 98.598102569580092 72.255687713623061 86.319076538085952 83.910789489746108 55.468318939208991 83.424911499023452 82.426471710205092 62.102443695068366 6.5000000000000009 50.099601745605476 0.58571431040763866 93.582702636718764 61.874477386474616 59.163263320922859 68.208553314208999 81.872947692871108 5.5000000000000009 67.028984069824233 62.316371917724616 0.63068181276321422 72.481884002685561 0.73214286565780651 77.015758514404311 58.102025985717781 63.67658996582032 63.453348159790046 64.565757751464858 67.017543792724624
decision_type=2 2 2 2 2 2 2 2 2 2 2 2 2 2 2 2 2 2 2 2 2 2 2 2 2 2 2 2 2 2
left_child=1 -1 3 4 5 6 7 8 16 -7 11 15 -13 -14 -15 -5 17 18 19 20 -3 -17 23 -12 -20 -26 -27 -28 -29 -30
right_child=-2 2 -4 10 -6 9 -8 -9 -10 -11 22 12 13 14 -16 21 -18 -19 24 -21 -22 -23 -24 -25 25 26 27 28 29 -31
leaf_value=-0.0029362706208994741 0.07368036556686193 0.065229239672118175 0.070788338532415063 -0.0054060933819657948 -0.0040261563646125358 -0.039650013738917488 0.044536303243157042 0.14111818496317155 -0.070133347096391227 0.091880061362805882 -0.033205198656243606 0.0052475339248678797 -0.073014101928324346 -0.074691898729847786 0.037639299742816268 0.020708256575936265 -0.034080830687202551 0.16112663435813634 -0.025337522255774198 -0.10356953676694576 0.26469556004922506 0.21503418268361843 0.0012021275638992423 -0.31685443341312797 -0.083485159400232101 0.12134091234349297 -0.070607776704042419 0.15136736931301406 -0.061845702675464194 0.27776131431990236
leaf_weight=344.30376647590242 0.70104465534313831 2.2818982668905221 3.7898411757178101 86.040526620642368 98.810785813444681 1.4444987531908271 24.944620822090656 1.2537659789818452 4.6398145795110173 9.9685221848569636 1.325143294589451 9.598741015452104 15.299374769430871 3.4409647101201681 4.7841963731480064 1.0130798218306143 7.6984907414800992 0.83086773890499799 10.632101791109337 0.75027864661183219 0.79155740797295937 0.6568368684966116 459.66117248032333 0.34898552108006686 1.8683866754922736 4.7597699749344411 3.2328936330759461 1.0760242309042953 1.5622891472053195 0.19749983231713475
leaf_count=372369 2626 488 11007 14007 8367 464 1406 194 594 1124 138 674 818 63 1042 75 1774 175 1321 185 231 5 45161 49 183 263 371 44 146 44
internal_value=-0.00010756 -0.000154288 0.00110157 0.00075357 0.00916841 0.0258977 0.0174331 0.00117173 -0.00317976 0.0752328 -0.00180114 -0.0119715 -0.0345267 -0.0507559 -0.00935403 -0.00345366 0.00552636 0.0164226 0.0119947 0.0734 0.116601 0.0971435 0.000862696 -0.0923341 0.00193003 0.0247633 0.0434409 -0.0176571 0.042708 -0.0237319
internal_weight=1107.71 1107.01 762.703 758.913 176.744 77.9333 66.5203 41.5756 40.3219 11.413 582.169 120.834 33.1233 23.5245 8.22516 87.7104 35.6821 27.9836 27.1527 3.82373 3.07346 1.66992 461.335 1.67413 23.329 12.6969 10.8285 6.06871 2.83581 1.75979
internal_count=465408 462782 90413 79406 17374 9007 7419 6013 5819 1588 62032 16684 2597 1923 1105 14087 5225 3451 3276 904 719 80 45348 187 2372 1051 868 605 234 190
is_linear=0
shrinkage=0.07


Tree=173
num_leaves=31
num_cat=0
split_feature=8 8 12 9 1 1 6 12 6 3 12 8 12 9 3 6 6 8 3 3 3 4 6 3 11 6 1 3 1 8
split_gain=0.807188 3.35846 3.49829 3.22425 3.03906 4.49716 3.48948 3.28727 3.15014 3.29506 4.84376 3.40607 2.62174 4.10629 3.47962 3.01736 2.77099 2.55436 2.45235 2.30523 2.30185 2.27404 2.16058 3.94279 3.64855 2.99094 2.13826 2.38034 2.12977 2.23723
threshold=0.18019481003284457 0.11834733933210374 1.5000000000000002 1.5000000000000002 95.538970947265639 95.040985107421889 73.20508193969728 10.500000000000002 54.447351455688484 98.07621002197267 11.500000000000002 0.27525253593921667 6.5000000000000009 1.0000000180025095e-35 67.017543792724624 56.572301864624031 73.20508193969728 0.12973351776599887 79.823009490966811 93.419914245605483 99.541282653808608 1.0000000180025095e-35 56.021978378295906 64.565757751464858 1.0000000180025095e-35 55.468318939208991 55.612831115722663 55.612831115722663 95.293468475341811 0.14495798945426944
decision_type=2 2 2 2 2 2 2 2 2 2 2 2 2 2 2 2 2 2 2 2 2 2 2 2 2 2 2 2 2 2
left_child=1 2 18 12 5 19 7 -6 -9 11 -11 -10 14 28 15 -3 -17 -15 -1 22 -16 -20 23 24 -2 -26 -19 -28 29 -14
right_child=4 3 -4 -5 6 -7 -8 8 9 10 -12 -13 13 17 20 16 -18 26 21 -21 -22 -23 -24 -25 25 -27 27 -29 -30 -31
leaf_value=-0.079321750488858561 -0.065059075838143854 -0.06844175897810692 0.00035345389780798377 0.07792406671459258 0.081402108264837555 -0.13407811398017572 0.070436857764147889 0.099918560700254094 0.099804347758455314 -0.25638403553006767 -0.043130230861879879 -0.09149864640384342 0.0099230707039010373 -0.081541119382740904 -0.062276805203713079 0.038684696834527736 -0.050696216249581649 -0.079178729565303044 -0.031061198536930019 0.053724488570474967 -0.226739135460722 0.11790198974311963 0.00025451351927859185 0.066635532030688088 -0.07036971737363247 0.44211654136400219 0.21910509715253154 0.050153414585870006 -0.061787600445961099 -0.050611423765123571
leaf_weight=4.6198506397367956 2.2626041839466766 3.3836876953468087 642.14904063010488 1.6265743604676561 2.0087810486729705 1.200810657630426 6.7839426188911593 0.90758812823332835 1.280270834235125 0.63306697009829838 2.972010226425482 0.70837053880677547 9.0938183149060077 0.80753434566668048 10.159228276135305 5.4054771363723697 2.4790274549231981 0.57298092517157773 2.1600197483164725 4.113007004320024 0.43485312117263752 0.65425014781158086 377.40329060363183 6.0095947340541898 0.095867888449902128 0.13351340320514282 0.43990609419415694 5.7436281835107366 5.4557033223099998 4.4581991629329414
leaf_count=114998 3184 11290 260823 1074 180 530 20737 34 153 35 540 129 506 36 1441 2460 211 51 2247 2914 9 14 40329 295 464 33 8 248 88 347
internal_value=-0.000104252 -0.00154562 -0.000199266 -0.0190159 0.00237647 0.00117978 0.0329876 0.00313438 -0.0210489 -0.040676 -0.0805785 0.0316606 -0.0222714 -0.0074989 -0.0402262 -0.0131479 0.0105818 0.0361226 -0.0479425 0.00159622 -0.0690275 0.00356916 0.00104064 0.0359382 -0.0380904 0.227927 0.0501857 0.0621729 -0.0248579 -0.00999093
internal_weight=1106.16 699.644 649.583 50.0606 406.513 391.219 15.294 8.51009 6.50131 5.59372 3.60508 1.98864 48.434 26.5718 21.8623 11.2682 7.8845 7.56405 7.43412 390.018 10.5941 2.81427 385.905 8.50158 2.49199 0.229381 6.75652 6.18353 19.0077 13.552
internal_count=465408 395851 378082 17769 69557 47749 21808 1071 891 857 575 282 16695 1284 15411 13961 2671 343 117259 47219 1450 2261 44305 3976 3681 497 307 256 941 853
is_linear=0
shrinkage=0.07


Tree=174
num_leaves=31
num_cat=0
split_feature=3 2 5 1 5 1 2 3 2 7 6 1 8 8 12 2 3 1 8 3 8 1 3 1 3 8 9 3 5 5
split_gain=0.728019 2.99722 4.80966 6.0823 4.35241 6.40325 4.04206 6.21046 6.12928 7.34552 5.13207 3.98511 3.96126 4.45941 8.36023 3.93635 3.68259 3.50579 5.42424 10.3482 3.36675 3.12736 2.97938 4.09596 2.96198 2.88715 2.74952 3.5562 2.97523 6.10991
threshold=25.176055908203129 46.709957122802741 1.0000000180025095e-35 40.778533935546882 0.31666667759418493 69.360546112060561 65.599384307861342 39.173061370849616 59.611795425415046 99.81412506103517 90.967365264892592 35.767591476440437 0.28869047760963445 0.44722221791744238 3.5000000000000004 39.250699996948249 38.165266036987312 25.677655220031742 0.33974359929561621 28.097587585449222 0.24568965286016467 47.673160552978523 50.252525329589851 51.808279037475593 52.97661209106446 0.22401433438062671 1.0000000180025095e-35 28.097587585449222 0.19090909510850909 0.27922078967094427
decision_type=2 2 2 2 2 2 2 2 2 2 2 2 2 2 2 2 2 2 2 2 2 2 2 2 2 2 2 2 2 2
left_child=-1 11 3 6 5 26 7 8 10 -10 16 12 -2 14 -14 -15 -3 -16 -19 -20 25 -6 -23 -24 -9 -5 27 -4 -28 -30
right_child=1 2 4 20 21 -7 -8 24 9 -11 -12 -13 13 15 17 -17 -18 18 19 -21 -22 22 23 -25 -26 -27 28 -29 29 -31
leaf_value=0.0069200994013356798 -0.071613004072907757 -0.08826521455272747 0.21444786935798499 0.0073500324769037451 0.031830822196893704 0.027707122724192148 0.052099197387325762 -0.081127474511851844 -0.10020517563890084 -0.87172597083537973 0.079558509954587284 -0.057781997088615922 -0.034399675537314267 -0.034110304838936539 0.025237428067169835 0.015803754598921003 0.20057121385167659 0.32289393861954141 0.27456225208776192 -0.0266834698185262 0.061454157522055609 0.04043835987041719 -0.055017082886611807 -5.0762416890616673e-05 0.07731765772673084 -0.20749247634905205 -0.038073265248012647 -0.059081242988391965 0.035386455581622497 -0.086245887667283805
leaf_weight=68.011207207282496 4.3061097959459849 1.7905555723034488 0.23640567382355016 3.1838100128700293 15.32892501818071 11.079223274574998 4.6424570359395139 6.8094256072781718 0.33364353380306955 0.073852300643920898 4.7239025263115764 9.5007524157660992 3.6606925308733462 18.234800782054666 1.6526903415797276 13.45387696137186 0.24601246664724374 0.69947391835739869 0.96532863285392556 1.3266351384809238 18.123515714964014 8.8095972583954545 6.6948468161975816 856.27717762231691 0.63176103518844673 0.33914432233723335 16.122438379637519 15.719416319170437 9.089346381530957 2.6032136488770439
leaf_count=4709 11542 2844 292 16605 7292 5780 1333 7146 466 1 45 10634 483 137 19 113 675 39 13 47 2468 3864 4476 150144 330 66 7007 224194 1810 834
internal_value=-9.5758e-05 -0.000556041 0.000324575 0.0238249 -0.000695765 -0.0198316 -0.00479974 -0.0228809 0.0236209 -0.240031 0.0395129 -0.0166437 -0.00782092 -0.000952414 0.0447069 -0.0129186 -0.0533745 0.107062 0.152268 0.100195 0.0492827 0.000487403 -6.37224e-05 -0.000477185 -0.0676754 -0.0133322 -0.0318645 -0.0550286 -0.0185767 0.00830642
internal_weight=1104.67 1036.66 982.859 40.8981 941.961 54.85 19.2516 14.6092 7.16797 0.407496 6.76047 53.8004 44.2996 39.9935 8.30482 31.6887 2.03657 4.64413 2.99144 2.29196 21.6465 887.111 871.782 862.972 7.44119 3.52295 43.7708 15.9558 27.815 11.6926
internal_count=465408 460699 437672 31979 405693 239917 12840 11507 4031 467 3564 23027 12393 851 601 250 3519 118 99 60 19139 165776 158484 154620 7476 16671 234137 224486 9651 2644
is_linear=0
shrinkage=0.07


Tree=175
num_leaves=31
num_cat=0
split_feature=9 3 1 6 7 7 8 2 8 3 2 1 3 3 3 0 2 1 0 3 0 0 7 2 8 0 2 2 3 3
split_gain=0.725347 3.12029 3.31088 2.47314 1.33964 1.37615 1.71941 1.68079 1.58507 0.942928 1.81609 0.822922 4.20323 4.06054 4.10394 4.28858 5.07168 9.74316 6.50856 4.80559 7.28468 4.59694 4.07133 3.94422 3.91155 3.87438 9.83724 8.85183 9.53685 12.8277
threshold=2.5000000000000004 67.017543792724624 30.860805511474613 90.967365264892592 94.55533599853517 64.722881317138686 0.48999999463558203 52.114353179931648 0.60434782505035411 48.52813911437989 74.833332061767592 69.860393524169936 88.341892242431655 77.836257934570327 78.456192016601577 81.302967071533217 85.540069580078139 82.793453216552749 90.521114349365249 85.349594116210952 83.75235748291017 85.145786285400405 98.421009063720717 83.047893524169936 0.41885964572429663 94.804317474365249 98.213714599609389 93.419914245605483 81.53021621704103 90.521114349365249
decision_type=2 2 2 2 2 2 2 2 2 2 2 2 2 2 2 2 2 2 2 2 2 2 2 2 2 2 2 2 2 2
left_child=11 2 3 -2 5 -4 -7 -8 -9 -6 -11 12 -1 24 -15 -16 17 -17 19 20 -19 22 -18 -22 -13 26 27 -23 -29 -30
right_child=1 -3 4 -5 9 6 7 8 -10 10 -12 13 -14 14 15 16 21 18 -20 -21 23 25 -24 -25 -26 -27 -28 28 29 -31
leaf_value=-0.0035575524143591866 -0.053281217513783001 0.080597295645207415 -0.078973287518959295 0.08151848252772613 -0.11237772060058575 0.08209144074607376 -0.10748321510330242 -0.056807110362736654 0.07339754547990103 0.073266804994881543 -0.15230605070114689 0.0069211901758548539 0.081803974409185812 -0.04331352266434127 0.041177713431286143 -0.058187721235971532 0.06038826449379301 0.078047597957386555 -0.042334484213589145 0.050691740930716711 0.0037915381701030242 0.0016630983861479329 -0.25528642747329705 -0.081682823694264009 0.04497709059851402 0.0037931447106432639 0.084690127157790701 0.061003187833455277 -0.094983567731345378 -0.018508313857245516
leaf_weight=378.05192143654801 0.86185790872514045 2.8844627781691079 1.1001364633875708 2.9483719314157497 1.3359157641098138 1.133649371986394 0.77663181722164187 0.82853265249286767 1.0247789834065768 0.45315328361903073 0.28480485288309865 181.11242897246473 2.847828663627296 11.603532589351287 11.431906423867757 22.105040949338672 7.9759055843765037 3.5506439641048955 12.22472131573886 12.630097502541501 5.4345415240727544 66.574916752011177 0.20534905405656889 5.1543334637208318 14.277609768467299 297.82442191735936 5.0467355521341224 4.4267491558671273 16.967115238017868 29.318305450842672
leaf_count=363336 41 2546 76 59 27 34 6 22 165 63 74 28067 336 1528 1984 3733 1234 223 1069 729 669 6879 62 261 6435 40754 341 277 1659 2719
internal_value=-9.49268e-05 0.0159517 -0.00139761 0.0510274 -0.0301901 -0.0101041 0.0100271 -0.0210366 0.0151889 -0.0772967 -0.01379 -0.000295845 -0.00291934 0.00111585 -0.00215778 -0.00120434 -0.00219427 -0.0210612 -1.49162e-05 0.0193109 -0.00871996 0.000496954 0.0524648 -0.0378147 0.00970202 -0.000514957 -0.0110031 -0.0151207 -0.0371545 -0.0465423
internal_weight=1102.4 13.6323 10.7478 3.81023 6.9376 4.86373 3.76359 2.62994 1.85331 2.07387 0.737958 1088.76 380.9 707.864 512.474 500.871 489.439 61.0994 38.9943 26.7696 14.1395 428.339 8.18125 10.5889 195.39 420.158 122.334 117.287 50.7122 46.2854
internal_count=465408 3113 567 100 467 303 227 193 187 164 137 462295 363672 98623 64121 62593 60609 6684 2951 1882 1153 53925 1296 930 34502 52629 11875 11534 4655 4378
is_linear=0
shrinkage=0.07


Tree=176
num_leaves=31
num_cat=0
split_feature=10 2 2 1 0 2 8 6 6 7 2 1 1 8 0 1 1 0 1 12 0 8 0 0 0 0 1 2 2 2
split_gain=0.739072 2.66128 2.43095 3.10558 2.66332 3.62546 2.16292 4.44695 3.50288 3.9507 2.13489 2.56435 6.51478 2.22929 2.235 1.737 7.60683 1.80416 3.31828 3.52111 2.58933 2.51759 2.21738 2.95268 2.32413 1.99458 1.91638 1.90825 1.89283 2.54466
threshold=1.0000000180025095e-35 90.366767883300795 65.419578552246108 35.043859481811531 70.064933776855483 64.89996719360353 0.12060606107115747 54.953443527221687 56.572301864624031 53.869184494018562 64.565757751464858 63.67658996582032 63.453348159790046 0.24568965286016467 70.299972534179702 41.324575424194343 41.486423492431648 69.282051086425795 68.020618438720717 10.500000000000002 70.064933776855483 0.38675214350223547 69.00656890869142 64.565757751464858 64.326763153076186 71.010189056396499 57.294832229614265 69.00656890869142 76.253131866455092 76.123405456542983
decision_type=2 2 2 2 2 2 2 2 2 2 2 2 2 2 2 2 2 2 2 2 2 2 2 2 2 2 2 2 2 2
left_child=2 -2 3 -1 -5 10 7 -3 -9 -10 11 12 -6 14 -13 -4 -17 18 22 -20 21 -19 23 24 -18 28 -25 -26 29 -22
right_child=1 6 15 4 5 -7 -8 8 9 -11 -12 13 -14 -15 -16 16 17 20 19 -21 25 -23 -24 26 27 -27 -28 -29 -30 -31
leaf_value=0.093378273971496895 0.00086809574961298132 0.024091585383587449 -0.042599680694132239 -0.057113604702269942 0.015359056562090296 -0.090659662973426799 0.033870452373594491 -0.32530774869108947 -0.21410199415654002 0.0812039394244021 0.068817696264534087 0.14331833322370882 0.55966199944578465 0.040390224281047021 -0.057470610143561369 0.23982378419672859 0.019311555451505764 -0.065408238575436886 0.082993965133656714 0.45926479267058962 0.07241892899255381 0.10926889315853636 0.12892125016076855 0.014111861232652215 0.37502579502060829 -0.00076306833866093859 -0.072359602581118621 0.08854144268671181 -0.02359685190336494 0.36631856627311166
leaf_weight=1.1251671510384422 263.64603351844175 3.1115864744724631 4.7544993727938154 8.8614800275125862 6.5585935789309699 2.457709594708148 21.053372312599095 0.33742812275886513 0.42655554879456758 0.46287169249262661 1.9677906740421338 0.28259430849243283 0.10954910928148809 1.6511503738438476 7.0079270005971104 0.64665685564909736 9.0526741311100487 4.69932069652259 1.7945609566270366 0.13074211326534158 1.8596856584679242 0.4423626186326145 0.74583222971523433 2.1142694404115909 0.15294421197995767 749.76448125804086 3.0930375294637997 0.44659307563165385 0.97423625807959968 0.15650184917149079
leaf_count=14503 47684 188 14695 157255 5679 1169 34989 2 4 70 687 114 85 54 3461 403 47883 5085 1493 57 2563 8 1200 9192 377 102467 11358 820 1775 88
internal_value=-8.66071e-05 0.0029526 -0.00116997 -0.0207167 -0.0251592 -0.0110261 0.0245962 -0.0204092 -0.133274 -0.0604202 0.000108351 -0.00855323 0.0243013 -0.0330541 -0.0496877 -0.000418422 -0.000160005 -0.000360136 0.0218408 0.108545 -0.000873658 -0.05038 0.0111436 0.0052321 0.0281512 -0.000535506 -0.0372505 0.161625 0.0565194 0.0952322
internal_weight=1099.89 289.038 810.85 30.022 28.8968 20.0353 25.3918 4.33844 1.22686 0.889427 17.5776 15.6098 6.66814 8.94167 7.29052 780.828 776.074 775.427 17.5307 1.9253 757.897 5.14168 15.6054 14.8595 9.65221 752.755 5.20731 0.599537 2.99042 2.01619
internal_count=465408 82937 382471 183007 168504 11249 35253 264 76 74 10080 9393 5764 3629 3575 199464 184769 184366 72380 1550 111986 5093 70830 69630 49080 106893 20550 1197 4426 2651
is_linear=0
shrinkage=0.07


Tree=177
num_leaves=31
num_cat=0
split_feature=12 0 3 0 6 2 3 3 2 7 6 2 2 12 12 7 6 6 2 7 7 7 0 3 2 0 2 3 6 6
split_gain=0.679971 0.666491 0.892536 2.97745 2.89638 2.61975 6.25744 5.25113 3.74681 3.78745 6.80563 3.28167 2.53606 3.46186 5.7431 2.446 3.2602 5.40329 3.93927 2.45116 6.63423 2.54918 2.44138 5.55661 6.43615 5.71468 5.09914 4.59071 3.97801 5.55573
threshold=20.500000000000004 1.0000000180025095e-35 19.560019493103031 22.401432991027836 82.78556060791017 35.388994216918952 32.690166473388679 26.766168594360355 37.617923736572273 64.722881317138686 88.273490905761733 33.615818023681648 41.223155975341804 5.5000000000000009 3.5000000000000004 93.764953613281264 83.75235748291017 90.34647369384767 31.698564529418949 80.076335906982436 73.357315063476577 59.66327095031739 26.006441116333011 32.690166473388679 43.951219558715827 29.818989753723148 44.590642929077156 38.165266036987312 85.349594116210952 98.598102569580092
decision_type=2 2 2 2 2 2 2 2 2 2 2 2 2 2 2 2 2 2 2 2 2 2 2 2 2 2 2 2 2 2
left_child=1 -1 3 12 -5 6 11 -7 9 10 -9 -4 15 14 -14 16 18 -18 19 20 21 -3 27 28 -25 26 -26 -10 -24 -30
right_child=-2 2 5 4 -6 7 -8 8 22 -11 -12 -13 13 -15 -16 -17 17 -19 -20 -21 -22 -23 23 24 25 -27 -28 -29 29 -31
leaf_value=-0.063627582005273367 0.07321044718192371 0.11629477704083437 -0.017409643746202196 -0.024693112634580395 0.096174769835930485 0.032614783308453743 0.18607619842678935 -0.07041028989982541 -0.075524826514969612 -0.057115363534572271 0.35295027633447112 -0.092113527262804445 -0.071981573689136089 -0.14861857905232764 0.14830576962360908 0.074094185033640847 -0.076767197674500659 0.022151809880276204 -0.076008591485860977 -0.0093606184889596343 0.23943701501517312 -0.073489404158628674 -0.022178591272415449 -0.057372214001688168 0.39257258900692499 -0.00020195704250362888 0.072755958874716378 0.09199517947241706 0.093753390261982525 -0.015180451770661877
leaf_weight=0.80931903681175654 0.6198340190530861 0.65706272698208656 26.409897941708785 1.349047576544989 3.4709691314783413 23.914682393266162 0.70074365926006876 0.44879759236482542 4.6032845373013052 8.8150190084998012 0.31780845334287733 3.2342797666301513 1.9386412736937471 1.1960244550136847 0.8274253420286185 2.7057721065357319 4.5711200609803182 6.6307457722723484 0.93233209457139299 0.97340700030326832 1.2264348994940517 0.73443345722625963 3.5356083010412922 9.667738877266741 0.29371936207075933 974.68887252366778 1.4513348295741932 0.97057981846864994 8.0993511015549284 3.2006706734828176
leaf_count=25 2626 368 2717 418 38 2484 100 1694 869 205 5 1138 116 40 29 66 29 59 230 6 10 59 5907 6824 65 437880 1052 170 91 88
internal_value=-8.59982e-05 -0.000127361 -8.05372e-05 0.0124384 0.0623457 -0.000398828 -0.0206729 0.00019272 -0.000570364 -0.0441368 0.1051 -0.0255601 0.00169621 -0.0491119 -0.00608608 0.0126182 0.00204049 -0.0182138 0.0521959 0.0854785 0.120742 0.0161264 -0.000155627 0.000101638 -0.000538084 2.46347e-05 0.126586 -0.0463545 0.042623 0.0628985
internal_weight=1098.99 1098.38 1097.57 27.2134 4.82002 1070.35 30.3449 1040.01 1016.09 9.58163 0.766606 29.6442 22.3934 3.96209 2.76607 18.4313 15.7255 11.2019 4.52367 3.59134 2.61793 1.3915 1006.51 1000.94 986.102 976.434 1.74505 5.57386 14.8356 11.3
internal_count=465408 462782 462757 1468 456 461289 3955 457334 454850 1904 1699 3855 1012 185 145 827 761 88 673 443 437 427 452946 451907 445821 438997 1117 1039 6086 179
is_linear=0
shrinkage=0.07


Tree=178
num_leaves=31
num_cat=0
split_feature=4 5 1 1 7 6 5 5 5 3 1 0 8 0 1 1 0 0 7 8 3 7 7 8 8 0 5 0 3 0
split_gain=0.676013 3.8752 6.96297 5.40214 3.26649 3.10474 2.70796 5.15138 7.46971 6.90502 4.44709 3.59937 7.72776 17.6449 3.58776 3.33926 6.74094 4.70652 3.13035 3.12238 5.1024 3.44695 3.14891 2.90024 2.72764 2.65531 2.64534 5.8198 3.84383 5.02707
threshold=1.0000000180025095e-35 1.0000000180025095e-35 51.316701889038093 88.047618865966811 60.204614639282234 98.598102569580092 0.38750000298023229 0.26136364042758947 0.19090909510850909 64.326763153076186 64.565757751464858 67.017543792724624 0.98214286565780651 75.716625213623061 64.326763153076186 84.660633087158217 85.523811340332045 75.582656860351577 68.013607025146499 0.1863425895571709 68.783603668212905 70.627449035644545 61.298427581787116 0.48999999463558203 0.65833333134651195 72.613636016845717 0.31666667759418493 74.322341918945327 71.834934234619155 72.834224700927749
decision_type=2 2 2 2 2 2 2 2 2 2 2 2 2 2 2 2 2 2 2 2 2 2 2 2 2 2 2 2 2 2
left_child=1 2 -1 6 -4 26 7 8 9 -3 -8 14 15 -14 24 17 -17 -13 -19 20 -10 22 -21 -11 -9 -24 -2 28 29 -28
right_child=5 3 4 -5 -6 -7 10 11 19 23 -12 12 13 -15 -16 16 -18 18 -20 21 -22 -23 25 -25 -26 -27 27 -29 -30 -31
leaf_value=-0.00026901347932017136 -0.020668622731324141 -0.0812662960372946 -0.083582206456039171 0.017609126931272756 0.072166544536809318 0.05833592246139261 0.054559806792576354 -0.090728151961606301 -0.094048808366485798 -0.030222702170297443 -0.018472513970307875 -0.10021506408127635 -1.9731545518733586 0.0700842107511222 0.11431468607145678 -0.83934043371753941 -0.13262383858837548 -0.059597404020680991 0.047962759151597735 -0.073847520122768601 0.10473346744054524 0.031700864617915846 0.25127701752972953 0.076235092342905431 0.087191031930674928 0.050808281417717205 0.022346413556148515 -0.00021760627606728599 -0.040891401417427538 0.097381757668350638
leaf_weight=149.3619703853403 27.813432971242378 9.0694230454750677 0.71180107546581339 20.461367489730947 9.0358485679425922 4.5821249061646077 4.7240795328418406 1.6606833265237844 1.8030259032883651 2.6039190307856197 30.221689297216635 8.7005312689291205 0.034224831033498826 0.05244464074348798 0.99637385391133637 0.081384430122853568 0.35293055377087512 3.417484919314723 2.1662177216348937 0.26624375738174411 0.9748083063989269 4.3297746778116561 1.0173653907841069 2.4186517162743257 0.56616186164319504 0.47487457486568008 40.023005799666635 761.34060695046651 4.0206282272526996 4.9119516100006413
leaf_count=47847 152643 55958 3694 4430 1785 10823 4979 5390 27678 2911 12803 6530 2 113 443 23 85 4899 103 170 1589 224 52 396 6 22 24425 89636 3220 2529
internal_value=-8.40353e-05 -0.00323811 0.00347189 -0.0143138 0.0607933 0.000872277 -0.022916 -0.0351223 -0.013131 -0.044802 -0.00859977 -0.0631268 -0.0777207 -0.736769 0.00390717 -0.0738399 -0.265052 -0.068026 -0.017869 0.0372077 -0.0242914 0.0652673 0.147915 0.0210427 -0.0454933 0.187482 0.000558111 0.00128672 0.0246815 0.0305487
internal_weight=1098.2 255.503 159.11 96.3937 9.74765 842.692 75.9323 40.9865 22.9581 14.092 34.9458 18.0284 14.8052 0.0866695 3.22322 14.7185 0.434315 14.2842 5.5837 8.86609 2.77783 6.08826 1.75848 5.02257 2.22685 1.49224 838.11 810.296 48.9556 44.935
internal_count=465408 182132 53326 128806 5479 283276 124376 106594 89000 59265 17782 17594 11755 115 5839 11640 108 11532 5002 29735 29267 468 244 3307 5396 74 272453 119810 30174 26954
is_linear=0
shrinkage=0.07


Tree=179
num_leaves=31
num_cat=0
split_feature=9 5 5 0 8 4 5 5 6 12 0 12 8 8 6 6 6 7 0 6 6 8 12 6 0 6 8 6 9 7
split_gain=0.691958 3.0175 2.56546 3.19897 2.38038 2.31489 3.17788 5.31664 4.34987 6.84275 2.86682 3.28104 3.51614 5.98239 3.54717 3.80072 5.34679 3.42594 2.8921 3.27448 2.80727 2.69932 2.62867 2.55048 2.33721 2.23789 2.18577 2.01879 2.00705 1.93235
threshold=1.0000000180025095e-35 0.31666667759418493 0.14835165441036227 70.064933776855483 0.092329546809196486 1.0000000180025095e-35 0.36931818723678594 0.43650794029235845 90.34647369384767 6.5000000000000009 83.910789489746108 6.5000000000000009 0.71825397014617931 0.81534090638160717 68.996032714843764 54.953443527221687 55.468318939208991 58.674652099609382 85.523811340332045 96.057815551757827 93.367176055908217 0.11269841343164445 12.500000000000002 96.315685272216811 63.944444656372077 56.572301864624031 0.24568965286016467 88.953113555908217 1.5000000000000002 77.204086303710952
decision_type=2 2 2 2 2 2 2 2 2 2 2 2 2 2 2 2 2 2 2 2 2 2 2 2 2 2 2 2 2 2
left_child=1 2 26 -4 -5 -2 22 8 29 -10 21 28 14 18 15 -13 -17 -18 19 -14 -11 -9 27 -20 -24 -23 -1 -7 -12 -8
right_child=5 -3 3 4 -6 6 7 10 9 20 11 12 13 -15 -16 16 17 -19 23 -21 -22 25 24 -25 -26 -27 -28 -29 -30 -31
leaf_value=-0.025373724507160429 -0.001085426821040524 -0.00033797940418532206 -0.07490279155913071 0.0070134330449276548 -0.057616060748200137 0.031119606389716517 -0.052453245907560259 0.13682392147819011 -0.83039026552570183 -0.21554487273376649 -0.058086513405621494 0.037134935101430705 -0.41357769699598507 0.071301365399165026 0.049025774128704472 -0.22345160154730312 -0.058949634603938567 0.035864003224823804 0.070167111191766537 -0.085143587035981197 0.070236583205042016 -0.025491452466629313 -0.083807065921460006 -0.1041141165942122 0.041759415855413456 0.044806160798829646 0.053757458788371376 0.084447204454492678 0.074563433375479479 0.091370747014241596
leaf_weight=3.5939677266610373 204.87309327672256 784.0007765185992 7.104221301308832 7.8995235738419201 4.3192254423510761 18.86374898060695 3.4491557324440687 1.2282736853194354 0.07728799307369616 0.67226927090086974 5.8098882291887994 6.4729514455157249 0.28118184788036105 1.436556506079796 11.343819115592849 0.67388246848713418 4.2941869623464299 3.3043046046004747 0.51682147301107795 0.31580565264448524 0.2247296103341796 2.9193603995117874 1.6689683701843017 2.0180378612476488 1.2860551940029834 9.2493494408263341 3.2636727095105016 4.2648480556417772 0.61839675926239568 0.52778226880036516
leaf_count=97139 39836 118450 141437 23363 1726 3229 504 204 10 39 779 199 22 8189 21855 15 115 767 1548 28 280 56 47 1719 373 1590 356 1230 183 120
internal_value=-7.318e-05 -0.00111864 -0.0244962 -0.0375501 -0.0158326 0.00288436 0.0128614 0.00338075 -0.0658412 -0.198401 0.0101699 0.000143915 0.00967799 -0.0469734 0.0195981 -0.00304114 -0.034478 -0.0177187 -0.101225 -0.239836 -0.143947 0.0379239 0.03301 -0.0685807 -0.0291593 0.0279413 0.0122862 0.0409531 -0.0453257 -0.0333663
internal_weight=1096.57 810.181 26.1806 19.323 12.2187 286.391 81.5177 55.434 4.95122 0.974287 50.4828 37.0858 30.6575 4.5684 26.0891 14.7453 8.27237 7.59849 3.13185 0.596988 0.896999 13.397 26.0836 2.53486 2.95502 12.1687 6.85764 23.1286 6.42828 3.97694
internal_count=465408 382471 264021 166526 25089 82937 43101 38222 953 329 37269 35419 34457 11506 22951 1096 897 882 3317 50 319 1850 4879 3267 420 1646 97495 4459 962 624
is_linear=0
shrinkage=0.07


Tree=180
num_leaves=31
num_cat=0
split_feature=9 3 3 8 2 2 1 3 3 0 0 0 3 3 3 0 2 3 8 0 8 0 8 2 8 3 3 9 1 1
split_gain=0.644965 2.71985 2.92905 1.76599 1.19629 2.52103 0.728703 3.77866 3.5072 3.62122 6.88665 4.6806 11.2484 6.80232 8.12707 6.62541 5.7942 11.9237 9.70397 4.84408 4.57819 4.3284 4.75082 4.46437 4.27546 4.18328 3.92606 5.05727 3.90144 7.2776
threshold=2.5000000000000004 67.017543792724624 30.341388702392582 0.85092595219612133 55.625879287719734 63.702239990234382 69.860393524169936 88.341892242431655 77.836257934570327 89.699382781982436 89.512962341308608 84.273937225341811 64.747306823730483 77.459678649902358 69.282051086425795 77.459678649902358 81.53021621704103 68.783603668212905 0.039230769500136382 89.417694091796889 0.037749288603663451 80.259738922119155 1.0000000180025095e-35 77.849929809570327 0.38675214350223547 77.459678649902358 71.20965957641603 1.5000000000000002 72.377109527587905 73.20508193969728
decision_type=2 2 2 2 2 2 2 2 2 2 2 2 2 2 2 2 2 2 2 2 2 2 2 2 2 2 2 2 2 2
left_child=6 2 -2 4 -4 -6 7 -1 9 10 11 13 24 14 16 -16 -8 -18 -19 25 -12 22 23 -15 -13 -14 28 -28 -17 -30
right_child=1 -3 3 -5 5 -7 8 -9 -10 -11 20 12 19 21 15 26 17 18 -20 -21 -22 -23 -24 -25 -26 -27 27 -29 29 -31
leaf_value=-0.0033283232037721691 0.051380077574448374 0.079581789689890589 -0.079119077155798315 0.073743586137705278 0.088637985688024182 -0.047454327477574235 0.023585373399076001 0.079485447073320156 -0.0019641630334189648 -0.00090370809806892085 0.34148408863136198 -0.079288626799320791 0.058664146806013846 0.82107229494002465 0.0095925867704453396 -0.037453981746904633 0.086875524966338394 1.0537290586400176 0.057141447344178746 -0.09267658496158053 0.083807845958448743 -0.064442719462689424 0.081045662596022625 0.25800392877752748 0.075457347735042479 -0.047424754011501535 -0.065453279200528028 -0.53132052929917295 0.43174503949655985 0.024363083337938497
leaf_weight=374.41289637919158 3.4993610452484045 2.5928626923396214 2.3477333762857597 0.75131697576216527 0.87418454608337048 2.8137736690368911 18.496133832662313 2.7193914892795865 510.66340861632534 92.823517965769952 0.48719659748485256 5.2066044985365343 33.453944088244725 0.078207804661359903 16.792640322869829 2.9747719361159879 1.1674106859981908 0.12411044912641944 0.077941593139257748 1.1568200334638721 1.1022750913616617 0.45280422788232488 0.96489958669690168 0.58588282517735024 1.0515559054038019 1.9261237212817821 13.876196638460666 0.11512663078610863 0.26926741607530846 1.0636654483473647
leaf_count=363336 79 2546 66 182 47 193 4987 336 64121 10101 66 1010 4549 74 7336 632 299 59 33 188 56 136 131 114 127 185 4015 21 56 327
internal_value=-6.2284e-05 0.01551 -0.000640462 -0.0274621 -0.0400601 -0.0151953 -0.000247636 -0.00273118 0.00108108 0.00908682 0.0182302 0.0159287 0.0334271 0.00280002 -0.00190484 -0.0221584 0.0338721 0.172806 0.669295 0.0482797 0.162789 0.127004 0.180219 0.324315 -0.0532867 0.0528886 -0.0512956 -0.0692866 0.00713883 0.106659
internal_weight=1094.92 12.8792 10.2864 6.78701 6.03569 3.68796 1082.04 377.132 704.911 194.247 101.424 99.8341 42.795 57.0391 54.9573 35.0917 19.8656 1.36946 0.202052 36.5369 1.58947 2.08179 1.62899 0.664091 6.25816 35.3801 18.299 13.9913 4.3077 1.33293
internal_count=465408 3113 567 488 306 240 462295 363672 98623 34502 24401 24279 6059 18220 17765 12387 5378 391 92 4922 122 455 319 188 1137 4734 5051 4036 1015 383
is_linear=0
shrinkage=0.07


Tree=181
num_leaves=31
num_cat=0
split_feature=11 7 8 8 0 2 3 8 8 8 0 3 8 3 8 2 3 2 7 2 2 8 3 3 12 12 2 12 7 8
split_gain=0.663531 2.98365 2.23936 1.92711 2.8699 6.28933 3.10437 2.56639 3.91377 3.01889 2.99907 2.60579 2.97265 2.95427 5.0019 2.48487 4.26123 2.46163 3.51475 2.44276 4.63406 2.75221 2.36271 2.27609 3.27471 2.25034 3.59799 2.15412 3.99352 2.62522
threshold=1.0000000180025095e-35 52.062900543212898 0.32738095521926885 0.22401433438062671 85.880397796630874 80.810150146484389 74.322341918945327 0.38675214350223547 0.48999999463558203 0.36602871119976049 86.70682525634767 69.00656890869142 0.29520697891712194 72.834224700927749 0.2788888961076737 69.804355621337905 64.747306823730483 96.684982299804702 72.438781738281264 93.643951416015639 92.718276977539077 0.26794873178005224 93.063350677490249 78.705963134765639 11.500000000000002 10.500000000000002 84.273937225341811 6.5000000000000009 70.627449035644545 0.19292803853750232
decision_type=2 2 2 2 2 2 2 2 2 2 2 2 2 2 2 2 2 2 2 2 2 2 2 2 2 2 2 2 2 2
left_child=-1 2 -2 27 5 6 15 9 -9 10 -6 -12 13 -13 19 16 -5 18 -14 20 -15 23 -10 -21 -25 26 -7 28 29 -3
right_child=1 3 -4 4 7 25 -8 8 22 -11 11 12 17 14 -16 -17 -18 -19 -20 21 -22 -23 -24 24 -26 -27 -28 -29 -30 -31
leaf_value=0.00064053894314770323 -0.06553695971380108 -0.046405994249023912 0.059845381871123558 0.0051733562025323854 -0.14241909269176989 0.12639133762710275 -0.075981876489172179 0.033226707985324004 -0.031532075203010039 -0.098347497264261965 -0.08019336318270727 0.057121457087597985 -0.062631210039236968 -0.029435566927523624 -0.21458024967729644 0.024474000676221446 -0.13331295020274039 0.057931156251593598 0.052532955075036233 -0.10999562819715172 -0.19770813542082413 0.095041800063323661 0.070691724921035995 0.1039388910328103 -0.03331107839846472 0.018264512345782587 0.008803045266467989 0.015260978936218915 0.029064111185977352 0.024204406266442467
leaf_weight=936.62253605606088 5.785483419113489 12.270950130741513 0.79374809816363256 3.3425908019553408 1.0227660955861271 3.409398350362606 3.5778595493757157 9.6111575213144551 14.313044401322257 3.0315143317566244 3.1395709821954396 1.5905353194102669 3.0594476694241148 2.7935898439027338 0.79058665083721358 7.1956133831845364 1.6146280670072881 4.2039687098003924 2.2561243828386068 1.2917272513732312 1.1248029791750012 1.0568255470134316 1.2008574328210659 1.0573685463168656 4.3817231327993795 5.2742171841091476 2.0367668792314362 45.514824144756858 8.0998677083480271 3.2669064209549097
leaf_count=167860 274921 15784 11 494 9 56 62 585 499 100 52 15 36 80 17 274 74 206 61 15 12 23 501 43 147 78 59 2187 518 629
internal_value=-6.75211e-05 -0.00426201 -0.0504103 -0.00225831 -0.00949108 0.00950713 -0.0186709 -0.0184766 -0.00187391 -0.0320201 -0.0247792 -0.0202807 -0.0123126 -0.0327322 -0.0441686 -0.00179818 -0.0399334 0.0179047 -0.0137513 -0.0326595 -0.0777394 -0.00997734 -0.0236194 -0.0264667 -0.00662945 0.0508545 0.0824155 0.0063576 -0.010786 -0.0315598
internal_weight=1094.73 158.108 6.57923 151.529 82.3767 26.4511 15.7307 55.9256 25.1251 30.8006 27.769 26.7463 23.6067 14.0872 12.4966 12.1528 4.95722 9.51954 5.31557 11.706 3.91839 7.78764 15.5139 6.73082 5.43909 10.7204 5.44617 69.1525 23.6377 15.5379
internal_count=465408 297548 274932 22616 3498 1097 904 2401 1585 816 716 707 655 352 337 842 568 303 97 320 92 228 1000 205 190 193 115 19118 16931 16413
is_linear=0
shrinkage=0.07


Tree=182
num_leaves=31
num_cat=0
split_feature=9 5 3 2 5 3 1 7 2 0 5 2 7 7 1 7 3 7 0 5 7 1 3 7 2 1 3 1 2 5
split_gain=0.625407 2.72791 3.70792 2.95399 2.73422 2.70082 2.50809 2.27806 2.20212 2.16365 3.45735 2.1712 2.16454 4.47593 5.3255 4.95744 3.51053 2.55599 2.37234 2.06474 2.77264 2.04731 2.5001 2.18342 2.31743 3.00276 2.20009 2.10125 2.48885 1.97957
threshold=1.0000000180025095e-35 0.31666667759418493 63.859338760375984 83.935482025146499 0.11805555596947671 64.051280975341811 69.360546112060561 50.110132217407234 90.366767883300795 88.493064880371108 0.61250001192092907 92.718276977539077 92.340286254882827 84.866104125976577 64.747306823730483 88.021739959716811 54.457193374633796 85.794998168945327 93.582702636718764 0.73214286565780651 52.470642089843757 50.252525329589851 43.353412628173835 69.860393524169936 83.047893524169936 43.792808532714851 50.252525329589851 51.808279037475593 48.808847427368171 0.27922078967094427
decision_type=2 2 2 2 2 2 2 2 2 2 2 2 2 2 2 2 2 2 2 2 2 2 2 2 2 2 2 2 2 2
left_child=1 2 3 -1 -4 -6 -7 29 -2 -10 11 -11 13 18 15 17 -17 -15 -13 -12 -21 22 -3 24 25 -24 -27 28 -23 -8
right_child=8 21 4 -5 5 6 7 -9 9 10 19 12 -14 14 -16 16 -18 -19 -20 20 -22 27 23 -25 -26 26 -28 -29 -30 -31
leaf_value=-0.073026849319819162 0.00087071089883286081 -0.048561703657426715 0.07556038157132898 -0.0028899090298018745 0.22954967321044892 -0.068773043363475103 0.057629707347420227 -0.04635139861934269 0.077818288661813895 0.060418834301614689 0.073983761922480545 -0.081230838265736155 0.070212423283126046 -0.95713937679222372 -0.058420129564104327 0.072262228141336426 -0.40815148085533798 -0.43297258792170329 0.020739183877708164 -0.037122100731408932 0.047003366869260516 0.14707335963249316 0.047578688326661803 0.10764241017233638 0.078350740591952919 0.029337969737821178 -0.075641750291705029 -0.0006083077294673834 -0.08524057900248791 -0.075293466983392773
leaf_weight=8.7361802503528043 260.29042187115556 1.959695538120285 2.1596577140444415 4.4368557956570802 0.22331193165268715 3.1030453299467791 3.6821972059674408 2.4783827461924375 3.065948308776572 1.3709774928174754 4.798040695313829 1.7932402320511753 0.83033507892287151 0.067947724790428543 0.91241945981255412 0.15459332283353433 0.14391365286428481 0.13850177959102439 2.9688432880275286 3.0245474755938613 5.2552561161610356 0.24961614430435419 4.2395683565073323 1.8075059814909753 2.9352213609731725 1.5692884650572976 2.5970015825147357 765.94875970904798 2.3849902526997084 0.6451827077321467
leaf_count=236518 47684 869 534 4128 697 17855 2953 447 1563 1082 5362 589 3149 19 1093 31 41 43 1474 81 20726 26 2884 51 824 1095 4820 106187 1694 889
internal_value=-6.10057e-05 -0.00105399 -0.0236015 -0.0494038 0.00405062 -0.0111917 -0.0166172 0.00716296 0.00276005 0.0228124 0.0149533 -0.0201457 -0.0359025 -0.0501612 -0.159361 -0.341753 -0.159351 -0.605489 -0.0176593 0.0374461 0.016273 -0.000321341 0.0251972 0.0361904 0.0248026 0.00610421 -0.0360997 -0.000822967 -0.06323 0.0378118
internal_weight=1093.97 809.156 25.4648 13.173 12.2918 10.1321 9.90881 6.80576 284.815 24.5246 21.4586 8.38077 7.00979 6.17946 1.41738 0.504956 0.298507 0.20645 4.76208 13.0778 8.2798 783.692 15.1083 13.1486 11.3411 8.40586 4.16629 768.583 2.63461 4.32738
internal_count=465408 382471 264021 240646 23375 22841 22144 4289 82937 35253 33690 7521 6439 3290 1227 134 72 62 2063 26169 20807 118450 10543 9674 9623 8799 5915 107907 1720 3842
is_linear=0
shrinkage=0.07


Tree=183
num_leaves=31
num_cat=0
split_feature=8 8 5 12 7 3 2 12 9 5 2 1 0 5 8 2 0 3 0 8 5 7 8 2 0 7 3 7 5 2
split_gain=0.620404 3.00014 2.85249 2.77424 2.69706 2.68991 7.47427 9.16889 2.66311 2.32275 3.71293 2.47573 3.27804 2.15441 2.12675 2.1092 4.78108 3.82061 4.989 4.41114 4.09483 3.57454 3.79329 3.41884 4.66445 2.73658 3.14933 3.33453 4.08773 2.71574
threshold=0.18019481003284457 0.11834733933210374 0.86607143282890331 1.5000000000000002 63.925975799560554 98.07621002197267 97.100841522216811 11.500000000000002 1.5000000000000002 0.78888890147209179 93.419914245605483 89.512962341308608 92.893215179443374 0.70714285969734203 0.54006412625312816 97.97959136962892 86.70682525634767 81.53021621704103 87.585617065429702 0.1863425895571709 0.5634920895099641 49.693204879760749 0.22902098298072818 90.366767883300795 86.526824951171889 95.255413055419936 83.424911499023452 94.923065185546889 0.73214286565780651 92.907444000244155
decision_type=2 2 2 2 2 2 2 2 2 2 2 2 2 2 2 2 2 2 2 2 2 2 2 2 2 2 2 2 2 2
left_child=1 3 9 -1 5 -4 7 -7 -3 11 -11 15 13 -13 -12 16 23 18 19 -18 29 -17 -23 -2 -25 26 -24 -28 -29 -19
right_child=2 8 4 -5 -6 6 -8 -9 -10 10 14 12 -14 -15 -16 21 17 20 -20 -21 -22 22 25 24 -26 -27 27 28 -30 -31
leaf_value=-0.044887909984465554 0.0013156453793441033 -0.021118054789697568 0.063619690999333706 0.00041506858632239801 0.061619635982553829 -0.67713672038204209 -0.0055021049810199188 0.070866893996852046 0.07018200039690041 -0.08694557717624371 0.038909462364470876 0.06800015452401216 0.0025078482101360492 -0.10591131423803159 -0.052317250739537892 0.17575570485604261 0.2075986442086149 0.053681334801182035 0.01079338439996899 -0.09030565087490923 -0.060374753992695117 0.061475375587574148 -0.027528742268756227 0.048163262434289568 0.45737526131509615 0.071330137870749835 0.037640540504437846 0.072023505843161514 -0.5263023263575034 -0.046195676101049028
leaf_weight=6.6927003447510733 271.04830662716358 47.026836064835379 2.1753947721699642 640.44231977062145 7.5424299877313388 0.18558921160001762 4.0042427443677298 0.14153584904124727 1.6193723497503913 3.7818163559932128 3.2602887970933807 7.7391336675045768 11.97324337572172 0.36551844379573584 2.033011338337019 0.68907359661534684 0.25930862044333736 3.0333046491032318 21.065957033355517 4.0083541279891506 16.544586965310373 6.5587724845245274 13.268854618214396 4.8814678088820065 0.14041591201385006 2.4369991493931584 7.2114719766286717 0.1084750541303946 0.1155495806633553 2.3812081203323032
leaf_count=117259 19996 16695 336 260823 19799 11 556 65 1074 165 920 2802 7485 33 1503 15 8 759 2208 302 1514 223 3450 1268 48 3210 2420 45 20 396
internal_value=-5.38859e-05 -0.00131372 0.00215434 -5.34569e-05 0.0331328 0.000111748 -0.0317846 -0.353501 -0.0180788 0.00101771 -0.033974 0.00186717 0.0257784 0.0601568 0.00387179 0.000510039 -0.00114696 -0.0217119 -0.00318833 -0.0722046 -0.0430821 0.0181417 0.0144849 0.00237597 0.0596052 0.0011667 -0.00709186 0.0293783 -0.236587 0.00975717
internal_weight=1092.74 695.781 396.954 647.135 14.0492 6.50676 4.33137 0.327125 48.6462 382.905 9.07512 373.83 20.0779 8.10465 5.2933 353.752 323.363 47.2927 25.3336 4.26766 21.9591 30.3892 29.7001 276.07 5.02188 23.1414 20.7044 7.4355 0.224025 5.41451
internal_count=465408 395851 69557 378082 20767 968 632 76 17769 48790 2588 46202 10320 2835 2423 35882 26499 5187 2518 310 2669 9383 9368 21312 1316 9145 5935 2485 65 1155
is_linear=0
shrinkage=0.07


Tree=184
num_leaves=31
num_cat=0
split_feature=7 5 3 0 0 7 2 0 0 0 3 3 2 0 2 2 2 0 2 2 4 0 0 2 2 3 0 0 2 7
split_gain=0.59896 0.588226 2.65833 6.40208 5.7983 4.42418 3.49166 3.43759 4.59411 5.16661 3.20766 3.15879 2.98997 4.58719 3.62989 4.07774 4.08771 3.41805 2.77137 2.6976 3.46017 2.7762 2.61238 2.53602 3.62986 3.73913 6.93979 5.71037 3.80537 3.85931
threshold=37.939876556396491 0.43650794029235845 72.255687713623061 86.319076538085952 83.910789489746108 52.957075119018562 80.874973297119155 83.424911499023452 82.167320251464858 81.872947692871108 62.102443695068366 65.345367431640639 71.010189056396499 75.716625213623061 71.516754150390639 82.167320251464858 82.807880401611342 72.834224700927749 91.331184387207045 74.833332061767592 1.0000000180025095e-35 90.521114349365249 88.273490905761733 76.689495086669936 76.50690078735353 63.859338760375984 77.849929809570327 82.972846984863295 68.801231384277358 63.925975799560554
decision_type=2 2 2 2 2 2 2 2 2 2 2 2 2 2 2 2 2 2 2 2 2 2 2 2 2 2 2 2 2 2
left_child=-1 -2 3 4 5 7 -4 8 9 11 -6 -3 -13 17 -15 -16 -17 -14 -18 22 21 -21 -5 24 25 27 -27 28 29 -7
right_child=1 2 6 19 10 23 -8 -9 -10 -11 -12 12 13 14 15 16 18 -19 -20 20 -22 -23 -24 -25 -26 26 -28 -29 -30 -31
leaf_value=-0.072904455300846799 -0.0024440226035690096 0.018680222391012385 -0.019481812730900119 -0.076401521989574075 -0.027213600703275845 -0.037614432970531027 0.00040524514758015284 0.11831485817099995 -0.068784827833244397 0.25775791966341743 0.083911533612230471 -0.07462149412443124 -0.077059888481229286 0.26134689734927302 -0.093431078675405399 0.16135144279755648 -0.060165255789548885 0.17617443618787754 0.2000171173032185 0.1066901408746367 -0.003015458664810745 0.016096137002705051 -0.0099556793528860089 0.074515824418914758 -0.21666005920162049 -0.13363770799629224 0.035081229267442927 -0.11576641807726912 0.11736206671880436 0.066006238754825433
leaf_weight=0.55256106293836538 335.74972791401956 22.155050465782054 47.08785677375613 4.4640021091859117 1.4589195125117829 2.528850597504066 532.16307441101276 1.1876711681015866 4.5335437312861009 0.39552143117248206 9.9769332168298188 4.086913217643767 0.34660458678445127 0.2065626504472674 3.005198320209729 0.77092225399746928 1.6969817205053912 1.0596170710773547 0.22749408373419999 2.5239767449329511 78.789354568587669 4.8279796028357396 8.2717215870418368 6.9099608414362583 0.29973887058440496 1.7751796468655801 3.6524153968275641 0.95859420144459839 4.0366284967094552 5.8020403498667292
leaf_count=67909 311350 1980 8618 587 437 119 60239 167 645 76 1118 877 168 37 442 38 167 181 2 351 5348 1199 1463 686 7 104 252 46 302 493
internal_value=-4.31662e-05 -6.26231e-06 0.00107753 0.00861303 0.0237371 0.0157227 -0.00121139 0.00102049 -0.00259934 0.00623857 0.0697348 0.00327388 -0.0266664 0.000132156 -0.0269168 -0.0373621 0.0251513 0.113757 -0.0294089 -0.00317564 0.00127011 0.0471977 -0.0332456 0.0381877 0.0250129 0.0288756 -0.0201009 0.0488232 0.0615804 0.0345521
internal_weight=1091.5 1090.95 755.199 175.948 77.0713 65.6355 579.251 39.6721 38.4844 33.9509 11.4359 33.5553 11.4003 7.31338 5.90716 5.7006 2.6954 1.40622 1.92448 98.877 86.1413 7.35196 12.7357 25.9634 19.0534 18.7537 5.4276 13.3261 12.3675 8.33089
internal_count=465408 397499 86149 17292 8344 6789 68857 4780 4613 3968 1555 3892 1912 1035 686 649 207 349 169 8948 6898 1550 2050 2009 1323 1316 356 960 914 612
is_linear=0
shrinkage=0.07


Tree=185
num_leaves=31
num_cat=0
split_feature=6 8 6 7 6 1 0 8 6 6 6 2 7 2 3 3 3 2 5 9 0 3 4 0 2 1 2 0 0 7
split_gain=0.610291 2.10682 2.0825 1.19911 0.738681 0.649326 0.608783 3.74041 7.53584 6.52343 5.29714 5.45092 2.33369 2.18663 3.80865 3.89295 3.68263 4.41391 8.93021 3.57829 3.49923 3.06892 3.01951 5.14309 6.33422 5.32324 3.75155 3.89771 3.57336 3.30891
threshold=30.807500839233402 0.070197045803070082 33.132463455200202 43.147575378417976 32.919111251831062 80.901721954345717 19.139194488525394 0.36602871119976049 87.545619964599624 73.20508193969728 88.273490905761733 43.951219558715827 88.021739959716811 36.51515197753907 32.690166473388679 28.097587585449222 32.049383163452156 54.201978683471687 1.0000000180025095e-35 2.5000000000000004 51.56402778625489 34.833164215087898 1.0000000180025095e-35 88.067794799804702 90.595520019531264 69.860393524169936 76.253131866455092 57.93287658691407 51.022111892700202 65.396709442138686
decision_type=2 2 2 2 2 2 2 2 2 2 2 2 2 2 2 2 2 2 2 2 2 2 2 2 2 2 2 2 2 2
left_child=1 3 4 -1 -2 -5 7 8 9 -4 -9 -12 -13 14 15 19 -15 20 -19 -8 21 -18 23 24 26 -25 27 -20 -24 -29
right_child=2 -3 6 5 -6 -7 13 10 -10 -11 11 12 -14 16 -16 -17 17 18 22 -21 -22 -23 28 25 -26 -27 -28 29 -30 -31
leaf_value=-0.070019776079119495 -0.071557051324077914 -0.11545060321663342 0.011825663730093083 -0.070094394532134882 -0.22395453099784299 0.096990051131516097 -0.014671998722883361 -0.04803549712865228 -0.078629733610723423 0.17643502386336102 0.040378994624811176 -0.18477751141077067 -0.014539386897065073 0.021705876970501348 0.12866770797325389 -0.069533757025676046 0.00012614150272554609 0.042692949858202822 -0.068071670558523756 0.098800717054264867 0.034260553189205178 -0.048176904364795131 0.065495202371149405 0.139240718521742 0.097939448644126528 0.0024574378399366136 -0.05541780694180154 -0.043840156330195793 0.00029338914509880197 0.00957810478207991
leaf_weight=0.28326920511335618 0.51675403492413252 0.3829537808481972 2.1763710454183665 0.12258007289563 0.22314405076053845 1.622381272894472 31.928104263262071 8.1638384719844925 1.5062536019831894 2.5759332901798189 11.57889036554843 0.7765367937972758 0.80216332711279392 38.004732966841289 0.86971247536882756 6.3748989053336791 9.2861832736552987 23.842670312023984 5.9617960735985127 1.422387009304656 4.272766010015288 21.066540677217859 4.1392194360854537 1.4550837797235079 1.9423329309303614 33.286305562261759 19.262456081498023 7.9584859460827486 828.23726629156488 19.863983522323906
leaf_count=42475 36189 228 875 6125 1428 283 3510 66 16 31 139 11 52 7440 265 1616 4086 13847 24172 27 9858 36565 18725 1254 733 8015 15398 35911 195157 911
internal_value=-4.33407e-05 0.0351346 -0.000121337 0.0635668 -0.117518 0.0852527 -4.14093e-05 0.0102257 0.0578065 0.10105 -0.00374082 0.0237425 -0.0982767 -0.000308757 -0.0162405 -0.0194129 0.000326195 -0.00050243 0.000396101 -0.00983243 -0.0250498 -0.033399 -0.000697558 -0.0128977 -0.0262184 0.00818637 -0.0307645 -0.0167081 0.000617623 -0.00570194
internal_weight=1089.91 2.41118 1087.49 2.02823 0.739898 1.74496 1086.75 27.58 6.25856 4.7523 21.3214 13.1576 1.5787 1059.17 40.5951 39.7254 1018.58 980.575 945.95 33.3505 34.6255 30.3527 922.107 89.7304 54.9891 34.7414 53.0467 33.7843 832.376 27.8225
internal_count=465408 49111 416297 48883 37617 6408 378680 1190 922 906 268 202 63 377490 5418 5153 372072 364632 314123 3537 50509 40651 300276 86394 77125 9269 76392 60994 213882 36822
is_linear=0
shrinkage=0.07


Tree=186
num_leaves=31
num_cat=0
split_feature=8 3 8 7 7 2 2 3 5 7 2 3 2 7 1 1 3 3 1 8 2 1 3 1 2 8 4 1 8 7
split_gain=0.645764 3.5776 3.08371 2.66357 7.89121 2.37335 3.35045 2.74465 3.66761 2.8622 3.60727 2.83449 2.4254 2.2877 3.76035 2.27812 3.51 2.6171 4.81746 3.15698 4.76391 5.69689 2.39331 2.23721 3.92541 3.0034 2.41217 2.22837 3.16727 9.2629
threshold=0.28869047760963445 95.488464355468764 0.27525253593921667 82.207000732421889 84.016807556152358 65.419578552246108 64.89996719360353 19.560019493103031 0.47222222387790685 65.396709442138686 61.938297271728523 50.252525329589851 45.867485046386726 62.554347991943366 95.040985107421889 88.047618865966811 95.040985107421889 87.570224761962905 80.217391967773452 0.30217391252517706 37.617923736572273 63.224515914916999 19.560019493103031 25.677655220031742 45.867485046386726 0.15075758099555972 1.0000000180025095e-35 85.857143402099624 0.48999999463558203 76.22473526000978
decision_type=2 2 2 2 2 2 2 2 2 2 2 2 2 2 2 2 2 2 2 2 2 2 2 2 2 2 2 2 2 2
left_child=2 13 5 -4 -5 6 7 12 9 -9 23 -12 -1 14 -2 17 -17 19 -19 20 22 -22 -15 24 -11 26 -25 -20 -29 -30
right_child=1 -3 3 4 -6 -7 -8 8 -10 10 11 -13 -14 15 -16 16 -18 18 27 -21 21 -23 -24 25 -26 -27 -28 28 29 -31
leaf_value=0.031807731375408564 0.031287995521214244 0.070707741760031917 -0.021459742054057814 -0.37228758779836779 -0.036218456989967715 0.0004529302970930517 -0.087882039390464586 -0.059683920094697265 0.0077790047900692548 -0.017243701526096458 0.19299211645224465 0.0064589650303677314 0.28979187970935499 0.061965898721593055 -0.1494314229135886 0.031446063671991598 -0.14530649300448592 0.07643362259839942 -0.15815739525358502 -0.0021180591671897844 -0.072468453996312035 0.070875148874850691 0.22195866237723413 -0.070989451516898422 0.17099489516237637 -0.07863190187068482 0.12208733747952032 0.075227971433022706 -0.8757025022495103 -0.060359890927122774
leaf_weight=3.9262289586917651 18.033194557119717 3.7628806893462743 10.175655158745938 0.43829966556222588 1.5640620742451572 759.5872591810413 2.9565824083484804 11.432965858151009 17.298433566230074 2.9890681390534142 0.69800003359705332 0.93237933340606105 0.18707139450236798 0.9133321614935983 0.58239732757647189 15.908927297705304 0.57025219952447592 1.0191197782332881 1.5622006843950658 218.72016523413549 2.2985695768802543 3.3220058464357862 0.91923117061378434 0.54440489878652421 0.66328506779973384 4.6973944041874347 0.75924872336872795 0.67373061911348486 0.073872530007065507 0.90107247925152478
leaf_count=976 1494 16941 658 35 157 200217 5876 197727 2485 133 61 205 80 11 114 14668 498 438 154 20202 175 154 33 270 18 1011 178 101 30 308
internal_value=-4.23287e-05 0.00293149 -0.0010202 -0.0359819 -0.109781 -0.000492399 -0.0157427 -0.0109094 -0.0165065 -0.0349995 -0.00998876 0.0863178 0.0435408 0.0019709 0.0256341 0.000186631 0.0253296 -0.00161168 -0.0561642 -0.000591412 0.0442096 0.0122539 0.14222 -0.0262541 0.0169413 -0.0525437 0.0414586 -0.0982502 -0.0414852 -0.122139
internal_weight=1088.11 269.261 818.85 12.178 2.00236 806.672 47.0851 44.1285 40.0152 22.7167 11.2838 1.63038 4.1133 265.498 18.6156 246.882 16.4792 230.403 4.23 226.173 7.45314 5.62058 1.83256 9.6534 3.65235 6.00105 1.30365 3.21088 1.64868 0.974945
internal_count=465408 55321 410087 850 192 409237 209020 203144 202088 199603 1876 266 1056 38380 1608 36772 15166 21606 1031 20575 373 329 44 1610 151 1459 448 593 439 338
is_linear=0
shrinkage=0.07


Tree=187
num_leaves=31
num_cat=0
split_feature=9 12 8 2 6 12 6 7 8 12 2 2 6 4 7 12 0 8 2 8 7 6 8 0 2 6 7 8 8 8
split_gain=0.622095 2.02482 3.87954 3.80321 4.36036 3.53634 3.51391 3.822 4.25034 4.35433 4.34381 3.50535 3.32512 3.47775 4.05686 3.27461 6.29186 3.68904 3.07223 3.03443 2.73393 2.47958 2.6948 2.38595 2.23516 2.88184 2.22688 2.27777 2.22253 2.89511
threshold=1.0000000180025095e-35 6.5000000000000009 0.71825397014617931 76.253131866455092 92.356376647949233 3.5000000000000004 94.146202087402358 95.670913696289077 0.85092595219612133 8.5000000000000018 31.698564529418949 75.582656860351577 59.711856842041023 1.0000000180025095e-35 61.298427581787116 10.500000000000002 75.582656860351577 0.48999999463558203 74.115688323974624 0.24568965286016467 68.013607025146499 66.866264343261733 0.16064515709877017 71.346469879150405 79.431911468505874 87.545619964599624 95.255413055419936 0.73030304908752453 0.44722221791744238 0.60434782505035411
decision_type=2 2 2 2 2 2 2 2 2 2 2 2 2 2 2 2 2 2 2 2 2 2 2 2 2 2 2 2 2 2
left_child=-1 3 15 11 5 21 -4 8 26 10 -10 12 20 -14 -15 -3 17 -17 19 -18 -2 22 -5 -16 -19 -26 -8 -28 -7 -30
right_child=1 2 6 4 -6 28 7 -9 9 -11 -12 -13 13 14 23 16 18 24 -20 -21 -22 -23 -24 -25 25 -27 27 -29 29 -31
leaf_value=-0.0010294120059489865 -0.067464757463572653 0.034113000951435865 0.083028597956360167 -0.049722177277576163 0.070539604764383326 -0.042513275370241438 -0.06690554648404283 0.0099950229908281635 -0.46641353799734719 0.074770517747021648 -0.042870715629090152 0.10866176649265848 0.0017064137172104928 0.13101065148912577 0.069355912275535517 -0.095035964692874231 -0.083967611204064513 0.03636008716528033 0.027599330313602826 0.068377762010215129 0.067344954910446633 -0.037100797244388174 0.052307260538490351 -0.030081955745417294 -0.38215418096813664 0.070488865567399944 -0.46381206957563526 -0.13783337675082885 -0.15641735438907256 0.070713700668572924
leaf_weight=805.0999738773537 5.2622528427939406 36.115893977526412 1.7110765448542249 1.7036713555376133 2.2285002841890664 14.516136349908267 6.9796663032175292 10.184166303693017 0.12968085333704982 2.2180682718180833 1.3950605129684843 1.5243847066021761 142.59738132260463 2.1994730740843798 2.205067285511177 4.35312032613865 2.4555949959985841 2.1676934661809359 23.999823657618435 0.86677326420613088 0.85720043325272843 5.5466888600421953 4.9652445165993413 2.5493409610207891 0.1503109824261627 0.12728445639368147 0.12891242769546796 0.56702931640575116 1.7285318284193629 0.32700666544405965
leaf_count=382471 26619 5238 745 770 2615 1139 3005 7762 3 3689 311 249 6474 75 76 152 45 138 22249 264 117 368 222 90 9 64 5 103 210 131
internal_value=-3.86829e-05 0.00279221 0.0112091 -0.00139139 -0.023793 -0.0310955 -0.0135333 -0.0211817 -0.0489885 0.0121711 -0.0788935 0.00302862 0.00199422 0.00406369 0.0524023 0.0194219 0.0038716 -0.056389 0.0188659 -0.0442222 -0.0485809 -0.0025196 0.0262424 0.0160368 0.0124107 -0.174606 -0.0788114 -0.198216 -0.0521599 -0.120284
internal_weight=1086.86 281.761 93.5502 188.211 31.0158 28.7873 23.3137 21.6026 11.4184 3.74281 1.52474 157.195 155.671 149.551 6.95388 70.2365 34.1206 6.79841 27.3222 3.32237 6.11945 12.2156 6.66892 4.75441 2.44529 0.277595 7.67561 0.695942 16.5717 2.05554
internal_count=465408 82937 43782 39155 5455 2840 15623 14878 7116 4003 314 33700 33451 6715 241 28159 22921 363 22558 309 26736 1360 992 166 211 73 3113 108 1480 341
is_linear=0
shrinkage=0.07


Tree=188
num_leaves=31
num_cat=0
split_feature=0 3 1 6 7 7 2 3 3 2 7 6 0 0 7 1 3 3 2 7 12 2 6 7 2 2 2 0 2 7
split_gain=0.622642 0.697749 2.82127 2.49246 2.27572 5.53053 2.13752 4.35572 4.30208 3.14443 3.03148 4.06215 2.9981 2.74617 3.22058 2.47555 4.98299 3.3117 2.66261 2.29185 2.08318 2.0504 3.62476 3.3685 2.04023 2.22685 4.22448 2.54219 2.61248 2.17731
threshold=1.0000000180025095e-35 19.560019493103031 22.401432991027836 82.78556060791017 86.683086395263686 85.794998168945327 35.388994216918952 26.766168594360355 32.690166473388679 37.617923736572273 64.722881317138686 88.273490905761733 27.072835922241214 29.128787994384769 92.805229187011733 25.677655220031742 28.097587585449222 38.165266036987312 38.529016494750984 50.110132217407234 8.5000000000000018 54.201978683471687 75.343498229980483 78.135349273681655 51.66851997375489 46.709957122802741 42.967033386230476 22.401432991027836 42.206478118896491 85.794998168945327
decision_type=2 2 2 2 2 2 2 2 2 2 2 2 2 2 2 2 2 2 2 2 2 2 2 2 2 2 2 2 2 2
left_child=-1 2 4 -4 5 21 8 24 12 10 11 -9 -3 -14 -15 17 18 20 -17 -20 -11 22 23 -2 25 26 27 -8 -29 -30
right_child=1 6 3 -5 -6 -7 7 9 -10 15 -12 -13 13 14 -16 16 -18 -19 19 -21 -22 -23 -24 -25 -26 -27 -28 28 29 -31
leaf_value=-0.062292295085683139 0.044248672428999374 -0.0098616490903632222 -0.022074002446668312 0.09271336082600147 0.033839649300494698 -0.19348305550963707 0.07424680825643204 -0.070418938400362882 0.14314363092935187 -0.085603512337762006 -0.052870990327858851 0.24250872116021682 -0.12132303089082007 -0.071470193491511222 0.047177890044679233 0.25957330229020131 -5.9246903832905005e-05 0.073236492066204362 0.30796989594287022 0.04618559101751623 0.09615625261703932 -0.0863550353186993 -0.014504307571635729 0.26639610947399395 -0.037318250248796266 0.099837418611199685 -0.061301029625158494 0.0048338134797354113 0.23325156647920278 0.048185809654814921
leaf_weight=0.78649574517657939 2.2583584748063035 21.769113472681518 1.2824322591234238 3.3434910244541243 7.0053671874047714 0.8002703972160824 6.5949113099453944 0.40021749222671488 0.78405585053246696 4.1578385843788501 8.6129440234799386 0.41304855048656464 2.4868433158201233 3.3138872835611437 1.6940691783092914 0.40342782668449162 986.54538490521134 0.92680523768547107 0.17679047275146365 2.2418644269610013 0.33378263749182213 1.3566798945641956 10.445571686606852 0.39261051267385472 2.0261631572661605 2.392322149415576 2.2776411987123302 9.0564928532024815 0.45321694879294294 0.99623479694128036
leaf_count=25 739 1771 334 32 149 5 344 1694 100 1366 205 5 536 1540 9 79 452825 688 377 231 5 121 85 3 503 182 280 1087 80 8
internal_value=-3.19127e-05 1.32211e-05 0.0111496 0.0608912 0.00081216 -0.0143562 -0.000269751 0.000268157 -0.0186728 -0.000433262 -0.0406728 0.0885135 -0.0230083 -0.0611935 -0.0313344 -5.1968e-05 0.000206452 -0.0472378 0.0930898 0.0653206 -0.0720965 -0.00443795 0.0040479 0.0771489 0.0298674 0.0361203 0.0282542 0.040182 0.0187984 0.106052
internal_weight=1085.73 1084.94 26.8848 4.62592 22.2589 15.2535 1058.06 1028.01 30.048 1004.21 9.42621 0.813266 29.2639 7.4948 5.00796 994.786 989.367 5.41843 2.82208 2.41865 4.49162 14.4532 13.0965 2.65097 23.797 21.7708 19.3785 17.1009 10.5059 1.44945
internal_count=465408 465383 1468 366 1102 953 463915 459959 3956 457475 1904 1699 3856 2085 1549 455571 453512 2059 687 608 1371 948 827 742 2484 1981 1799 1519 1175 88
is_linear=0
shrinkage=0.07


Tree=189
num_leaves=31
num_cat=0
split_feature=11 7 6 8 6 7 0 7 5 6 8 8 2 12 1 6 0 6 6 6 2 8 1 8 0 1 6 1 12 2
split_gain=0.598852 2.64028 1.96172 1.79272 3.10017 3.66136 3.82997 2.34261 2.06647 2.98389 3.70408 2.39252 2.24356 2.09513 2.06529 1.67574 3.73645 2.47683 1.53538 1.45591 2.56253 1.95483 3.41558 2.98678 3.97654 4.45937 3.63791 3.09349 2.85327 4.64468
threshold=1.0000000180025095e-35 52.062900543212898 73.20508193969728 0.1012820526957512 53.132547378540046 54.915769577026374 92.612083435058608 55.585266113281257 0.58571431040763866 55.468318939208991 0.086335405707359328 0.089572194963693633 95.861873626708999 10.500000000000002 99.473682403564467 49.238500595092781 75.716625213623061 48.397369384765632 28.220211029052738 56.021978378295906 69.631092071533217 0.18019481003284457 88.273490905761733 0.22401433438062671 77.712417602539077 77.836257934570327 75.343498229980483 65.345367431640639 10.500000000000002 81.01672744750978
decision_type=2 2 2 2 2 2 2 2 2 2 2 2 2 2 2 2 2 2 2 2 2 2 2 2 2 2 2 2 2 2
left_child=15 2 -2 7 -5 6 -6 14 11 10 12 -9 -10 -11 -3 16 -1 18 -18 20 -7 22 -21 24 -23 -26 27 -25 29 -29
right_child=1 3 -4 4 5 19 -8 8 9 13 -12 -13 -14 -15 -16 -17 17 -19 -20 21 -22 23 -24 26 25 -27 -28 28 -30 -31
leaf_value=-0.063622221294494144 -0.061578002686758747 -0.075176000784016414 0.075105502606112706 -0.077852627376349598 -0.018602095074495086 0.18162576034359304 0.15142734943581043 -0.063757202451899878 0.11370853831763338 0.014120980155782456 -0.05139761026301596 0.028162364631007641 0.0077595364432898753 0.11363714492678438 0.040402978413856837 0.00019684302524986566 -0.11513390450013003 0.10068199405980534 0.025019904482201604 -0.0064270216178216044 0.014584146745238407 -0.07805167856396332 -0.071532093537465591 -0.12207468151061938 0.080988497855037062 0.007799606855755775 -0.0020168685290808219 -0.069404728111787883 -0.04884325545111981 0.084806062027707643
leaf_weight=2.2936701587039883 5.5860966401220074 2.2569107723195954 0.56671557383378957 2.8216094439252393 1.1444895532777073 0.51598745312730798 1.4998598513193429 2.2309077868417075 1.797792779601876 1.4593224838608874 2.6165591667813715 3.67016285343243 2.1512627414631424 3.5788234160281718 1.1403300197562205 909.07717887206024 0.39276003368263701 2.2081848337948022 15.418097152288526 11.770423414371182 3.5189704376662121 1.848198531675737 5.9416667713085181 1.9591247158205067 5.7816080595439443 13.853964100475421 64.728453309384349 1.6156956431732372 9.4313488073530607 2.3475297800614499
leaf_count=58384 274919 6837 13 2897 596 606 26 2691 150 32 96 1722 43 38 44 95491 1029 155 12801 1865 400 650 92 480 164 279 2636 88 156 28
internal_value=-3.21806e-05 -0.00404793 -0.0489885 -0.00220059 -0.00528693 -0.00366136 0.0778376 0.0168145 0.0271383 0.0442897 0.0131949 -0.00658795 0.0559924 0.0848118 -0.0363803 0.000641153 0.0205258 0.0312372 0.0215383 -0.00540904 0.0359453 -0.00680798 -0.0282671 -0.00306573 0.0201103 0.0293498 -0.0092832 -0.0399167 -0.0279001 0.0219387
internal_weight=1085.22 155.834 6.15281 149.681 128.779 125.957 2.64435 20.9021 17.5048 11.6038 6.56561 5.90107 3.94906 5.03815 3.39724 929.39 20.3127 18.019 15.8109 123.313 4.03496 119.278 17.7121 101.566 21.4838 19.6356 80.0822 15.3537 13.3946 3.96323
internal_count=465408 297548 274932 22616 10963 8066 622 11653 4772 359 289 4413 193 70 6881 167860 72369 13985 13830 7444 1006 6438 1957 4481 1093 443 3388 752 272 116
is_linear=0
shrinkage=0.07


Tree=190
num_leaves=31
num_cat=0
split_feature=12 12 6 3 12 2 2 2 3 0 3 12 1 3 0 3 1 12 3 2 3 2 1 3 1 7 6 6 0 2
split_gain=0.571149 3.43414 4.55659 3.23372 5.11795 3.0687 5.23467 2.91385 15.9044 4.99284 4.16627 4.15759 5.1267 3.95482 3.19803 2.56291 6.6143 8.59223 6.96579 2.86765 2.71622 2.65551 2.56016 2.53728 2.47314 2.42935 2.41084 3.75951 2.21651 2.19992
threshold=11.500000000000002 9.5000000000000018 68.996032714843764 93.788581848144545 6.5000000000000009 91.010101318359389 96.051948547363295 95.040985107421889 97.182540893554702 92.40384674072267 67.017543792724624 10.500000000000002 58.380149841308601 62.316371917724616 68.208553314208999 92.705101013183608 93.40579986572267 6.5000000000000009 93.063350677490249 93.643951416015639 91.704891204833999 88.989898681640639 64.89996719360353 90.521114349365249 88.047618865966811 65.396709442138686 61.874477386474616 56.021978378295906 92.893215179443374 94.494949340820327
decision_type=2 2 2 2 2 2 2 2 2 2 2 2 2 2 2 2 2 2 2 2 2 2 2 2 2 2 2 2 2 2
left_child=1 3 7 15 5 -5 -7 8 10 -9 25 -11 -13 -14 -12 20 21 18 -18 -19 23 -17 -15 -1 -4 -3 27 -8 -22 -16
right_child=-2 2 24 4 -6 6 26 9 -10 11 14 12 13 22 29 16 17 19 -20 -21 28 -23 -24 -25 -26 -27 -28 -29 -30 -31
leaf_value=0.00042414420638141993 0.0019264397181836615 -0.086612349060830263 0.0067187222016847573 -0.071300076897436296 0.067963285021922892 0.071772799399515502 -0.015672342407038103 0.11643578366180594 -0.33394108137090139 -0.09160613986429561 0.25873025371898645 0.15103581218961562 -0.11677430615368936 0.1486929431786132 -0.020156054650027573 -0.087104916219417447 -0.19889527408422297 -0.10280907613627931 0.077767897020591017 -0.33847516019735474 0.07728165720186049 0.059206565497816242 -0.0077190070160203681 -0.03890893613226349 0.072484085756094246 0.030628577035721454 0.080595393038726856 -0.2089315836503044 -0.011824532222416244 0.096487633403808698
leaf_weight=484.77401084847531 435.86918159250467 6.9473338182167472 18.246398698287525 2.3606622964416628 8.9428463866115653 5.172134211376032 8.5043067467577167 1.5407189368675052 0.83994747016913507 2.9857863397376141 0.20682302425029675 0.99174279087787809 1.634101823453874 0.51876823717611742 33.114310680110179 0.7991508140257787 0.71273873569225554 0.3658004843182423 1.1912100242643646 0.82050078217616829 4.0040323856346722 2.5390340355115768 44.360657026612898 8.1716307399733505 3.3101967588736434 0.98934737349918567 1.1533283417811606 0.52359342016279775 2.0776715813544797 0.81170334897660623
leaf_count=385995 57266 3965 3020 182 1361 433 466 77 34 308 191 204 166 73 3906 46 12 30 79 42 222 223 2271 542 3522 61 468 6 168 69
internal_value=-3.31989e-05 -0.00135008 -0.0122358 0.00103318 0.0247952 0.00300206 0.0144264 -0.0188324 -0.0323364 -0.00769601 -0.0263147 -0.0114839 -0.00644803 -0.00980584 -0.0156923 -0.000219992 -0.044137 -0.117935 -0.0258003 -0.265807 0.000345743 0.0241801 -0.00591102 -0.000227886 0.0168175 -0.0719977 -0.014706 -0.0268808 0.0468406 -0.0173653
internal_weight=1084.48 648.61 116.498 532.113 26.6569 17.714 15.3534 94.9412 42.9095 52.0318 42.0695 50.4911 47.5053 46.5135 34.1328 505.456 6.42843 3.09025 1.90395 1.1863 499.027 3.33818 44.8794 492.946 21.5566 7.93668 10.1812 9.0279 6.0817 33.926
internal_count=465408 408142 17867 390275 2916 1555 1373 11325 8226 3099 8192 3022 2714 2510 4166 387359 432 163 91 72 386927 269 2344 386537 6542 4026 940 472 390 3975
is_linear=0
shrinkage=0.07


Tree=191
num_leaves=31
num_cat=0
split_feature=11 6 8 3 3 3 6 6 2 0 2 8 3 2 1 3 8 0 1 6 6 2 6 1 0 1 6 1 6 6
split_gain=0.566347 2.23302 2.74416 2.98836 2.53511 1.55504 4.06754 3.28852 6.41226 3.22602 4.25323 3.31593 2.69527 2.38183 2.37062 2.4663 2.26623 2.00393 1.94459 1.89616 1.44943 3.38285 2.22774 1.42744 3.38498 6.01016 4.45321 3.12448 5.17917 2.77025
threshold=1.0000000180025095e-35 54.007299423217781 0.1012820526957512 58.769561767578132 97.70084381103517 87.570224761962905 61.874477386474616 59.711856842041023 90.070423126220717 95.293468475341811 94.494949340820327 0.21807064861059192 93.063350677490249 96.684982299804702 91.331184387207045 51.66851997375489 0.1863425895571709 94.201679229736342 73.375530242919936 82.78556060791017 49.238500595092781 75.716625213623061 48.397369384765632 69.614067077636733 82.167320251464858 81.28433990478517 75.343498229980483 67.769271850585952 91.693202972412124 77.095886230468764
decision_type=2 2 2 2 2 2 2 2 2 2 2 2 2 2 2 2 2 2 2 2 2 2 2 2 2 2 2 2 2 2
left_child=20 4 3 -3 -2 7 13 8 14 10 19 -11 -12 16 15 -4 -7 -14 -10 -8 21 -1 -23 27 25 26 -25 29 -29 -9
right_child=1 2 5 -5 -6 6 9 23 18 11 12 -13 17 -15 -16 -17 -18 -19 -20 -21 -22 22 -24 24 -26 -27 -28 28 -30 -31
leaf_value=-0.049598819710642755 -0.04529017417404322 -0.090877339510633648 0.13543424167699367 0.041448547217445973 0.019075660725827157 -0.070259387461727496 -0.023672294363410527 -0.045171426110854243 0.18345644124277047 0.079639600882325079 -0.11813869410158913 -0.00021158530807146496 0.075175485627129987 -0.093317753960488303 0.088631297373006374 -0.073909639844401964 0.075823938431066412 -0.088718984888205829 0.075175669572335513 0.049304157097028393 0.00021676830126353842 0.021550749151209119 0.097603730228979294 -0.045400888233619041 -0.0045426531885139169 0.24368975373517673 0.062810810434915806 -0.023593694885329388 -0.19562416080680523 0.013893328684138588
leaf_weight=2.9899671923409441 11.766642925644559 0.90609774170638857 0.30907248040102775 10.849438158924157 4.0236403445851456 1.1385775386588641 5.2512867040932178 5.8395556799099273 1.147290171524219 3.2370743805076936 3.3118859431706369 11.974868546574724 0.75596213736571349 4.6644672099500895 0.74745363416150201 2.5579248805702264 0.95833164639770974 0.70783007168211043 2.7864891338394955 2.6126342044444755 908.2411091758139 15.117047960942957 2.1564569224365178 2.8398907299779204 54.497022648160055 0.66938106156885702 5.4197798826498911 2.9751737036604018 1.2047665077261624 11.660554699032216
leaf_count=58419 285261 887 876 773 1965 38 61 1847 45 117 37 1415 27 31 7 1969 8 22 35 132 95491 13768 182 256 1143 7 95 134 14 346
internal_value=-2.36677e-05 -0.00394334 -0.00111004 0.0312491 -0.0288886 -0.00409902 -0.0167588 0.000630288 0.0449119 -0.00493548 -0.0310711 0.0167806 -0.0831777 -0.0654614 -0.0223958 -0.0513416 -0.00349623 -0.00407718 0.106756 0.000572707 0.000629874 0.0191459 0.0310453 -0.00329714 0.00200308 0.0419539 0.0256048 -0.0188032 -0.0731773 -0.0058158
internal_weight=1083.32 154.813 139.023 11.7555 15.7903 127.267 34.6129 92.6544 7.54823 27.8515 12.6396 15.2119 4.77568 6.76138 3.61445 2.867 2.09691 1.46379 3.93378 7.86392 928.505 20.2635 17.2735 85.1061 63.4261 8.92905 8.25967 21.6801 4.17994 17.5001
internal_count=465408 297548 10322 1660 287226 8662 1888 6774 2932 1811 279 1532 86 77 2852 2845 46 49 80 193 167860 72369 13950 3842 1501 358 351 2341 148 2193
is_linear=0
shrinkage=0.07


Tree=192
num_leaves=31
num_cat=0
split_feature=12 1 0 2 6 6 6 6 12 12 2 3 2 5 0 5 0 3 5 3 3 3 6 0 12 11 4 0 3 2
split_gain=0.545744 0.535185 0.660515 2.90325 2.49648 7.12468 3.74051 2.40264 2.29913 2.11112 1.81823 2.90394 3.75354 7.79933 3.05039 2.87057 5.309 5.19296 4.33955 2.8271 2.621 3.22778 2.59529 2.59027 2.38596 2.37144 2.16783 2.12966 6.68573 5.21199
threshold=20.500000000000004 1.0000000180025095e-35 19.139194488525394 42.967033386230476 82.78556060791017 91.693202972412124 87.545619964599624 73.20508193969728 5.5000000000000009 3.5000000000000004 36.51515197753907 32.049383163452156 54.201978683471687 1.0000000180025095e-35 51.56402778625489 0.31666667759418493 64.747306823730483 63.100687026977546 0.26136364042758947 34.833164215087898 32.690166473388679 28.097587585449222 60.705402374267585 64.326763153076186 12.500000000000002 1.0000000180025095e-35 1.0000000180025095e-35 34.833164215087898 34.178434371948249 43.951219558715827
decision_type=2 2 2 2 2 2 2 2 2 2 2 2 2 2 2 2 2 2 2 2 2 2 2 2 2 2 2 2 2 2
left_child=1 -1 3 4 7 6 -6 -3 9 -5 20 -12 14 -14 19 17 22 -15 24 27 21 -4 23 -17 25 -19 -24 28 -13 -30
right_child=-2 2 10 8 5 -7 -8 -9 -10 -11 11 12 13 15 -16 16 -18 18 -20 -21 -22 -23 26 -25 -26 -27 -28 -29 29 -31
leaf_value=-0.05758473936623415 0.072687152683242578 -0.00559558601542786 -0.0091112153627558555 -0.06602990070571027 0.014283468645162927 0.047761931673273687 -0.08420768235794461 0.091591444848478823 -0.11734011820908968 0.063789856914329091 0.019317174763411247 -0.0045761726936303666 0.040255156185970448 -0.040388048930102081 0.032085393579124197 0.0049024245637409158 -0.0004698961885252524 0.030104138380130419 -0.070424724738182773 -0.045921988431660524 0.10031766725328659 -0.064792057013865048 -0.081187668154348358 0.11442727658821236 -0.12348621304559189 -0.047226869766674097 0.088706634572268919 -0.049425011012579421 -0.071120786618995679 0.31720760222890793
leaf_weight=0.79181732321512655 0.50558493352309497 1.8363338621474046 32.882829505141842 1.300325888667089 3.2619613334536579 9.4556230101734382 4.4904739614576101 3.8800587179139256 1.3904308362398294 1.1625852765355373 37.821896463052212 5.5129289310854137 23.426596697945797 23.922639995887124 4.2480261554640597 8.5253174530137112 856.38248257793737 17.773774099330279 3.1667282628885678 20.334442511345458 0.94364625919274558 6.0381454625074289 0.39439161866903205 1.2079979763805102 0.57089755876222525 2.1816317927700757 5.5024084403630695 2.8502702269544216 0.23580831227570787 0.60096751169874096
leaf_count=25 2626 747 3543 123 20 127 32 43 47 31 8120 1730 17488 178384 12379 8886 150869 6183 5291 45608 269 1621 26 869 91 17216 279 2216 330 189
internal_value=-2.28556e-05 -5.68277e-05 -1.47011e-05 0.0108422 0.020292 0.00697804 -0.042766 0.0603711 -0.0453769 -0.00475017 -0.000290394 0.000285746 -0.000451127 0.000370141 -0.0233772 -0.000645889 0.000267992 -0.0173823 0.00584638 -0.0313546 -0.0149547 -0.0177495 0.0406973 0.0184955 0.0176132 0.0216499 0.0773437 0.000843246 0.0234078 0.207774
internal_weight=1082.6 1082.09 1081.3 26.7778 22.9245 17.2081 7.75244 5.71639 3.85334 2.46291 1054.52 1014.66 976.837 943.055 33.7824 919.628 872.013 47.6157 23.693 29.5344 39.8646 38.921 15.6301 9.73332 20.5263 19.9554 5.8968 9.19997 6.3497 0.836776
internal_count=465408 462782 462757 1170 969 179 52 790 201 154 461587 456154 448034 385582 62452 368094 160929 207165 28781 50073 5433 5164 10060 9755 23490 23399 305 4465 2249 519
is_linear=0
shrinkage=0.07


Tree=193
num_leaves=31
num_cat=0
split_feature=8 7 9 2 12 12 9 12 2 9 7 8 12 7 7 6 2 7 8 8 2 7 7 6 7 2 8 6 6 12
split_gain=0.581832 2.7172 2.11937 1.12153 1.29641 1.79013 2.5163 2.06228 2.36424 1.5901 1.42594 1.20018 1.71817 1.20309 1.1211 2.21143 1.28739 1.08308 2.55911 1.73189 2.0142 2.81881 1.43945 1.43352 1.47402 1.46888 1.14844 5.49729 3.14122 2.25516
threshold=0.85092595219612133 88.021739959716811 2.5000000000000004 87.298336029052749 7.5000000000000009 8.5000000000000018 1.0000000180025095e-35 13.500000000000002 49.65753364562989 1.5000000000000002 93.764953613281264 0.89087301492691051 3.5000000000000004 89.296943664550795 98.870021820068374 99.783550262451186 64.241622924804702 97.22989654541017 0.62019231915473949 0.73030304908752453 42.206478118896491 97.595180511474624 96.884704589843764 93.367176055908217 98.421009063720717 54.201978683471687 0.77097901701927196 95.529048919677749 95.782062530517592 14.500000000000002
decision_type=2 2 2 2 2 2 2 2 2 2 2 2 2 2 2 2 2 2 2 2 2 2 2 2 2 2 2 2 2 2
left_child=14 -2 3 4 9 10 -7 -8 -9 11 -6 12 -3 -14 17 -16 -17 22 -19 20 -20 -22 26 24 -23 -25 -1 -28 -29 -30
right_child=1 2 -4 -5 5 6 7 8 -10 -11 -12 -13 13 -15 15 16 -18 18 19 -21 21 23 -24 25 -26 -27 27 28 29 -31
leaf_value=-8.6037670497448473e-05 0.066351911809671135 -0.14069956127751881 0.075818203018425651 0.070417376642914434 -0.1573705891820717 -0.14900092105658719 0.074902518342562383 -0.10065252580712203 0.073919398591435995 0.080429123862809301 -0.046396430287263743 0.0071838417714024834 -0.12771240385688576 0.049343863522250377 0.049530902462441628 -0.10393622691627523 0.070275172326513868 0.046095765703324965 -0.13492582535532593 -0.0066554334431365011 -0.11994487809949349 0.073490844660296567 0.053177524430281578 -0.066648635081876434 -0.23253830756448116 0.076831565713241151 0.081231017159655 -0.18912810036722513 -0.017531263832538276 -0.11314069198993409
leaf_weight=1025.9208725907281 3.6527435914194966 0.71181751781842428 1.6852393784902222 0.89036344029773218 0.75169003172777538 0.49422092414897667 1.6742594672177804 1.0224940255284307 0.60509528976945137 1.2196277890907374 2.3135502079530852 7.6695355571064283 0.2555428200867027 0.71198791071947198 4.9847124171265014 0.82460969476960577 0.27789995340390306 2.2060970846050614 1.4788411110639552 4.5385792758879688 1.2527745124643845 0.12159456538211122 2.4695112406716353 0.480100817978382 0.2108573972072918 1.2864323134108415 2.0403828254784449 0.69295177319508994 6.9784410677348188 1.462125634858239
leaf_count=443391 2179 8 1113 6713 24 66 657 8 489 66 105 423 4 70 2378 7 564 735 10 1137 192 70 706 4 8 1318 577 60 1406 920
internal_value=-2.27228e-05 0.010834 0.000697172 -0.00621307 -0.0101276 -0.0338209 -0.0016916 0.0203577 -0.0357512 0.00525468 -0.0736107 -0.00455235 -0.0581512 0.00258002 -0.000265671 0.0296884 -0.0600243 -0.000439137 -0.0217332 -0.0377044 -0.0668765 -0.0368522 -0.000202033 0.0127415 -0.120608 0.0378371 -0.00032914 -0.0226493 -0.0458557 -0.0340933
internal_weight=1080.88 23.6582 20.0054 18.3202 17.4298 6.86131 3.79607 3.30185 1.62759 10.5685 3.06524 9.34888 1.67935 0.967531 1057.23 6.08722 1.10251 1051.14 11.5753 9.36918 4.8306 3.35176 1039.56 2.09899 0.332452 1.76653 1037.09 11.1739 9.13352 8.44057
internal_count=465408 11925 9746 8633 1920 1349 1220 1154 497 571 129 505 82 74 453483 2949 571 450534 3474 2739 1602 1592 447060 1400 78 1322 446354 2963 2386 2326
is_linear=0
shrinkage=0.07


Tree=194
num_leaves=31
num_cat=0
split_feature=9 3 3 1 2 3 5 3 6 1 6 4 6 5 1 0 11 1 5 5 3 2 5 3 5 2 2 1 6 2
split_gain=0.532343 2.47766 2.20422 0.893098 1.45352 2.24091 1.04887 0.904387 1.28327 0.751534 1.16925 0.605719 3.01643 2.74776 5.02925 4.42173 3.57451 2.77807 3.62121 4.56017 4.95935 2.55963 4.13533 3.76744 3.66169 4.02307 3.62945 2.7763 2.47709 2.29446
threshold=2.5000000000000004 67.017543792724624 30.341388702392582 30.0684928894043 55.625879287719734 56.048780441284187 0.38750000298023229 57.659711837768562 90.967365264892592 25.677655220031742 92.921337127685561 1.0000000180025095e-35 97.603828430175795 1.0000000180025095e-35 51.316701889038093 85.145786285400405 1.0000000180025095e-35 68.703357696533217 0.61250001192092907 0.47222222387790685 80.735492706298842 76.253131866455092 0.19090909510850909 64.326763153076186 0.26136364042758947 73.746868133544936 90.595520019531264 84.660633087158217 91.693202972412124 74.833332061767592
decision_type=2 2 2 2 2 2 2 2 2 2 2 2 2 2 2 2 2 2 2 2 2 2 2 2 2 2 2 2 2 2
left_child=11 2 9 -4 -5 -6 7 -7 -9 10 -2 13 -13 14 -1 21 17 -17 19 -19 29 22 23 -15 -24 -26 27 28 -23 -21
right_child=1 -3 3 4 5 6 -8 8 -10 -11 -12 12 -14 15 -16 16 -18 18 -20 20 -22 26 24 -25 25 -27 -28 -29 -30 -31
leaf_value=-0.00067654376561776097 -0.041007558395706703 0.079193475904575719 0.075371755210395242 -0.079001764656581777 0.084244714987640745 -0.131675610084767 0.071749616736986044 -0.062990572195506411 0.072090851960076197 0.080645109752813207 0.075298707529676823 0.00032077903230297132 0.046803665779242096 -0.078471933897548585 0.054819072611851691 0.11079076764186599 -0.025641299970611549 0.074598308653855389 0.047488717675024501 -0.040011335848035158 -0.069223193540990546 -0.062931675331541759 0.054132534385497651 0.026671118792938965 0.0014647295436735093 -0.091364879438120855 0.087003241235943538 -0.32768496699880728 0.07099303849903478 0.038160494701332544
leaf_weight=140.1767893819096 0.90475227939623282 2.3443454669695702 0.40566218363619544 2.0886003310970409 0.99082490627415643 0.57039863587124351 0.37185975594547915 1.4679634380645437 0.45031824846955704 1.5658116791946666 0.79633539864153136 824.60490314397475 6.8979541436219725 7.3319289314449296 8.4861066672030443 1.4799274889659297 14.160560616957239 2.849041886921218 9.3422283451664025 2.7154195827210952 6.2835488648911459 13.673554097535405 4.9019456993657853 2.1623428185697549 12.666688250087768 2.7917989710263091 0.87489680858453844 0.18711728515472792 0.71196731756208542 5.7057298061581605
leaf_count=47650 17 2546 22 61 101 10 167 40 87 29 33 269427 11684 55034 5352 930 5800 791 2907 531 1092 16560 24126 2336 13963 2218 369 38 278 1209
internal_value=-1.82301e-05 0.0146699 -0.00106635 -0.0251176 -0.0319804 -0.00648058 -0.0379057 -0.0542905 -0.0312801 0.0456507 0.0134393 -0.000182672 0.00070639 -0.00330848 0.00249131 -0.0131243 0.0030837 0.0174185 0.0122808 -0.00645718 -0.0221617 -0.0283428 -0.0163741 -0.0545254 0.00141626 -0.0153003 -0.0514743 -0.0597881 -0.0563035 0.0129538
internal_weight=1079.96 11.9569 9.61253 6.34563 5.93997 3.85136 2.86054 2.48868 1.91828 3.2669 1.70109 1068 831.503 236.502 148.663 87.8387 42.5365 28.3759 26.896 17.5537 14.7047 45.3022 29.8547 9.49427 20.3604 15.4585 15.4475 14.5726 14.3855 8.42115
internal_count=465408 3113 567 488 466 405 304 137 127 79 50 462295 281111 181184 53002 128182 13260 7460 6530 3623 2832 114922 97677 57370 40307 16181 17245 16876 16838 1740
is_linear=0
shrinkage=0.07


Tree=195
num_leaves=31
num_cat=0
split_feature=7 6 6 0 0 2 8 8 8 8 0 7 6 8 8 2 0 0 0 8 8 6 8 6 2 11 0 0 2 8
split_gain=0.56989 2.42787 3.36734 4.71512 2.57174 3.28553 2.11311 2.10031 2.08214 1.93008 2.30891 1.75251 2.10445 1.97815 2.50372 2.34348 1.96033 1.8195 2.34346 1.82 2.79027 3.56564 2.53849 2.11788 1.90256 1.92064 2.03494 2.70365 3.26963 1.71785
threshold=85.794998168945327 95.529048919677749 96.315685272216811 85.523811340332045 84.680576324462905 36.51515197753907 0.81534090638160717 0.58578431606292736 0.69397994875907909 0.48999999463558203 29.818989753723148 86.683086395263686 92.356376647949233 0.21807064861059192 0.44722221791744238 95.488464355468764 43.534002304077156 22.401432991027836 26.006441116333011 0.28869047760963445 0.23205128312110904 83.75235748291017 0.25403225421905523 81.661396026611342 52.419982910156257 1.0000000180025095e-35 95.488464355468764 92.612083435058608 79.431911468505874 0.51315790414810192
decision_type=2 2 2 2 2 2 2 2 2 2 2 2 2 2 2 2 2 2 2 2 2 2 2 2 2 2 2 2 2 2
left_child=6 8 3 4 5 -3 -1 -7 11 10 -4 12 29 15 17 -13 -14 -15 -19 20 -20 -22 -23 -21 -25 -26 27 28 -27 -2
right_child=1 2 9 -5 -6 7 -8 -9 -10 -11 -12 13 16 14 -16 -17 -18 18 19 23 21 22 -24 24 25 26 -28 -29 -30 -31
leaf_value=-0.00083656173045977068 0.011028692012701386 -0.14183621894120066 0.1772328518258898 0.073209080649551783 -0.25218420057871016 -0.112781974503433 0.051673863611945765 0.0099478852973980143 0.043042858681602014 -0.003449771723993268 -0.0088708585696007872 -0.065062008673864788 0.37354762609324438 0.070289555943719231 -0.0048315675824611975 0.074863803586039196 0.096120743171309059 -0.068996746581729218 0.071932597223641426 0.086893722004236396 -0.090390976759806993 0.063645541942081552 -0.075228728549432369 -0.045211590436777589 0.074803617146859375 -0.044364468998505636 0.058439219641801786 -0.10333097651914486 0.077275726848201831 0.12615271631251823
leaf_weight=938.83178359630938 4.5404272934247265 1.8701437339186657 0.64468266069888958 1.1792411258520585 0.39859037940914266 0.96376288105966557 3.7702239040418126 2.3474574969513924 9.1044582096874347 41.912139162422136 0.66217999090440571 3.5364398325036737 0.15227651596069325 3.4609279520809677 36.35200792951764 0.70309526820346935 0.69176591587893199 1.4891344681382204 1.664211642746525 3.0381774250818152 2.6517147076738183 2.0912232343544024 0.93256199277675467 1.7785247752908606 3.6596256363482071 2.2325711131561548 3.2528942821663804 1.220011693658307 2.1024628863669932 0.7383944280554714
leaf_count=427594 437 14 3 1650 12 14 2344 237 2775 16390 50 132 1 24 8497 61 178 9 150 699 296 226 36 20 2988 30 350 26 54 111
internal_value=-1.65883e-05 0.0042305 -0.00802323 -0.0539686 -0.0808457 -0.067665 -0.00062653 -0.0257738 0.0114023 -0.000837652 0.0829351 0.00762621 0.0435419 0.0044921 0.00747265 -0.0418564 0.146172 0.0225968 0.0162758 0.0214327 -0.00777121 -0.0311425 0.0208155 0.033834 0.0225183 0.0321801 0.0144704 -0.0112767 0.0146302 0.0271321
internal_weight=1077.97 135.371 49.9782 6.7592 5.57995 5.18136 942.602 3.31122 85.3929 43.219 1.30686 76.2884 6.12286 70.1656 65.926 4.23954 0.844042 29.574 26.1131 24.624 7.33971 5.6755 3.02379 17.2843 14.2461 12.4676 8.80794 5.55505 4.33503 5.27882
internal_count=465408 35470 18370 1927 277 265 429938 251 17100 16443 53 14325 727 13598 13405 193 179 4908 4884 4875 708 558 262 4167 3468 3448 460 110 84 548
is_linear=0
shrinkage=0.07


Tree=196
num_leaves=31
num_cat=0
split_feature=0 0 0 1 1 6 8 1 5 6 3 6 1 11 5 11 1 3 5 3 1 5 5 3 5 5 4 0 4 0
split_gain=0.506495 4.8671 3.15337 3.08551 2.451 2.42081 2.73967 2.77702 4.37612 2.51776 3.53598 4.07691 3.36441 5.00922 2.38606 2.35148 2.30211 4.57918 9.80912 6.906 4.98977 4.39168 3.57184 3.51397 5.63986 5.1075 4.74581 6.4236 3.9513 3.28756
threshold=89.022754669189467 89.512962341308608 89.699382781982436 85.145786285400405 70.064933776855483 85.349594116210952 0.48999999463558203 91.704891204833999 0.73214286565780651 92.921337127685561 84.660633087158217 92.356376647949233 88.047618865966811 1.0000000180025095e-35 0.78888890147209179 1.0000000180025095e-35 71.50376129150392 77.836257934570327 0.5634920895099641 78.456192016601577 87.570224761962905 0.61250001192092907 0.47222222387790685 69.614067077636733 0.20714285969734195 0.58571431040763866 1.0000000180025095e-35 78.611557006835952 1.0000000180025095e-35 76.50690078735353
decision_type=2 2 2 2 2 2 2 2 2 2 2 2 2 2 2 2 2 2 2 2 2 2 2 2 2 2 2 2 2 2
left_child=16 15 3 4 -3 -4 -7 8 -8 10 11 -10 13 -12 -14 -2 23 21 19 -19 -20 -18 -21 25 -25 -1 -27 29 -26 -28
right_child=1 2 5 -5 -6 6 7 -9 9 -11 12 -13 14 -15 -16 -17 17 18 20 22 -22 -23 -24 24 28 26 27 -29 -30 -31
leaf_value=-0.00066277642800816256 -0.032362037824598865 -0.030310366132951811 -0.0021962411986271514 -0.0075457123943044619 0.14427486091675704 0.042942281151682957 0.020645024900957272 0.057673109459643275 0.074490759721173749 -0.02079269285059648 -0.084539011784840121 -0.2866038846376987 0.0712538125114235 -0.44670878136890485 -0.16539887541567586 -0.11646203436675781 0.017046366882305732 -0.070576807130091582 -0.050715955995805556 0.0032913744028722708 0.031802813262751146 0.095633524655978408 0.038796812306060462 0.054974114007161595 -0.078221712099537558 -0.045809314684767011 0.043601237469976545 0.093111464668774846 -0.017393325650564537 -0.09854269629523614
leaf_weight=267.74228544262934 8.9625905408861364 0.49073671650273754 522.93521530600594 1.9598140678226625 1.9993720804661732 12.593591439990631 10.658823864044285 3.6864107451538066 0.76596061197051168 5.4762126721770983 0.35387813168927074 0.19151704206160503 0.33902165188919753 0.39713085722178221 0.54334768666376476 1.9909825929644291 74.077368619083018 4.4756301347615581 22.73469698171289 29.867750306930702 4.2640884280935998 3.6563472512698345 25.942330597637238 4.8026781249774322 5.9044981912544463 2.4608076069343356 1.6935966252881383 8.462892347176874 45.988337494293091 1.5064849133641471
leaf_count=337964 636 106 34723 158 220 4769 8447 19427 257 3221 153 28 262 6 101 875 17517 688 2810 4546 231 201 2674 3155 4868 483 167 688 15958 69
internal_value=-1.25247e-05 -0.00143524 -0.000535158 0.0581575 0.109869 -0.00100327 0.016818 0.00213855 -0.00879408 -0.0476913 -0.104546 0.00226372 -0.167157 -0.276053 -0.0744728 -0.0476485 0.0016073 0.00838651 -0.00261778 0.0130862 -0.0376832 0.0207429 0.0197955 -0.00169696 -0.017598 0.00150143 0.0425279 0.0611664 -0.0243145 -0.0233151
internal_weight=1076.92 573.345 562.391 4.44992 2.49011 557.941 35.0059 22.4123 18.7259 8.06707 2.59086 0.957478 1.63338 0.751009 0.882369 10.9536 503.58 165.018 87.2845 60.2857 26.9988 77.7337 55.8101 338.562 56.6955 281.866 14.1238 11.663 51.8928 3.20008
internal_count=465408 73389 71878 484 326 71394 36671 31902 12475 4028 807 285 522 159 363 1511 392019 28667 10949 7908 3041 17718 7220 363352 23981 339371 1407 924 20826 236
is_linear=0
shrinkage=0.07


Tree=197
num_leaves=31
num_cat=0
split_feature=12 12 6 12 8 5 5 12 8 0 6 7 0 5 0 0 0 0 7 0 7 4 9 8 5 8 7 7 0 0
split_gain=0.520183 3.11336 3.6416 2.59802 5.21867 3.35618 3.26518 3.10325 5.57114 3.08236 3.42997 3.06519 3.03811 3.66939 3.75833 3.67853 10.0636 2.96967 2.80679 2.75556 2.67244 2.71287 4.23664 2.99949 2.66175 4.0738 3.69678 3.29583 2.58998 4.33976
threshold=11.500000000000002 9.5000000000000018 68.996032714843764 6.5000000000000009 0.71825397014617931 0.5634920895099641 0.47222222387790685 5.5000000000000009 0.11834733933210374 87.026645660400405 66.866264343261733 86.683086395263686 87.585617065429702 0.41428571939468389 90.366767883300795 93.788581848144545 93.419914245605483 91.734970092773452 68.013607025146499 94.494949340820327 65.396709442138686 1.0000000180025095e-35 1.0000000180025095e-35 0.29520697891712194 0.61250001192092907 0.18019481003284457 78.135349273681655 83.177082061767592 83.424911499023452 88.493064880371108
decision_type=2 2 2 2 2 2 2 2 2 2 2 2 2 2 2 2 2 2 2 2 2 2 2 2 2 2 2 2 2 2
left_child=1 3 -3 5 9 6 -1 -7 28 10 -5 24 -11 -14 -15 16 17 -16 20 -17 21 22 -8 -23 -10 -26 -27 -28 -9 -30
right_child=-2 2 -4 4 -6 7 18 8 11 12 -12 -13 13 14 15 19 -18 -19 -20 -21 -22 23 -24 -25 25 26 27 -29 29 -31
leaf_value=-0.0016841013421890346 0.0018624875637185377 -0.017496575388561239 0.014982595411405805 0.071241184675693472 -0.037943904886769859 0.010807669296837031 -0.070876733526293562 -0.044869918397138518 -0.070535469519241389 -0.085534309095825031 0.019811069073276597 0.019178221893778446 -0.11770709625909152 0.072781440331939673 -0.038082102491982135 0.12442812705874218 -0.20195186114124988 0.043928980991764691 0.045087380444171016 0.016573355570792828 -0.063252018562453868 0.013096909779443564 0.058511058075044878 0.11821128481655538 -0.11362740454368019 0.061937020754454328 -0.24901719982428655 0.073593174656730126 0.032351404387772661 -0.01265308547884314
leaf_weight=247.53529084363402 434.15531631121439 94.683145218098048 20.594455152324372 9.6295587433586451 8.6521301387274416 24.157019925836266 4.3161377345248857 7.7753469662147827 15.5962640408352 1.6729120171848979 18.680191112674947 3.01926553119847 1.05330055406307 4.7446389627807539 4.7186444505618965 1.2390477326921452 1.4116433821109247 3.9954363143465343 12.169805457238906 18.361510979081231 2.4324535126797846 69.651751994901133 1.7399030397041313 1.3561042881337915 1.3795481189972623 2.9012911875288414 0.39604621081161884 0.25512494744543801 13.826504827506367 43.626621400897193
leaf_count=353684 57266 11325 6542 2232 1668 4899 4598 1789 661 75 1075 833 183 262 392 141 52 213 1039 1824 55 8274 119 32 26 204 51 64 2787 3043
internal_value=-8.73333e-06 -0.001275 -0.0116941 0.00100717 0.0131511 -0.000984664 0.00249525 -0.0114368 -0.0174898 0.0198997 0.037305 -0.0466753 0.00665291 0.0109942 0.0149268 0.0056926 -0.0285673 -0.000479736 0.0137812 0.0233914 0.00898861 0.0112688 -0.0337036 0.0151044 -0.056361 -0.0115377 0.0281074 -0.12262 -0.00695377 -0.00182243
internal_weight=1075.73 641.571 115.278 526.293 74.159 452.134 339.201 112.933 88.776 65.5069 28.3097 23.5475 37.1971 35.5242 34.4709 29.7263 10.1257 8.71408 91.6662 19.6006 79.4964 77.0639 6.05604 71.0079 20.5283 4.93201 3.55246 0.651171 65.2285 57.4531
internal_count=465408 408142 17867 390275 8117 382158 367801 14357 9458 6449 3307 1839 3142 3067 2884 2622 657 605 14117 1965 13078 13023 4717 8306 1006 345 319 115 7619 5830
is_linear=0
shrinkage=0.07


Tree=198
num_leaves=31
num_cat=0
split_feature=3 5 0 2 2 2 6 3 0 0 5 3 5 5 2 2 12 6 0 8 2 2 2 3 6 6 3 3 3 3
split_gain=0.547156 4.21991 2.8538 3.15238 2.45422 4.28686 2.20596 1.99249 3.15933 2.37728 1.98478 1.96642 5.55087 2.37388 2.30582 2.9179 1.91862 5.11508 5.04108 2.53612 2.49568 4.56005 3.69263 2.11478 1.9701 3.67326 2.1004 1.91611 1.90105 1.83005
threshold=91.010101318359389 0.81666666269302379 92.612083435058608 89.825496673583999 93.419914245605483 94.494949340820327 66.866264343261733 91.331184387207045 93.127067565917983 92.893215179443374 0.70714285969734203 92.390407562255874 0.70714285969734203 0.58571431040763866 97.01425933837892 97.100841522216811 12.500000000000002 68.996032714843764 93.127067565917983 0.028991596773266796 95.713413238525405 93.643951416015639 92.907444000244155 98.07621002197267 75.343498229980483 82.78556060791017 97.915760040283217 92.031745910644545 97.467948913574233 83.910789489746108
decision_type=2 2 2 2 2 2 2 2 2 2 2 2 2 2 2 2 2 2 2 2 2 2 2 2 2 2 2 2 2 2
left_child=1 29 4 6 10 -6 -4 8 -5 -9 -2 12 -11 14 28 -16 17 19 -18 -15 21 22 -21 24 26 -26 -20 -14 -13 -1
right_child=2 -3 3 7 5 -7 -8 9 -10 11 -12 13 27 16 15 -17 18 -19 23 20 -22 -23 -24 -25 25 -27 -28 -29 -30 -31
leaf_value=0.00021306645292149513 0.059807520931800653 0.031780805954497483 -0.05385749593318493 -0.077410267114204748 -0.070453225117481727 0.032735812466644844 0.07867380303585246 0.078584678467148492 0.082634028016039682 -0.08342863555976289 -0.11084855482103702 0.069891393592715345 -0.0093579659752901483 -0.00026488213362278713 -0.34412534211500895 0.034951896368510177 -0.38370386101132109 0.070976790677459045 0.022630721241194151 0.029884313332919576 -0.038882545992590924 0.078151900874444125 -0.14766902112516325 0.046115493572537289 -0.1828187811458922 0.02068115799296303 -0.16906394330638877 0.074234099377554527 -0.095126324169777648 -0.0076570336382949956
leaf_weight=681.00820076787863 9.3563519036906655 19.127365534360251 7.2531504270091309 0.74747278074209988 2.7303700902448309 7.1092961498161458 0.67245426662157104 1.930750372366673 3.1571037402718503 4.9424755073332545 0.34629748103361713 5.0378959099216436 4.6215971221317886 93.193778240983193 0.16226211013236014 0.25722320537897758 0.14974991749386646 4.4665932799889552 7.5141075762076088 1.1918575490490213 17.540786925582324 2.7332510457090393 1.1070687991959856 10.22248966248935 0.75836046225231246 1.0181466360900229 0.29092058083915606 1.8944218919023113 0.36700086152086431 183.8649900480184
leaf_count=411229 1108 4619 163 29 227 784 444 306 456 492 12 1093 754 3424 11 94 82 5873 573 46 617 101 23 10617 388 4088 31 382 63 17279
internal_value=-7.0959e-06 -0.000740811 0.00339278 0.000500447 0.0287355 0.00410229 -0.0426128 0.00259284 0.0519959 0.00138269 0.0537166 0.000436111 -0.0274872 0.00262744 0.0464163 -0.11168 0.000808137 -0.00252796 0.0209101 -0.00536397 -0.0264158 0.0170397 -0.0556181 0.0239696 0.000342263 -0.0661895 0.0154856 0.014945 0.0586864 -0.00146005
internal_weight=1074.77 884.001 190.773 171.231 19.5423 9.83967 7.9256 163.305 3.90458 159.401 9.70265 157.47 11.4585 146.011 5.82438 0.419485 140.187 120.233 19.9538 115.767 22.573 5.03218 2.29893 19.804 9.58154 1.77651 7.80503 6.51602 5.4049 864.873
internal_count=465408 433127 32281 30150 2131 1011 607 29543 485 29058 1120 28752 1628 27124 1261 105 25863 10084 15779 4211 787 170 69 15697 5080 4476 604 1136 1156 428508
is_linear=0
shrinkage=0.07


Tree=199
num_leaves=31
num_cat=0
split_feature=2 0 5 7 7 4 8 8 9 7 3 5 7 2 0 0 3 3 3 3 2 0 0 2 3 7 5 5 0 2
split_gain=0.525104 2.22971 3.22952 1.83544 1.8096 2.93919 5.20771 3.11683 2.55195 2.68714 3.60847 2.01183 2.33742 2.23257 4.19477 38.0041 51.49 2.72608 5.63905 4.2958 3.83297 2.86731 3.95409 3.39898 2.54763 7.19193 6.82731 5.58806 6.00204 4.19912
threshold=79.431911468505874 71.010189056396499 0.38750000298023229 78.135349273681655 59.66327095031739 1.0000000180025095e-35 0.30217391252517706 0.44722221791744238 1.5000000000000002 56.021978378295906 85.349594116210952 0.31666667759418493 55.585266113281257 77.849929809570327 74.115688323974624 74.037036895751967 68.457099914550795 63.859338760375984 63.100687026977546 62.889245986938484 77.303031921386733 79.095325469970717 75.582656860351577 72.04651260375978 79.823009490966811 54.589801788330085 0.5634920895099641 0.5634920895099641 83.424911499023452 72.438781738281264
decision_type=2 2 2 2 2 2 2 2 2 2 2 2 2 2 2 2 2 2 2 2 2 2 2 2 2 2 2 2 2 2
left_child=4 2 3 -2 5 7 8 -1 9 11 -11 -7 13 17 15 -15 -17 18 19 20 21 22 23 -13 27 26 29 -19 -29 -26
right_child=1 -3 -4 -5 -6 6 -8 -9 -10 10 -12 12 -14 14 -16 16 -18 24 -20 -21 -22 -23 -24 -25 25 -27 -28 28 -30 -31
leaf_value=-0.048152677896406731 0.006005262822603448 0.0005983762928544041 0.16962764119494347 0.07650831384766113 0.0012473915958002885 -0.056590729534701192 0.10972947613837307 0.059337601665494948 0.10916689194647491 -0.061252137828951031 0.22849001507860781 0.014918517165841862 0.13129683605494255 0.033190662483320595 -0.04761252223893081 -0.070660562897952972 6.4939320692369673 -0.03750779893442252 0.11126993176752295 -0.29652458372764179 0.16742977894793387 -0.035754761194160149 0.07733012068864209 -0.080283416356363921 -0.10308627233930802 0.61501400259861638 -0.058944658726628019 -0.05107537544953715 0.045159694221986346 0.12180348925591254
leaf_weight=13.902546902685115 8.0699136029380671 707.52280741185314 0.77846640203620232 2.3322496377695652 240.49794258433849 3.5860317829487789 1.9004901032167243 1.460695968416984 0.91365243204063418 6.3411430046235173 0.21785428008297447 12.870187957799347 0.6296435532894965 0.65613641131903833 9.2494897113665484 0.012983237879552689 0.010663142542853166 24.835933157898126 2.7941355172617923 0.22691258978193118 0.73083679008254776 6.3988958067077411 4.3187900578158169 2.1436830400357385 0.47504301823619188 0.10167043688124966 2.8047771633021057 4.5276652420523069 10.63432505493847 2.8333204276582364
leaf_count=149275 5640 107002 127 1222 16218 135547 38 29 109 3455 4 11286 165 823 2321 50 19 20102 1487 305 253 1980 1504 1967 102 24 966 1409 1490 489
internal_value=4.56225e-07 0.00108851 0.0321044 0.0218126 -0.00220185 -0.0094418 -0.00503 -0.0379328 -0.00727119 -0.00837476 -0.0516285 -0.00521695 -0.0030811 -0.00406924 -0.0352781 0.132551 2.88959 2.45049e-05 0.0166556 0.00675035 0.0093509 0.00486109 0.0183045 0.00132557 -0.0105861 0.0311096 0.0213984 -0.0170646 0.016422 0.0895119
internal_weight=1073.78 718.703 11.1806 10.4022 355.075 114.578 99.2143 15.3632 97.3138 96.4001 6.559 89.8411 86.2551 85.6254 9.92927 0.679783 0.0236464 75.6962 29.4834 26.6893 26.4624 25.7316 19.3327 15.0139 46.2127 6.21481 6.11314 39.9979 15.162 3.30836
internal_count=465408 113991 6989 6862 351417 335199 185895 149304 185857 185748 3459 182289 46742 46577 3213 892 69 43364 18782 17295 16990 16737 14757 13253 24582 1581 1557 23001 2899 591
is_linear=0
shrinkage=0.07


end of trees

feature_importances:
Column_2=697
Column_3=648
Column_1=644
Column_5=609
Column_6=607
Column_0=603
Column_7=592
Column_8=544
Column_12=464
Column_11=268
Column_9=169
Column_4=129
Column_10=26

parameters:
[boosting: gbdt]
[objective: binary]
[metric: binary_logloss]
[tree_learner: serial]
[device_type: cpu]
[data_sample_strategy: bagging]
[data: ]
[valid: ]
[num_iterations: 200]
[learning_rate: 0.07]
[num_leaves: 31]
[num_threads: 4]
[seed: 42]
[deterministic: 0]
[force_col_wise: 0]
[force_row_wise: 0]
[histogram_pool_size: -1]
[max_depth: -1]
[min_data_in_leaf: 20]
[min_sum_hessian_in_leaf: 0.001]
[bagging_fraction: 0.8]
[pos_bagging_fraction: 1]
[neg_bagging_fraction: 1]
[bagging_freq: 0]
[bagging_seed: 400]
[bagging_by_query: 0]
[feature_fraction: 0.8]
[feature_fraction_bynode: 1]
[feature_fraction_seed: 30056]
[extra_trees: 0]
[extra_seed: 12879]
[early_stopping_round: 0]
[early_stopping_min_delta: 0]
[first_metric_only: 0]
[max_delta_step: 0]
[lambda_l1: 0]
[lambda_l2: 0]
[linear_lambda: 0]
[min_gain_to_split: 0]
[drop_rate: 0.1]
[max_drop: 50]
[skip_drop: 0.5]
[xgboost_dart_mode: 0]
[uniform_drop: 0]
[drop_seed: 17869]
[top_rate: 0.2]
[other_rate: 0.1]
[min_data_per_group: 100]
[max_cat_threshold: 32]
[cat_l2: 10]
[cat_smooth: 10]
[max_cat_to_onehot: 4]
[top_k: 20]
[monotone_constraints: ]
[monotone_constraints_method: basic]
[monotone_penalty: 0]
[feature_contri: ]
[forcedsplits_filename: ]
[refit_decay_rate: 0.9]
[cegb_tradeoff: 1]
[cegb_penalty_split: 0]
[cegb_penalty_feature_lazy: ]
[cegb_penalty_feature_coupled: ]
[path_smooth: 0]
[interaction_constraints: ]
[verbosity: -1]
[saved_feature_importance_type: 0]
[use_quantized_grad: 0]
[num_grad_quant_bins: 4]
[quant_train_renew_leaf: 0]
[stochastic_rounding: 1]
[linear_tree: 0]
[max_bin: 255]
[max_bin_by_feature: ]
[min_data_in_bin: 3]
[bin_construct_sample_cnt: 200000]
[data_random_seed: 175]
[is_enable_sparse: 1]
[enable_bundle: 1]
[use_missing: 1]
[zero_as_missing: 0]
[feature_pre_filter: 1]
[pre_partition: 0]
[two_round: 0]
[header: 0]
[label_column: ]
[weight_column: ]
[group_column: ]
[ignore_column: ]
[categorical_feature: ]
[forcedbins_filename: ]
[precise_float_parser: 0]
[parser_config_file: ]
[objective_seed: 16083]
[num_class: 1]
[is_unbalance: 0]
[scale_pos_weight: 1]
[sigmoid: 1]
[boost_from_average: 1]
[reg_sqrt: 0]
[alpha: 0.9]
[fair_c: 1]
[poisson_max_delta_step: 0.7]
[tweedie_variance_power: 1.5]
[lambdarank_truncation_level: 30]
[lambdarank_norm: 1]
[label_gain: ]
[lambdarank_position_bias_regularization: 0]
[eval_at: ]
[multi_error_top_k: 1]
[auc_mu_weights: ]
[num_machines: 1]
[local_listen_port: 12400]
[time_out: 120]
[machine_list_filename: ]
[machines: ]
[gpu_platform_id: -1]
[gpu_device_id: -1]
[gpu_device_id_list: ]
[gpu_use_dp: 0]
[num_gpu: 1]

end of parameters

pandas_categorical:null
